"","Position","Samples","Starch","Total.Polysaccharides","WSP","Glucose","Fructose","Sucrose","Total.Sugar","Inbred","Edit"
"1","1015","14W30518-1",-4.4642067,17.8829308,20.4851608,6.4463325,7.0560236,15.5384407,32.710495,"IL802b","Starch Zeroed"
"2","3106","14W31555-2",-4.3919125,5.5553284,2.9118676,9.2388906,8.2679749,23.2289848,41.6936722,"Wuh09144i","Starch Zeroed"
"3","1070","14W30732-1",-4.3720474,17.5666428,22.9608612,6.9325819,6.4945698,14.7680626,31.4316711,"IL747b","Starch Zeroed"
"4","1413","14W31549-1",-3.5861664,16.3649864,18.3765259,6.5257993,7.6643171,14.4116898,29.9476242,"Il677a","Starch Zeroed"
"5","3022","14W30946-1",-3.3021765,5.9970036,2.7786021,9.0832644,8.2843533,23.6200142,41.9364471,"Wuh07183i","Starch Zeroed"
"6","3164","14W32029-1",-3.2433522,5.4087257,3.6251664,9.1982422,8.253334,22.7510319,41.3449173,"Wuh09150i","Starch Zeroed"
"7","1412","14W31549",-3.2429466,31.2460022,35.1006393,4.2087159,2.3819094,4.2266426,7.585247,"Il677a","Starch Zeroed"
"8","1400","14W31527",-2.879425,29.1838188,33.9226151,3.3405886,2.40167,3.1062737,4.6798363,"IL778c","Starch Zeroed"
"9","3078","14W31432-1",-2.8403509,15.057024,0.096168,9.3555365,8.1854477,23.6111832,41.0309143,"Wh10046R","Starch Nulled"
"10","3027","14W31062-1",-2.5680156,6.5016704,2.9334922,8.9455051,8.1259003,22.5896721,40.6740112,"Wuh09170i","Starch Zeroed"
"11","3199","14W32144-1",-2.5223897,4.9865913,2.9697175,8.8801432,8.2842321,23.4074478,41.69244,"Wh09117R","Starch Zeroed"
"12","3075","14W31357-2",-2.3849702,9.1548014,1.7899466,9.0719442,8.1877747,23.5832424,41.3918724,"Wh05032a","Starch Zeroed"
"13","3053","14W31273-1",-2.2852988,5.8802185,2.6241407,8.7727833,8.0341959,23.156435,40.9075127,"R839","Starch Zeroed"
"14","1497","14W31731-2",-2.0135231,22.2394142,25.2611465,4.9413767,4.3160505,12.3099556,22.5142632,"IL802b","Starch Zeroed"
"15","3214","14W32265-1",-2.0082355,10.9429226,1.2344973,9.0632715,8.1619978,23.7192001,41.2984848,"Wh05032a","Starch Zeroed"
"16","3184","14W32077-1",-1.9651561,7.7145343,2.6346941,8.9438553,8.1047602,22.9241066,40.8140221,"Wuh07183i","Starch Zeroed"
"17","654","14NY0606",-1.804657,25.0265999,27.3358307,5.3811131,5.8110089,22.9210434,33.5462112,"IL731a","Starch Zeroed"
"18","3140","14W31866-1",-1.7881713,8.1609325,2.2706351,8.8418999,7.990067,22.7485981,40.3216629,"If853","Starch Zeroed"
"19","3092","14W31513-1",-1.7678204,5.7250443,2.9447179,8.8329811,8.2315941,23.1902447,41.3365402,"Wh09117R","Starch Zeroed"
"20","1248","14W31128-1",-1.6189194,13.9617805,12.1435013,9.6374617,9.3552322,16.1633911,35.7288666,"Check1","Starch Nulled"
"21","3188","14W32109-1",-1.5503063,8.2406693,2.5536222,8.8682117,8.0160999,22.5873013,40.2964134,"Wuh09150i","Starch Zeroed"
"22","1020","14W30528-1",-1.5312119,24.2004356,25.1714401,5.0387163,6.1230502,17.0429077,28.5503159,"IL778c","Starch Zeroed"
"23","3103","14W31546-2",-1.5015149,5.6533465,2.8639326,8.6417589,8.0832634,23.0030727,40.8253098,"Wuh09170i","Starch Zeroed"
"24","3085","14W31467-1",-1.3114796,12.8828831,0.734256,8.7941236,7.8362789,22.7162189,39.5523529,"Wh07013","Starch Zeroed"
"25","1246","14W31126-1",-1.2011261,16.3827019,15.9999161,7.9295521,8.2085047,18.3210144,35.5143929,"We05408","Starch Zeroed"
"26","1092","14W30836-1",-0.9344597,12.5565491,11.0314255,9.7055206,9.3117638,16.2731667,37.0745468,"Check1","Starch Nulled"
"27","1794","14W32476",-0.8887939,32.1598663,33.8788834,3.7389987,3.4219706,5.8003235,10.4601879,"IL772a","Starch Zeroed"
"28","3130","14W31726-2",-0.817297,5.7712069,3.3969536,8.7980671,8.1712246,22.9679394,41.0703964,"M6415","Starch Zeroed"
"29","3152","14W31920-1",-0.5595937,7.475441,2.7148399,8.6298256,7.9694819,22.3354206,39.9098015,"Wh03031","Starch Zeroed"
"30","3054","14W31277-1",-0.5151057,4.2066145,3.5088305,8.5165024,7.9333797,22.6602192,40.3195877,"34f","Starch Nulled"
"31","2462","15W2407-1",-0.5091324,20.4875374,20.581665,7.2880912,7.4916654,18.7857018,34.552021,"We05401","Starch Zeroed"
"32","3059","14W31313-1",-0.3248696,12.9306345,1.2219563,8.677269,7.6066108,21.5487175,38.1089325,"Wh09083","Starch Zeroed"
"33","1543","14W31845-1",-0.2543945,1.5835838,-1.2536163,10.3123455,9.1532326,15.299408,37.6907539,"Ma609","Starch Zeroed"
"34","1055","14W30715-1",-0.1906662,12.1298676,9.4855499,8.9148893,9.5486898,25.2594376,42.3977051,"Jubileeex9017","Starch Zeroed"
"35","958","14W30301-1",-0.1824875,15.6413155,14.3584824,6.8057122,7.459949,8.1597443,25.125206,"IL747b","Starch Zeroed"
"36","1746","14W32341",-0.1477852,24.9099846,26.5711899,5.7542319,3.8084197,-2.4399567,1.3515921,"EP58","Starch Zeroed"
"37","1706","14W32264-1",-0.1099968,22.3481598,21.9632111,4.4770322,5.6019607,12.246582,23.3180656,"IL731a","Starch Nulled"
"38","3052","14W31264-1",-0.0842018,6.9904041,3.0633712,8.5480404,7.7776222,22.0388508,39.3408966,"Wuh09149i","Starch Zeroed"
"39","3115","14W31659-1",-0.0831137,7.9548464,3.0668316,8.6409054,7.8222575,21.7630234,39.2023773,"Wh07020a","Starch Zeroed"
"40","370","14NY0353-1",-0.0040321,21.6043015,23.1972656,5.7096567,6.2628036,24.4551048,36.9181137,"IL766a","Starch Zeroed"
"41","2832","14NY0344-1",3.2842245,-4.6411934,-5.098444,7.4276948,8.7175455,36.7051735,52.8431778,"Wuh98032","Total.Polysaccharides Zeroed"
"42","2819","14NY0322-2",4.4202423,-3.641716,-4.227766,7.2706604,8.4219131,34.6679268,50.5108719,"Wuh09164i","Total.Polysaccharides Zeroed"
"43","2897","14NY0627-1",3.7432165,-3.160974,-4.9963579,7.3507967,8.685317,36.1193008,52.1150436,"Wh00065","Total.Polysaccharides Zeroed"
"44","2919","14NY0666-2",2.7438574,-3.0583668,-4.1874485,7.5285826,8.5876551,34.8276749,51.0261383,"Wh01001","Total.Polysaccharides Nulled"
"45","2753","14NY0157-1",3.650898,-2.9020104,-4.0080113,7.3371968,8.4928226,34.5764389,50.5476074,"Wh05051","Total.Polysaccharides Zeroed"
"46","2790","14NY0269-2",3.0927916,-2.6985154,-3.3427477,7.507308,8.4773083,33.6076355,49.8410645,"Wh10049R","Total.Polysaccharides Nulled"
"47","2818","14NY0322",9.4208517,-1.5693431,-4.7536964,6.466732,7.9400568,33.8754845,48.3424034,"Wuh09164i","Total.Polysaccharides Zeroed"
"48","2801","14NY0294-2",3.5693779,-1.3927941,-4.6534472,7.413444,8.4690952,34.4743271,50.2772064,"Wh07013","Total.Polysaccharides Zeroed"
"49","2775","14NY0226-1",2.8290081,-1.1222105,-4.5052643,7.3801594,8.5593367,34.4977646,50.4153252,"Wh07165R","Total.Polysaccharides Zeroed"
"50","2754","14NY0157-2",4.7725201,-1.0084286,-3.4441233,7.1283898,8.1844254,32.7070541,48.2033081,"Wh05051","Total.Polysaccharides Zeroed"
"51","2958","14NY0748-2",3.1155844,-0.6743412,-4.4535985,7.4206905,8.518899,34.2011108,50.0962753,"Wh07165R","Total.Polysaccharides Zeroed"
"52","2799","14NY0292-2",6.5346718,-0.6042533,-4.9015779,6.8773584,8.2440882,34.234623,49.298912,"Wh05066a","Total.Polysaccharides Zeroed"
"53","2932","14NY0693-1",8.8352356,-0.4687672,-4.9140072,6.7036667,8.0212059,33.9593658,48.6185532,"Wuh98032","Total.Polysaccharides Zeroed"
"54","2858","14NY0537-2",4.6290016,-0.4361405,-4.0575724,7.0637531,8.3726254,33.6799011,49.2078362,"Wh05051","Total.Polysaccharides Zeroed"
"55","2947","14NY0729-2",5.5669174,-0.4173121,-4.5636988,7.1546516,8.3589611,34.1200676,49.5783615,"Wh10113R","Total.Polysaccharides Zeroed"
"56","2882","14NY0600-1",4.9443407,-0.4136028,-3.5357265,7.3915482,8.2857552,32.8125496,48.5961571,"Wh07020a","Total.Polysaccharides Zeroed"
"57","2811","14NY0308-2",5.725913,-0.2809501,-4.5320225,7.1214247,8.3410587,34.0511322,49.4669762,"Wh10113R","Total.Polysaccharides Zeroed"
"58","541","14NY0508",23.32827,1.4946327,-22.6514587,11.0399799,7.3504086,-11.1202412,15.27458,"Check1","WSP Nulled"
"59","946","14NY0873",45.7703171,35.7124557,-14.251976,6.2315307,8.0018387,-2.9234924,11.0519543,"A7","WSP Zeroed"
"60","947","14NY0873-1",46.0988579,36.0317612,-14.2286835,6.2647729,7.947413,-3.0304413,10.8873043,"A7","WSP Zeroed"
"61","948","14NY0873-2",43.6019287,34.8346405,-12.5129089,5.6689725,7.1670918,-1.4410934,12.10952,"A7","WSP Zeroed"
"62","901","14NY0846-1",49.9397545,38.5896912,-11.6578979,0.3508595,5.3388939,18.6074371,14.4388046,"IL14b","WSP Nulled"
"63","192","14NY0163-2",18.4159241,10.2226944,-10.5550308,8.6736488,6.7864461,-5.211607,14.4651642,"S4","WSP Nulled"
"64","429","14NY0420-1",56.9475784,50.8366165,-8.9338379,1.0378677,5.0530405,3.7852287,6.0060959,"A7","WSP Nulled"
"65","1096","14W30840-2",43.270546,36.5774689,-7.6333847,3.1619601,3.5940158,3.9708519,11.5637341,"ND1","WSP Zeroed"
"66","2231","15NY0695",47.3461533,40.4933701,-7.3645859,5.2237048,7.2925138,7.9496155,9.1795006,"MDM-20","WSP Zeroed"
"67","771","14NY0722-1",12.176548,5.1544724,-6.1374207,8.4982185,10.5877285,17.3802452,38.2405548,"Wh1095407-2","WSP Zeroed"
"68","656","14NY0607-2",19.8715782,14.4807434,-5.6918411,9.8884459,8.9489012,8.8544617,30.6188774,"I817","WSP Zeroed"
"69","2832","14NY0344-1",3.2842245,0,-5.098444,7.4276948,8.7175455,36.7051735,52.8431778,"Wuh98032","WSP Zeroed"
"70","2897","14NY0627-1",3.7432165,0,-4.9963579,7.3507967,8.685317,36.1193008,52.1150436,"Wh00065","WSP Zeroed"
"71","2932","14NY0693-1",8.8352356,0,-4.9140072,6.7036667,8.0212059,33.9593658,48.6185532,"Wuh98032","WSP Zeroed"
"72","2799","14NY0292-2",6.5346718,0,-4.9015779,6.8773584,8.2440882,34.234623,49.298912,"Wh05066a","WSP Nulled"
"73","2818","14NY0322",9.4208517,0,-4.7536964,6.466732,7.9400568,33.8754845,48.3424034,"Wuh09164i","WSP Zeroed"
"74","2910","14NY0643-2",8.2037029,0.843261,-4.7279406,6.6986403,8.1426506,33.5793381,48.3713684,"Wh07061a","WSP Zeroed"
"75","2801","14NY0294-2",3.5693779,0,-4.6534472,7.413444,8.4690952,34.4743271,50.2772064,"Wh07013","WSP Zeroed"
"76","2947","14NY0729-2",5.5669174,0,-4.5636988,7.1546516,8.3589611,34.1200676,49.5783615,"Wh10113R","WSP Nulled"
"77","2905","14NY0634-1",8.6139107,1.9613087,-4.5449343,6.5659857,7.9526682,32.5416679,47.010704,"Wh05066a","WSP Nulled"
"78","2811","14NY0308-2",5.725913,0,-4.5320225,7.1214247,8.3410587,34.0511322,49.4669762,"Wh10113R","WSP Nulled"
"79","2775","14NY0226-1",2.8290081,0,-4.5052643,7.3801594,8.5593367,34.4977646,50.4153252,"Wh07165R","WSP Zeroed"
"80","2958","14NY0748-2",3.1155844,0,-4.4535985,7.4206905,8.518899,34.2011108,50.0962753,"Wh07165R","WSP Zeroed"
"81","2823","14NY0325-2",15.5790052,7.4103193,-4.4383087,5.8204284,7.1858654,29.3477764,42.1875572,"Wh10080","WSP Zeroed"
"82","2759","14NY0170",9.8685708,3.67906995,-4.41500855,6.6164634,7.68480205,31.3133745,45.46811675,"Wuh09098i","WSP Zeroed"
"83","2746","14NY0142-2",7.4658928,1.7225413,-4.4121103,6.8154063,8.0818281,32.6901855,47.5281906,"Wh93017","WSP Nulled"
"84","3493","15W3146-2",12.57472035,5.37471435,-4.37679815,6.09197595,7.50465465,30.59172345,44.09243015,"Wh10080","WSP Zeroed"
"85","2822","14NY0325-1",13.2561941,5.8919501,-4.3767147,6.1352396,7.4334936,30.1945877,43.6224289,"Wh10080","WSP Zeroed"
"86","2797","14NY0284-2",13.4075861,6.0186157,-4.3428326,6.1430283,7.4421258,30.4280472,43.8754463,"Wh09068","WSP Zeroed"
"87","2745","14NY0142-1",11.4449472,4.7704215,-4.2972898,6.1711931,7.5478778,30.6988087,44.3396378,"Wh93017","WSP Zeroed"
"88","2863","14NY0552-1",6.1824398,1.4493682,-4.2697945,7.0476751,8.0376654,32.3207092,47.3087387,"Wh07013","WSP Zeroed"
"89","2833","14NY0344-2",9.1066217,2.2820036,-4.2368283,6.965529,7.9314241,32.4358559,47.2550354,"Wuh98032","WSP Zeroed"
"90","2819","14NY0322-2",4.4202423,0,-4.227766,7.2706604,8.4219131,34.6679268,50.5108719,"Wuh09164i","WSP Zeroed"
"91","2749","14NY0146",12.60624405,5.96659065,-4.22218635,6.15617275,7.3774581,29.8422384,43.2470665,"Wuh09093i","WSP Zeroed"
"92","2982","14NY0830-1",13.8073454,5.7997708,-4.2102566,6.0016174,7.3100762,29.8365078,43.0601158,"V775","WSP Zeroed"
"93","2866","14NY0564",20.2986169,9.2331913,-4.19731425,4.82738805,6.46766475,27.27680585,38.4978218,"Wuh09191i","WSP Zeroed"
"94","2800","14NY0294-1",8.8016233,3.6037383,-4.1916695,6.6078453,7.691668,30.9703674,45.1656609,"Wh07013","WSP Zeroed"
"95","2919","14NY0666-2",2.7438574,NA,-4.1874485,7.5285826,8.5876551,34.8276749,51.0261383,"Wh01001","WSP Zeroed"
"96","2961","14NY0754-1",15.1680861,7.8164639,-4.1679096,5.6117525,7.0072527,28.53652,41.0250511,"Wh07166R","WSP Nulled"
"97","3383","15NY0692",21.3609695,9.3826733,-4.1221504,4.899642,6.4502621,27.2998714,38.569725,"Wuh98032","WSP Zeroed"
"98","2829","14NY0338-2",19.8083839,11.2356644,-4.1207662,4.934062,6.4630146,26.4894085,37.7037354,"Wh05081a","WSP Nulled"
"99","2858","14NY0537-2",4.6290016,0,-4.0575724,7.0637531,8.3726254,33.6799011,49.2078362,"Wh05051","WSP Zeroed"
"100","2924","14NY0671-1",12.7117758,6.6723709,-4.0508404,6.1589355,7.2975888,29.2187386,42.5309982,"Wh93017","WSP Zeroed"
"101","655","14NY0607-1",21.4728622,19.2313232,-4.0456924,7.6208549,7.8958859,7.6257286,24.1252441,"I817","WSP Zeroed"
"102","2753","14NY0157-1",3.650898,0,-4.0080113,7.3371968,8.4928226,34.5764389,50.5476074,"Wh05051","WSP Zeroed"
"103","2940","14NY0715-1",16.4338531,9.3422127,-3.9932427,5.4336805,6.8611426,27.6522713,39.8286171,"Wh09068","WSP Zeroed"
"104","2722","14NY0023-2",9.7654448,3.5110688,-3.9925818,6.5733962,7.6503024,30.7861671,44.9580994,"R853","WSP Zeroed"
"105","3332","15NY0392",20.8883324,9.3861771,-3.9914207,5.0109482,6.4748478,27.1576271,38.5662231,"Wh10046R","WSP Zeroed"
"106","2810","14NY0308-1",8.3794212,3.7094936,-3.9875205,6.6273503,7.8502426,31.227787,45.6662407,"Wh10113R","WSP Nulled"
"107","2865","14NY0558-2",19.9771233,11.8138599,-3.9482934,4.8626757,6.3798294,25.9575558,37.0405159,"Wh92054","WSP Zeroed"
"108","2941","14NY0715-2",17.6921654,10.2376375,-3.9391439,5.4233189,6.7858529,27.2131386,39.2724915,"Wh09068","WSP Zeroed"
"109","553","14NY0520-1",44.4026909,42.378067,-3.932457,3.6809311,4.5885468,-1.0420151,7.4543858,"ND1","WSP Zeroed"
"110","3284","15NY0171",20.709919,8.3216028,-3.9289713,4.9003367,6.4333582,27.2454472,38.5799789,"Wh10049R","WSP Zeroed"
"111","2946","14NY0729-1",15.8069773,8.6230946,-3.9217594,5.8181667,7.0147476,28.1336231,40.8224449,"Wh10113R","WSP Nulled"
"112","3404","15NY0827",18.9434776,8.5372543,-3.8992014,5.1063442,6.6448727,27.5383263,39.2707367,"Wuh07183i","WSP Zeroed"
"113","2962","14NY0754-2",12.83599,8.2014141,-3.8811681,6.1659994,7.1831713,28.259161,41.4355278,"Wh07166R","WSP Nulled"
"114","2898","14NY0627-2",15.0564146,8.7490959,-3.8643785,5.8905201,7.0998898,28.3040962,41.150116,"Wh00065","WSP Zeroed"
"115","2983","14NY0830-2",13.2757044,6.3651304,-3.8642931,6.1998563,7.3114328,29.2373543,42.6755714,"V775","WSP Zeroed"
"116","2922","14NY0669",14.7623491,8.057605,-3.8642536,5.9376614,6.9941075,28.11248585,40.91109275,"Wuh09098i","WSP Zeroed"
"117","3309","15NY0278",20.9419975,9.9933834,-3.8527756,5.0113516,6.4000101,26.7018929,38.0273933,"Wuh98032","WSP Nulled"
"118","3320","15NY0318",19.270031,7.9047022,-3.8434901,5.1714187,6.5599852,27.4841385,39.2099266,"Wuh09191i","WSP Zeroed"
"119","3283","15NY0152",22.8907814,13.7447023,-3.8278949,4.4144263,6.0464015,24.6665382,34.9784813,"Wh00050","WSP Zeroed"
"120","2820","14NY0323-1",12.4127226,6.9035459,-3.8178899,6.1773577,7.3526006,29.2002182,42.625042,"Wh98044","WSP Zeroed"
"121","2763","14NY0184-1",16.2448082,10.6519337,-3.8121202,5.6319652,6.806807,26.7896557,39.0347061,"Wh07166R","WSP Zeroed"
"122","3420","15NY0910",21.370266,11.6411533,-3.8045988,4.7962356,6.3874245,26.0537357,37.1418457,"Wh10113R","WSP Nulled"
"123","3505","15W3214-2",20.5919266,11.6007118,-3.7963147,5.0032024,6.4226131,26.1645641,37.4716911,"Wh10113R","WSP Nulled"
"124","3375","15NY0659",21.9131165,12.6793461,-3.774348,4.7396107,6.2769527,25.5759506,36.4616318,"Wh00065","WSP Zeroed"
"125","2798","14NY0292-1",12.4314547,7.2910395,-3.7638609,6.1804042,7.3073921,28.8033562,42.1917725,"Wh05066a","WSP Nulled"
"126","2906","14NY0639-1",12.44806,7.8277569,-3.7622242,6.0968876,7.2092304,28.358139,41.5369606,"Wh05081a","WSP Nulled"
"127","3426","15NY0946",20.2870293,11.5924473,-3.7512751,4.8901348,6.4138317,25.9647045,37.1689949,"Wh07051","WSP Zeroed"
"128","2788","14NY0255-2",11.9170542,6.5321503,-3.7445567,6.2616816,7.4086657,29.3415241,42.9238319,"Wh10216V","WSP Zeroed"
"129","2868","14NY0566-2",8.6275434,5.2115746,-3.7074959,6.7054329,7.7693157,30.3059254,44.7082214,"Wh98044","WSP Zeroed"
"130","3315","15NY0301",26.1030579,15.9724493,-3.6997313,3.9903874,5.6687279,23.1128101,32.6183395,"Wh09141R","WSP Zeroed"
"131","2889","14NY0611-1",7.5284176,2.1173475,-3.6842184,6.6808119,7.9759884,31.8067646,46.5745468,"Wh09061","WSP Zeroed"
"132","3393","15NY0755",22.8707275,14.2491589,-3.669673,4.3876352,5.9629855,24.1505051,34.3511314,"Wh00050","WSP Nulled"
"133","2729","14NY0077-1",6.697175,2.3515491,-3.6580949,7.0427713,8.0675602,31.5459614,46.6908035,"R825","WSP Zeroed"
"134","2769","14NY0213-1",14.3157244,9.8597364,-3.6508818,5.9114356,6.8964825,26.9672947,39.5854073,"Wh92054","WSP Zeroed"
"135","2951","14NY0737-1",10.027318,6.983099,-3.6475205,6.4993877,7.4637108,28.9328632,42.7741318,"Wh93006","WSP Zeroed"
"136","2893","14NY0621-1",23.768383,15.1793957,-3.6403799,4.7503452,6.0099401,23.8459206,34.375618,"Wh10080","WSP Zeroed"
"137","2814","14NY0313-2",9.2478428,4.374105,-3.6382565,6.8959785,7.7291117,30.3668461,44.916851,"Wh08092","WSP Zeroed"
"138","2853","14NY0510-1",5.3670359,1.7418771,-3.6302974,7.1613421,8.0734921,31.7041569,46.9551888,"R853","WSP Zeroed"
"139","3447","15W2428-2",23.4734802,14.6594353,-3.6100361,4.4231434,5.9262772,23.8247089,34.0411606,"Wh05066a","WSP Nulled"
"140","2734","14NY0089-2",6.1559124,1.2216756,-3.6074023,6.9591999,8.1176643,32.1458054,47.3298645,"Wh96015","WSP Zeroed"
"141","2908","14NY0642",19.52836035,10.44435645,-3.60578025,5.21603085,6.47016785,26.14667415,37.7520599,"Wuh09150i","WSP Zeroed"
"142","2939","14NY0714-2",20.6533813,9.7878704,-3.6044047,4.7155542,6.3353143,26.2795849,37.360466,"Wh05070a","WSP Zeroed"
"143","2900","14NY0630-2",12.7508802,5.92557,-3.6010373,6.2642608,7.2812552,29.0397873,42.544384,"If853","WSP Zeroed"
"144","2794","14NY0277-2",12.43641,8.4169569,-3.5883427,6.3592792,7.2821317,28.1003456,41.5986099,"Wh10140R","WSP Zeroed"
"145","3321","15NY0337",22.7349854,13.1913471,-3.5729816,4.5252867,6.0289264,24.4809666,34.9303856,"Wh09083","WSP Zeroed"
"146","2756","14NY0162-2",9.072072,2.8787346,-3.5724487,6.5432444,7.7691164,30.9953842,45.3911705,"Wh09075","WSP Zeroed"
"147","3339","15NY0438",25.2397728,15.2147312,-3.5720141,4.2944765,5.8510065,23.653265,33.6479263,"Wh10113R","WSP Zeroed"
"148","1740","14W32336-1",30.2768383,27.4789658,-3.5685501,6.4114499,6.849472,2.812088,19.1153641,"A15","WSP Nulled"
"149","3411","15NY0855",22.2038727,13.3604727,-3.5611587,4.6195021,6.1843815,24.9279556,35.6372032,"Wh09068","WSP Zeroed"
"150","1030","14W30654-1",40.7148628,40.8731995,-3.5523453,5.1936607,5.6023369,0.8961182,11.1635723,"A648","WSP Zeroed"
"151","2813","14NY0313-1",8.722641,4.8149471,-3.5462284,7.0265636,7.7906008,30.2349644,44.9624062,"Wh08092","WSP Zeroed"
"152","2779","14NY0235-2",8.2380304,2.436568,-3.5422864,6.845036,7.8266096,31.0093994,45.734951,"Wh09009","WSP Zeroed"
"153","2882","14NY0600-1",4.9443407,0,-3.5357265,7.3915482,8.2857552,32.8125496,48.5961571,"Wh07020a","WSP Zeroed"
"154","2815","14NY0314",16.7242656,9.555186,-3.52649275,5.6080446,6.77535725,26.88048075,39.18772125,"Wuh07466i","WSP Zeroed"
"155","2768","14NY0206-2",10.4581709,6.4000354,-3.5227971,6.485467,7.579133,29.4095135,43.439106,"Wh00065","WSP Zeroed"
"156","3291","15NY0198",24.3396606,15.8576651,-3.5146284,4.6173449,5.9348898,23.6154938,33.9468689,"Wh00065","WSP Zeroed"
"157","103","14NY0067-1",25.3532047,23.3339882,-3.5078888,6.8193307,5.5217481,-4.9929733,7.5383472,"Check2","WSP Zeroed"
"158","2949","14NY0732",12.1022253,8.5439987,-3.5023627,6.3848181,7.3052053,28.1141872,41.6817932,"Wuh09093i","WSP Zeroed"
"159","2778","14NY0235-1",12.9361296,5.7155418,-3.4896109,6.0854616,7.247797,28.9237728,42.2731133,"Wh09009","WSP Zeroed"
"160","2804","14NY0296",16.27689695,9.0181339,-3.48257445,5.74868205,6.87323495,27.2109289,39.78006935,"Wuh07182i","WSP Zeroed"
"161","2826","14NY0330-1",6.2207565,0.7801774,-3.4745617,7.0911407,8.1247358,32.1248093,47.4622459,"Wh08042","WSP Zeroed"
"162","594","14NY0556-1",36.1517715,34.9648514,-3.4738312,5.4314671,6.3982272,4.2109261,15.8219929,"A15","WSP Nulled"
"163","3398","15NY0792",18.6995583,8.3024244,-3.4607317,5.232585,6.6417084,27.0836678,39.0203056,"Wh07020a","WSP Zeroed"
"164","2741","14NY0118-1",10.9784842,7.9146585,-3.4579411,6.3896713,7.3310738,28.1765079,41.7676735,"Wh10173V","WSP Zeroed"
"165","2907","14NY0639-2",14.4646101,10.3494349,-3.4492259,5.8272004,6.875669,26.5908356,39.1497612,"Wh05081a","WSP Nulled"
"166","2754","14NY0157-2",4.7725201,0,-3.4441233,7.1283898,8.1844254,32.7070541,48.2033081,"Wh05051","WSP Zeroed"
"167","3346","15NY0492",26.0557137,16.8115749,-3.4389915,4.1503587,5.6234393,22.4450893,32.0388947,"Wh10140R","WSP Zeroed"
"168","2787","14NY0255-1",10.0264673,6.5488119,-3.4389148,6.6022077,7.5804815,29.3288631,43.4265251,"Wh10216V","WSP Zeroed"
"169","2761","14NY0180",17.4000167666667,9.39096006666667,-3.43020486666667,5.44513353333333,6.6734635,26.6465962666667,38.7362633,"Wuh09150i","WSP Zeroed"
"170","2869","14NY0568-1",14.4298449,10.535264,-3.4216671,5.9246674,6.9993296,26.8067741,39.5988197,"Wh10231V","WSP Nulled"
"171","2806","14NY0300-1",6.9345694,2.9875,-3.4141312,6.9789462,7.9785185,31.1068554,46.1233139,"Wh96011","WSP Zeroed"
"172","2776","14NY0226-2",19.6988869,13.9245796,-3.4110665,4.8304234,6.2713585,24.4708271,35.4552307,"Wh07165R","WSP Zeroed"
"173","3326","15NY0364",24.8930664,16.3227367,-3.4064503,4.5010204,5.865797,23.4688301,33.6402512,"Wh09068","WSP Zeroed"
"174","2952","14NY0737-2",13.9788027,10.1592398,-3.4004967,5.8939552,6.9421749,26.7576351,39.4655151,"Wh93006","WSP Zeroed"
"175","2767","14NY0206-1",10.1931982,6.902205,-3.3883743,6.5967789,7.6245494,29.1956062,43.3672981,"Wh00065","WSP Nulled"
"176","3452","15W2561-2",25.7967606,16.9546204,-3.3872299,4.3363161,5.7874784,22.8726883,32.8244247,"Wh05032a","WSP Zeroed"
"177","3266","15NY0075",26.7739906,17.3012714,-3.3749983,4.1754498,5.6925378,22.6438408,32.3421402,"Wh05032a","WSP Zeroed"
"178","2942","14NY0717",11.18922425,2.2459382,-3.36204025,6.4040146,7.5040586,30.2451973,44.331089,"Wuh09164i","WSP Zeroed"
"179","2966","14NY0758-2",20.0829697,13.9219027,-3.3618631,5.2640381,6.3177376,24.3046665,35.6849976,"Wh07051","WSP Zeroed"
"180","3271","15NY0100",24.8399429,16.5426216,-3.350214,4.2270827,5.7488365,22.7346859,32.5599899,"Wh10140R","WSP Zeroed"
"181","3263","15NY0066",23.9002838,15.3808756,-3.3453934,4.4696465,5.7401142,22.8820915,32.9248657,"Wh07013","WSP Zeroed"
"182","2790","14NY0269-2",3.0927916,NA,-3.3427477,7.507308,8.4773083,33.6076355,49.8410645,"Wh10049R","WSP Zeroed"
"183","3354","15NY0526",28.6220703,19.0149879,-3.3363266,3.8941369,5.4268723,21.5606689,30.67173,"Wh05032a","WSP Zeroed"
"184","2816","14NY0321-1",16.4522629,8.1435375,-3.3272274,5.477879,6.8069534,27.2608261,39.595295,"Wh09061","WSP Zeroed"
"185","3254","15NY0011",19.2587204,9.0606079,-3.3210931,5.0944796,6.480351,26.2925529,37.9361839,"Wuh09097i","WSP Zeroed"
"186","3408","15NY0850",25.2029724,17.4225464,-3.3190579,4.2742481,5.6282091,22.0970497,31.7975388,"Wh92054","WSP Zeroed"
"187","2926","14NY0678-1",6.9169559,1.9242389,-3.3054261,6.9289007,7.9798236,31.3135872,46.3420486,"Wh04020a","WSP Zeroed"
"188","2925","14NY0671-2",12.2785177,8.6293278,-3.3006785,6.1254501,7.1668921,27.544384,40.7571487,"Wh93017","WSP Zeroed"
"189","3170","14W32041-1",21.6831932,15.0677633,-3.2935371,4.8741274,6.0724363,23.6045189,34.4015541,"Wh05066a","WSP Zeroed"
"190","2730","14NY0077-2",11.6698008,7.4188061,-3.2485075,6.3815918,7.4202013,28.3158665,42.1104279,"R825","WSP Zeroed"
"191","3280","15NY0134",28.0878296,19.1951904,-3.247762,3.9059944,5.3581538,21.0447273,30.0847473,"Wh92054","WSP Nulled"
"192","2870","14NY0568-2",14.2616205,9.5617161,-3.2473092,6.1047969,7.0876241,27.128828,40.2205811,"Wh10231V","WSP Nulled"
"193","2724","14NY0027-2",16.0196609,9.6786022,-3.2461786,5.7587748,6.8702121,26.8252335,39.3994751,"R839","WSP Zeroed"
"194","2879","14NY0584-1",7.9863501,4.0547056,-3.2373242,6.8970337,7.8815699,30.3634338,45.199173,"Wh08092","WSP Zeroed"
"195","2751","14NY0150-1",11.9735851,7.09527205,-3.23122595,6.3066702,7.34532715,28.53670695,42.16968345,"Wuh09183i","WSP Zeroed"
"196","2803","14NY0295-2",11.5691271,8.2725077,-3.2295723,6.3687992,7.3825316,28.1922817,41.8833466,"Wh10110R","WSP Zeroed"
"197","2762","14NY0181",8.3000154,2.1880658,-3.215713,6.8109708,7.7594671,30.6436882,45.3584366,"Wuh09097i","WSP Zeroed"
"198","3455","15W2602-2",25.6554794,17.1626225,-3.2138691,4.1422462,5.6563935,22.3242531,31.9962902,"Wh09068","WSP Nulled"
"199","2927","14NY0678-2",18.7239799,10.9997463,-3.1849151,5.2542462,6.5409451,25.7405682,37.5123215,"Wh04020a","WSP Zeroed"
"200","2752","14NY0150-2",14.43014525,9.09142255,-3.1836978,5.94887925,7.03539585,27.2689705,40.20849225,"Wuh09183i","WSP Zeroed"
"201","2771","14NY0221-1",12.3232145,10.2939701,-3.1601789,6.4008718,7.2095656,26.8766251,40.3196068,"Wh00051","WSP Zeroed"
"202","3374","15NY0658",21.8788948,12.500433,-3.1562786,4.7356935,6.1205864,24.4643383,35.3075104,"Wh07165R","WSP Nulled"
"203","2737","14NY0096-2",8.118516,2.4744575,-3.1518908,6.9450369,7.8806677,30.7216339,45.6677856,"Wh09033","WSP Zeroed"
"204","3324","15NY0356",26.743,17.7613087,-3.1492329,4.1010447,5.5324497,21.8882179,31.3560658,"Wh10216V","WSP Zeroed"
"205","2747","14NY0143-1",12.868432,7.0662832,-3.1471095,6.235353,7.1496172,27.8757706,41.2661476,"If853","WSP Zeroed"
"206","2955","14NY0747-1",11.0290022,8.2740812,-3.0969203,6.4224191,7.3949594,28.0698376,41.8307228,"Wh10110R","WSP Zeroed"
"207","2721","14NY0023-1",11.76542,6.9022255,-3.0874634,6.5043497,7.2954555,28.1457329,41.9361191,"R853","WSP Nulled"
"208","3300","15NY0234",22.6228981,17.3520546,-3.0865479,4.9536753,5.8742738,22.2746563,32.8316727,"Wh07166R","WSP Zeroed"
"209","2890","14NY0611-2",6.4075098,1.9718933,-3.0842428,7.1190286,8.0701694,31.24786,46.598896,"Wh09061","WSP Zeroed"
"210","2894","14NY0621-2",22.8385773,17.108408,-3.065752,4.6853609,5.9313765,22.5114384,32.9585724,"Wh10080","WSP Zeroed"
"211","2875","14NY0575-2",14.0988474,8.3202505,-3.0610507,6.0273418,7.1308088,27.5174179,40.698452,"Wh98063","WSP Zeroed"
"212","2878","14NY0583-1",20.9081345,13.3851538,-3.0520175,4.8758011,6.2953634,24.5009537,35.6556396,"Wh08091","WSP Zeroed"
"213","3318","15NY0310",24.3994522,19.135603,-3.051935,4.6910286,5.6140919,21.0723095,31.0747337,"Wuh09093i","WSP Nulled"
"214","3353","15NY0524",24.5600548,17.9931507,-3.0455544,4.3641725,5.7430696,21.9078884,31.8518925,"Wh04036V","WSP Zeroed"
"215","3287","15NY0187",25.5925369,15.4827929,-3.0419922,4.1506019,5.7335901,22.8431549,32.7068443,"Wh96015","WSP Zeroed"
"216","2909","14NY0643-1",26.4587936,18.9519691,-3.0386901,4.1889944,5.6438026,21.5092125,31.1791687,"Wh07061a","WSP Zeroed"
"217","2929","14NY0689-1",13.8433561,8.0651979,-3.0383077,6.0245657,7.1385469,27.6398678,40.8396339,"Wh09075","WSP Zeroed"
"218","3358","15NY0547",21.9879379,14.7301569,-3.0301294,4.8158145,5.9870491,23.2240543,33.9119987,"Wh07013","WSP Nulled"
"219","3409","15NY0853",25.9630737,16.2999992,-2.9741685,4.2229395,5.6590171,22.3589134,32.1700287,"Wh96015","WSP Zeroed"
"220","3416","15NY0886",25.0397415,14.5139685,-2.950953,4.2038474,5.796277,23.1118202,33.1421356,"Wh93016","WSP Zeroed"
"221","2956","14NY0747-2",15.1389475,11.7993612,-2.9454112,5.9429455,6.8874488,25.8099709,38.5080452,"Wh10110R","WSP Zeroed"
"222","2873","14NY0574-2",17.5759201,13.7864456,-2.9339433,5.5332608,6.5273232,24.6777725,36.586895,"Wh10216V","WSP Zeroed"
"223","2978","14NY0792-2",16.284359,13.3678637,-2.9253399,5.9282188,6.7048411,24.8006878,37.2610855,"Wh00033","WSP Zeroed"
"224","2936","14NY0703-2",9.8482523,3.9867668,-2.8982499,6.7599831,7.5855093,29.4466152,43.9037056,"Wh08022","WSP Zeroed"
"225","2821","14NY0323-2",16.8791733,14.032567,-2.8715649,5.7442837,6.6173182,24.6203194,36.8158073,"Wh98044","WSP Zeroed"
"226","3301","15NY0245",25.4435921,18.7961903,-2.8651214,4.4060402,5.5917878,21.3433743,31.1358681,"Wh98044","WSP Zeroed"
"227","2802","14NY0295-1",14.715642,11.6997061,-2.8619719,5.9827824,6.9182234,25.8753147,38.6752129,"Wh10110R","WSP Zeroed"
"228","2777","14NY0228",11.3597965,8.9886408,-2.8536456,6.49002935,7.3546319,27.56650735,41.41674235,"Wuh09191i","WSP Zeroed"
"229","2896","14NY0625-2",16.9481354,9.4046459,-2.8530867,5.5066156,6.6650162,25.9851151,38.2354584,"Wh03031","WSP Zeroed"
"230","3412","15NY0857",20.5863495,10.7947693,-2.8361828,5.2611046,6.3532238,25.0813293,36.7700577,"V775","WSP Zeroed"
"231","3322","15NY0348",19.3605843,14.6493177,-2.8331795,5.3738928,6.3600721,23.8562222,35.4759636,"Wh05066a","WSP Zeroed"
"232","2886","14NY0608-2",10.9935141,10.161274,-2.8265498,6.5601459,7.1783891,26.4956169,40.0950394,"Wh94053","WSP Zeroed"
"233","2883","14NY0600-2",8.6173306,3.0862303,-2.8260341,6.9631391,7.7616773,29.9932766,44.8710175,"Wh07020a","WSP Zeroed"
"234","3273","15NY0105",26.4282837,19.5818577,-2.8193722,4.2982121,5.4913578,20.6068954,30.1871109,"Wh04036V","WSP Zeroed"
"235","2835","14NY0345-2",12.0113554,10.2709599,-2.8175075,6.3809953,7.0764704,26.2764339,39.6187057,"Wh94053","WSP Zeroed"
"236","3372","15NY0647",23.2194099,12.4365015,-2.8101487,4.4050446,5.9267311,23.8325195,34.2765579,"Wh05051","WSP Zeroed"
"237","2731","14NY0081-1",8.3442783,5.7087097,-2.803071,6.8283453,7.7270098,28.9752712,43.6258011,"R851","WSP Zeroed"
"238","3377","15NY0674",25.1958656,18.7812614,-2.789598,4.3714151,5.4915671,20.7685699,30.4319267,"Wh10173V","WSP Zeroed"
"239","3268","15NY0091",22.9935875,16.2134666,-2.7810948,4.7585812,5.8269987,22.2278976,32.6941643,"Wh93017","WSP Zeroed"
"240","2735","14NY0095",21.8420391,17.05150795,-2.77896525,5.0263269,6.1464622,22.8072262,33.7946358,"Wuh07177i","WSP Zeroed"
"241","2742","14NY0118-2",11.9007673,10.2827091,-2.741725,6.4917979,7.2270923,26.463953,40.0822639,"Wh10173V","WSP Zeroed"
"242","3364","15NY0600",25.8127327,19.670536,-2.7167978,4.4047804,5.4540162,20.381321,30.0239067,"Wh09087","WSP Zeroed"
"243","1098","14W30841-2",20.7249413,20.44244,-2.7130127,6.2475448,6.2431154,2.6045609,18.7796021,"C4","WSP Zeroed"
"244","3024","14W31035-1",23.2197456,17.7736912,-2.7112255,4.8948164,5.9300461,21.8106117,32.4715767,"Wh07061a","WSP Zeroed"
"245","3279","15NY0131",26.4006767,19.1858368,-2.7057667,4.1709943,5.5416365,20.8803215,30.4681034,"Wh07061a","WSP Zeroed"
"246","2782","14NY0243",24.97280505,19.31879235,-2.7056781,4.55319765,5.75692105,21.25452995,31.36297515,"Wuh08127i","WSP Zeroed"
"247","3306","15NY0269",29.0334511,21.7942123,-2.6948719,3.9107623,5.1473222,19.1701965,28.0006332,"Wh00051","WSP Zeroed"
"248","3246","14W32462-1",27.488327,20.620594,-2.689312,4.149642,5.3740444,20.2795486,29.6039238,"Wh98044","WSP Nulled"
"249","2948","14NY0731",19.84257125,13.1539192,-2.6860819,5.2559147,6.33908245,24.08091355,35.6624737,"Wuh09097i","WSP Zeroed"
"250","1916","15NY0182",31.8691425,29.4371033,-2.6716003,3.3296781,5.6581149,6.7247887,12.3405724,"MDM-20","WSP Nulled"
"251","3267","15NY0084",26.0256996,18.9919281,-2.667697,4.2857513,5.3930969,20.3865776,29.8854275,"Wh94053","WSP Zeroed"
"252","78","14NY0053-2",25.4063721,24.103714,-2.66185,5.2691078,6.4234371,4.9751816,15.9907131,"Check2","WSP Zeroed"
"253","2848","14NY0483-2",14.6932135,11.5581169,-2.6366248,5.8866425,6.9013367,25.4822102,38.2651253,"R825","WSP Zeroed"
"254","2766","14NY0200-2",7.6220427,3.3601213,-2.6322415,6.9299374,7.8071465,29.8182621,44.7530746,"Wh09137R","WSP Zeroed"
"255","3293","15NY0214",24.1993866,13.893054,-2.6241319,4.4694514,5.7710018,22.6966553,33.01614,"Wuh09188i","WSP Zeroed"
"256","2827","14NY0330-2",15.8859358,8.4470596,-2.6166432,5.987771,6.8905759,26.4507065,39.4282265,"Wh08042","WSP Zeroed"
"257","3314","15NY0298",21.5819588,16.5900764,-2.6164217,5.0984955,6.050148,22.3911743,33.402874,"Wh10231V","WSP Nulled"
"258","2738","14NY0109",20.6284981,12.2937083,-2.6163616,5.03627205,6.1457534,23.80194855,35.0440636,"Wuh09144i","WSP Zeroed"
"259","3427","15NY0948",27.935276,19.5362911,-2.6061568,4.0841842,5.4179649,20.5786438,29.970583,"Wh10006R","WSP Zeroed"
"260","2903","14NY0632-1",20.399868,16.902298,-2.5958495,5.2585692,6.0644779,22.0108223,33.1223869,"Wh10173V","WSP Zeroed"
"261","2831","14NY0341-2",10.4141035,5.7836018,-2.5906105,6.4876008,7.5035915,28.5500698,42.7077637,"SC1441","WSP Zeroed"
"262","3406","15NY0840",25.7345276,19.5808105,-2.5792019,4.3306041,5.3717661,20.0665207,29.5742283,"Wh05081a","WSP Zeroed"
"263","2765","14NY0200-1",8.9368544,5.2926044,-2.5736542,6.7150798,7.5628881,28.6115227,43.0276756,"Wh09137R","WSP Zeroed"
"264","3350","15NY0514",29.237072,22.390583,-2.5711479,3.8560357,5.0973825,18.7553978,27.4954834,"Wh00033","WSP Zeroed"
"265","2784","14NY0245-2",16.423481,11.6521845,-2.5664172,5.797039,6.6788692,24.821867,37.2929611,"If825","WSP Zeroed"
"266","3331","15NY0388",24.8251305,14.9831352,-2.5662131,4.3907156,5.6901579,22.2081299,32.3461151,"Wh01001","WSP Zeroed"
"267","3308","15NY0276",21.8750076,12.4379292,-2.5651476,4.9826112,6.0378165,23.6005821,34.6926041,"Wuh09150i","WSP Zeroed"
"268","2783","14NY0245-1",14.8683214,11.9197693,-2.5532176,6.084269,6.8722396,25.0355072,37.9456825,"If825","WSP Zeroed"
"269","3386","15NY0711",26.203476,19.2499123,-2.5510483,4.6116729,5.5110617,20.3626003,30.2794876,"Wh10231V","WSP Zeroed"
"270","2904","14NY0632-2",16.091114,15.0897388,-2.5397511,5.8520002,6.5680237,23.6455154,35.8910103,"Wh10173V","WSP Zeroed"
"271","3253","15NY0009",20.14394,11.7444296,-2.5269485,5.2589722,6.3044844,24.2904701,35.9422569,"Wh04020a","WSP Zeroed"
"272","3303","15NY0250",25.6174889,20.2660923,-2.525686,4.3663101,5.3799882,19.7641792,29.2981167,"Wh05081a","WSP Zeroed"
"273","2817","14NY0321-2",12.27876,5.2759781,-2.5162904,6.315733,7.2217455,27.9419575,41.6892471,"Wh09061","WSP Zeroed"
"274","991","14W30468-1",35.6438141,36.932518,-2.5044174,5.2871966,5.667016,-2.416893,10.78619,"A7","WSP Zeroed"
"275","2354","15NY0884",28.7173443,27.92556,-2.5015488,6.4479094,7.0723228,6.669323,20.8623886,"Ia2730","WSP Zeroed"
"276","2976","14NY0789-2",10.8393393,8.3481712,-2.4938695,6.6116276,7.3968143,27.16115,41.2317238,"If825","WSP Zeroed"
"277","2830","14NY0341-1",9.7480373,5.201056,-2.4870625,6.6088309,7.5385604,28.6721897,43.0011406,"SC1441","WSP Zeroed"
"278","3302","15NY0247",20.1287651,10.9865322,-2.4771905,5.3414011,6.2604551,24.3462372,36.069458,"V775","WSP Zeroed"
"279","2723","14NY0027-1",13.517539,8.4746351,-2.4754853,6.14959,6.937655,26.2873001,39.4464264,"R839","WSP Zeroed"
"280","3323","15NY0353",26.01157,19.917881,-2.4630518,4.4833255,5.4384022,19.9693375,29.6823578,"Wh96034","WSP Zeroed"
"281","3458","15W2610-2",16.1923752,15.81509255,-2.45784925,5.79096245,6.3901584,22.92345525,34.9014225,"Wh05081a","WSP Zeroed"
"282","2758","14NY0166-2",10.7183313,5.5546255,-2.4415305,6.6754851,7.4218063,28.1067371,42.375618,"Wh07020a","WSP Zeroed"
"283","2748","14NY0143-2",12.7615461,9.4428673,-2.4284973,6.4663262,7.0902405,26.2880917,39.8632889,"If853","WSP Zeroed"
"284","3295","15NY0218",23.5295563,14.9089518,-2.4172995,4.5155401,5.8616838,22.5471306,32.9920807,"R839","WSP Zeroed"
"285","2935","14NY0703-1",13.8355799,7.6703978,-2.4058092,6.2309256,7.0154924,26.6148911,40.0087738,"Wh08022","WSP Zeroed"
"286","3362","15NY0588",20.8387833,16.2032967,-2.3982635,5.0685692,5.9398088,21.9711189,32.8828888,"Wh93017","WSP Nulled"
"287","3378","15NY0681",25.9122124,15.72087,-2.3835864,4.2144189,5.5791755,21.6956787,31.5591831,"Wh09075","WSP Zeroed"
"288","2928","14NY0680-1",16.2471542,10.4123802,-2.383033,5.7543535,6.7018385,25.2769012,37.8223801,"Wh09137R","WSP Zeroed"
"289","3407","15NY0849",27.4390564,21.6601467,-2.3587778,4.2722206,5.2930317,19.1499672,28.5017281,"Wh00051","WSP Zeroed"
"290","2872","14NY0574-1",20.1551056,17.056797,-2.3530161,5.3383303,6.1482882,22.1091232,33.4403992,"Wh10216V","WSP Nulled"
"291","2736","14NY0096-1",12.9609346,7.4874949,-2.352864,6.3957605,7.1510992,26.9315872,40.6248283,"Wh09033","WSP Zeroed"
"292","2772","14NY0221-2",17.69944,15.9178953,-2.351809,5.7481933,6.4452124,22.8770084,34.9011879,"Wh00051","WSP Zeroed"
"293","2874","14NY0575-1",18.6147346,12.735136,-2.3405294,5.5581765,6.503191,24.185339,36.2716675,"Wh98063","WSP Zeroed"
"294","3517","15W3423-1",21.018177,17.6361275,-2.3399467,5.0508251,6.0320311,21.6842499,32.669651,"Wh07051","WSP Zeroed"
"295","3274","15NY0107",25.0409126,15.1089535,-2.3387227,4.4904528,5.6708384,21.8519783,32.0794678,"Wh09009","WSP Zeroed"
"296","1097","14W30841-1",22.6399078,21.08992,-2.3386993,5.3324165,6.0753093,3.196106,18.4915543,"C4","WSP Zeroed"
"297","2871","14NY0573",17.0503955,12.44495485,-2.3011636,5.475884,6.5722747,24.45643235,36.6008129,"Wuh07413i","WSP Zeroed"
"298","2809","14NY0301-2",9.6898775,5.9665375,-2.2729542,6.6351852,7.4924874,27.9743862,42.3000336,"Wh95016a","WSP Zeroed"
"299","3299","15NY0231",24.2042427,20.0206051,-2.2676368,4.6715603,5.5540576,19.8801689,29.9157181,"Wh10173V","WSP Zeroed"
"300","3481","15W2945-2",22.3997421,17.7137794,-2.2596476,4.9353175,5.8456244,21.131918,31.8318214,"Wh10231V","WSP Zeroed"
"301","2914","14NY0654",14.40484285,10.71628285,-2.25397275,5.9770279,6.8602605,25.3516445,38.3004055,"Wuh07466i","WSP Zeroed"
"302","3329","15NY0380",23.0009079,14.6824121,-2.2344818,4.8158512,5.9618645,22.6636353,33.5246506,"Wh93016","WSP Zeroed"
"303","2791","14NY0271-1",7.2185078,3.2460375,-2.2291291,7.0821438,7.7550535,29.1993332,44.2823029,"Wh08022","WSP Zeroed"
"304","3292","15NY0213",21.2977066,11.6778154,-2.2249122,5.0179057,6.0717773,23.3628616,34.6389465,"Wuh09144i","WSP Zeroed"
"305","2750","14NY0150",20.3784409,13.3583584,-2.2176492,5.2617254,6.2150559,23.4288063,34.9444618,"Wuh09183i","WSP Zeroed"
"306","2973","14NY0768-2",16.1987152,9.3476868,-2.1853859,5.946003,6.7717686,25.4709988,38.3498116,"Wh09033","WSP Zeroed"
"307","2837","14NY0349",15.9900537,10.58833125,-2.18493245,5.79474305,6.6516633,24.9716663,37.5117073,"Wuh07422i","WSP Zeroed"
"308","3467","15W2770-2",19.6046448,17.7684059,-2.173476,5.2697573,6.0566545,21.4020615,32.6082077,"Wh07166R","WSP Zeroed"
"309","1035","14W30663-1",30.5207138,31.8801956,-2.1723709,7.4898901,7.3802323,3.0678177,16.6238346,"257A9","WSP Zeroed"
"310","2902","14NY0631-2",14.18542,9.3905678,-2.1713781,5.9705105,6.9198012,25.8301334,38.8601608,"SC1441","WSP Zeroed"
"311","2812","14NY0309",15.0366926,10.1900225,-2.16668365,5.9491465,6.8240304,25.46571065,38.3681755,"Wuh07481i","WSP Zeroed"
"312","2859","14NY0540-1",17.3357658,17.4735222,-2.1382542,5.7288728,6.2082014,21.5384197,33.2571335,"Wh10163","WSP Zeroed"
"313","3265","15NY0068",20.2717133,17.1716919,-2.1354148,5.2760496,6.0926533,21.6236458,32.9080124,"Wh00033","WSP Zeroed"
"314","1327","14W31428",22.8817749,20.6493607,-2.1249771,3.9121618,3.9167039,0.3355942,3.2654438,"Check2","WSP Zeroed"
"315","2796","14NY0284-1",10.3172884,12.4566708,-2.1194081,6.3006907,7.1612415,25.1986599,38.67519,"Wh09068","WSP Nulled"
"316","2881","14NY0594",26.7144661,22.40719125,-2.1151461,4.194031,5.41919115,19.08425045,28.5330467,"Wuh07177i","WSP Zeroed"
"317","3373","15NY0649",25.5304909,14.8282347,-2.1069257,4.4296389,5.6824837,21.7892532,32.0384674,"Wh09033","WSP Zeroed"
"318","3269","15NY0097",25.6695442,16.026226,-2.1056516,4.4372473,5.585907,21.2997017,31.3977165,"Wh96011","WSP Zeroed"
"319","3381","15NY0687",22.3256645,15.2862558,-2.0736406,4.8637524,5.9404888,21.8765965,32.7558289,"If825","WSP Zeroed"
"320","2959","14NY0753-1",13.5130796,8.4322443,-2.0733407,6.082325,6.9877505,26.1294403,39.3806686,"Wh9261","WSP Zeroed"
"321","2774","14NY0224-2",12.1842737,8.774374,-2.0675066,6.2925582,7.1610885,26.3228836,39.9279594,"SC6069","WSP Zeroed"
"322","2580","15W2956-1",18.203949,18.1324921,-2.0579681,7.9109912,8.3308725,9.2809677,27.7742043,"Check3","WSP Zeroed"
"323","3429","15NY0961",17.6660843,10.2447872,-2.0487812,5.6560478,6.5099339,24.4832344,36.8586006,"Wh01001","WSP Zeroed"
"324","3327","15NY0374",26.3621788,16.6791458,-2.0259979,4.0325527,5.381918,20.5921249,30.1215668,"Wh05051","WSP Zeroed"
"325","3397","15NY0789",21.6786194,16.0988007,-2.02317,4.9759817,5.7713604,21.1183472,31.8404655,"Wh09083","WSP Zeroed"
"326","2740","14NY0117-2",14.9636793,9.8848438,-2.007854,6.0209875,6.8180041,25.2306175,38.2187347,"Wh04020a","WSP Zeroed"
"327","3286","15NY0177",26.4148521,17.9448719,-1.9931793,4.2360353,5.4496503,20.2035446,29.9462318,"EP85","WSP Zeroed"
"328","2808","14NY0301-1",18.8991776,13.3775902,-1.9928299,5.4239306,6.3624573,23.3221645,35.197094,"Wh95016a","WSP Zeroed"
"329","2963","14NY0757-1",8.3880787,3.2669439,-1.9770409,6.9008412,7.627461,28.8480358,43.6777153,"Wh09126R","WSP Zeroed"
"330","3439","15W2354",23.1778488,14.6758232,-1.9767239,4.7607174,5.8395801,21.8543434,32.5994911,"Wh09009","WSP Zeroed"
"331","3290","15NY0191",25.6289864,15.5035906,-1.9592825,4.5520124,5.6321678,21.4330254,31.723505,"Wh08042","WSP Zeroed"
"332","3371","15NY0645",26.5771828,16.9928436,-1.8801446,4.2014656,5.4097352,20.4371471,30.1539497,"R839","WSP Zeroed"
"333","3298","15NY0228",24.368885,12.9445086,-1.8777581,4.5966511,5.7943783,22.4054928,33.0462646,"Wh07020a","WSP Zeroed"
"334","3389","15NY0728",27.4610481,18.5168457,-1.8633866,4.1362801,5.2965317,19.7671204,29.2663078,"Wuh07469i","WSP Zeroed"
"335","2934","14NY0702",32.62804605,27.44140435,-1.8357258,3.29046085,4.6011722,15.6632047,23.35675335,"Wuh08127i","WSP Nulled"
"336","2888","14NY0610",15.5064292,13.9091935,-1.8132428,6.00113655,6.65001725,23.4770622,36.1657467,"Wuh07182i","WSP Zeroed"
"337","3394","15NY0761",22.8271217,14.1668987,-1.8077339,4.889576,5.8763695,21.9974976,32.9437866,"Wh09061","WSP Zeroed"
"338","3275","15NY0110",23.9254036,15.9202929,-1.8069555,4.4509573,5.592124,20.7481041,30.9425793,"Wh03031","WSP Zeroed"
"339","2744","14NY0122-2",13.4778528,9.0361576,-1.8019423,6.2639656,7.0380068,25.7943497,39.2891502,"Wh98063","WSP Zeroed"
"340","3272","15NY0104",25.0230179,16.1892605,-1.7902834,4.3979893,5.4815311,20.555851,30.5793819,"Wuh07413i","WSP Zeroed"
"341","2793","14NY0277-1",21.127388,18.7287407,-1.7830822,5.2726574,5.9966965,20.5701504,31.7537956,"Wh10140R","WSP Zeroed"
"342","3281","15NY0142",26.2930679,18.7601357,-1.7628303,4.4129081,5.3852806,19.3666382,29.2059135,"If825","WSP Zeroed"
"343","3360","15NY0559",21.560421,11.0774021,-1.7622817,5.0928049,6.0612988,22.9744797,34.4286156,"Wuh09164i","WSP Zeroed"
"344","3403","15NY0823",23.1628036,14.9696922,-1.7413502,4.7698593,5.7307835,21.2420311,31.9079762,"Wuh09150i","WSP Zeroed"
"345","3366","15NY0618",21.1886635,14.0755672,-1.73579215,4.9912133,5.998178,22.0818253,33.2542553,"EP85","WSP Zeroed"
"346","2792","14NY0271-2",16.0431862,10.7179928,-1.7344432,6.0343843,6.6682816,24.2862263,37.1502151,"Wh08022","WSP Zeroed"
"347","3387","15NY0717",30.5977478,25.6585445,-1.7199929,3.7392759,4.8963304,16.6912842,25.1569138,"Wuh07177i","WSP Nulled"
"348","3359","15NY0554",24.6317368,22.2303181,-1.7153188,4.7600336,5.3007488,18.0938129,27.9397659,"Wh94053","WSP Zeroed"
"349","1999","15NY0325",28.422905,24.4790955,-1.700119,4.8718491,5.7782297,5.5394325,18.6213684,"IL515a","WSP Zeroed"
"350","3494","15W3149-1",21.0201874,19.4134026,-1.6732178,5.1610184,6.0938244,20.8818665,32.1181831,"Wh07061a","WSP Nulled"
"351","1212","14W31075-1",18.56781005,18.9011631,-1.6570587,6.83872005,6.5036426,3.04206275,19.7401667,"C4","WSP Zeroed"
"352","3410","15NY0854",18.9263878,20.0366764,-1.6307504,5.6490674,6.1102777,20.3235455,31.9338036,"Wuh09093i","WSP Zeroed"
"353","561","14NY0526",7.840538,3.8992729,-1.6089172,7.1767592,9.9178696,23.0569763,42.7597122,"We05410","WSP Zeroed"
"354","3157","14W31947-1",23.5217476,21.5245838,-1.6036067,5.1339359,5.6546397,19.3813133,30.0619507,"Wh10080","WSP Nulled"
"355","2773","14NY0224-1",13.1526117,9.8738804,-1.5989139,6.2130094,6.950736,25.1260891,38.4823151,"SC6069","WSP Zeroed"
"356","3296","15NY0221",22.0233917,14.9921989,-1.5969602,4.9778571,5.9928598,21.7095299,32.8625031,"R851","WSP Zeroed"
"357","3259","15NY0035",18.3532333,9.8867016,-1.5803454,5.6017475,6.4119539,23.7904186,36.1407433,"Wuh09164i","WSP Zeroed"
"358","3376","15NY0668",24.5546036,14.8135948,-1.5790379,4.4707007,5.6037073,20.9594498,31.2795296,"Wh09137R","WSP Zeroed"
"359","3370","15NY0630",27.3423004,17.8328896,-1.5784281,4.1406307,5.2995725,19.5315971,29.1238346,"EP84","WSP Zeroed"
"360","2964","14NY0757-2",18.3792458,11.0589828,-1.5746167,5.5686722,6.4075089,23.7438431,35.9582481,"Wh09126R","WSP Zeroed"
"361","3391","15NY0738",27.1181984,20.3698082,-1.5726798,4.3777924,5.3447495,18.5340786,28.2768726,"R825","WSP Zeroed"
"362","2733","14NY0089-1",13.6699095,13.0090494,-1.5560611,6.1339331,6.8729272,23.8879395,37.0390625,"Wh96015","WSP Zeroed"
"363","2950","14NY0733",17.38830185,13.26824955,-1.5267309,5.65684985,6.38349485,22.95847325,35.1210804,"Wuh09183i","WSP Zeroed"
"364","2757","14NY0166-1",12.7093706,7.3522439,-1.4872578,6.5455842,7.0775971,25.9453793,39.8806915,"Wh07020a","WSP Zeroed"
"365","3351","15NY0521",23.7345428,14.6451149,-1.4663149,4.7058015,5.7592697,21.30196,32.0127525,"Wh96011","WSP Zeroed"
"366","2847","14NY0483-1",34.1989098,28.9825096,-1.443992,2.9297762,4.4651585,14.5879669,21.9185658,"R825","WSP Zeroed"
"367","3065","14W31340",26.9935875,28.300333,-1.4384885,3.9121675,4.3597841,13.8648243,21.7258472,"Wuh09098i","WSP Zeroed"
"368","1418","14W31553-2",12.6898613,12.7736359,-1.4302368,8.3534164,8.2834673,15.9348221,32.7821808,"IL784a","WSP Zeroed"
"369","3305","15NY0268",17.4007607,9.2366028,-1.3931189,5.7839041,6.4188795,23.7688808,36.3391266,"Wuh09170i","WSP Zeroed"
"370","2985","14NY0868-2",19.2903557,19.6165085,-1.3864616,5.6453533,6.2877359,20.499176,32.3385468,"MR14","WSP Zeroed"
"371","3356","15NY0537",17.4105682,12.5790501,-1.3372552,5.8501558,6.3980069,22.8276615,35.2828102,"Wuh07413i","WSP Zeroed"
"372","3262","15NY0045",23.8913651,15.0156498,-1.3284081,4.7201991,5.5934682,20.5865707,31.1246891,"Wh08022","WSP Zeroed"
"373","2760","14NY0175-2",13.0710955,7.9705548,-1.3152575,6.1608219,6.8808899,25.1686401,38.5525703,"Wh09126R","WSP Zeroed"
"374","3277","15NY0117",26.0830345,17.1449356,-1.2745357,4.3880048,5.4139571,19.7381744,29.7503853,"Wuh09174i","WSP Zeroed"
"375","3388","15NY0719",26.2490234,18.0499344,-1.2731537,4.3674507,5.3592215,19.0952034,29.002924,"R851","WSP Zeroed"
"376","3285","15NY0176",21.2235451,15.3613071,-1.2724009,5.1572084,6.0006108,21.2333775,32.6071014,"Wh07165R","WSP Zeroed"
"377","3255","15NY0012",19.6118698,14.8854828,-1.2674158,5.1858149,6.0704775,21.498415,32.9802704,"Wuh09153i","WSP Zeroed"
"378","2836","14NY0346-2",19.484375,15.9298768,-1.2635561,5.38785505,6.16322545,21.36444285,33.0358105,"Wh08091","WSP Zeroed"
"379","2960","14NY0753-2",11.3183279,7.7431059,-1.2550075,6.5877361,7.2139311,25.8486977,39.9701118,"Wh9261","WSP Zeroed"
"380","1543","14W31845-1",0,1.5835838,-1.2536163,10.3123455,9.1532326,15.299408,37.6907539,"Ma609","WSP Zeroed"
"381","2834","14NY0345-1",12.3954039,16.8222961,-1.252974,6.5885534,6.6388855,21.7048187,34.7961197,"Wh94053","WSP Nulled"
"382","2912","14NY0649-1",21.6557808,21.8445835,-1.2485619,5.3247795,5.8317986,18.7878284,29.7915707,"Wh00051","WSP Zeroed"
"383","2911","14NY0645",21.8286037,17.3407264,-1.24155165,5.0435412,5.8568275,20.4180994,31.4348364,"Wuh07186i","WSP Zeroed"
"384","2990","14W30455-1",25.1015816,20.1715107,-1.2296896,4.7387304,5.4965625,18.5118752,28.8093929,"tropical","WSP Zeroed"
"385","61","14NY0043-1",9.9103622,7.9275055,-1.2253265,8.442564,9.6067924,17.2440567,36.5297928,"Check1","WSP Nulled"
"386","2828","14NY0338-1",9.3877153,16.8532238,-1.2213233,7.0648403,6.9679012,22.1302338,36.0143509,"Wh05081a","WSP Nulled"
"387","3118","14W31668",24.2413864,23.3000603,-1.2088311,3.9430075,4.4860282,15.3319998,23.55373,"Wuh09097i","WSP Zeroed"
"388","2728","14NY0075-2",15.9956236,11.1663532,-1.1762531,5.9099197,6.592886,23.6418839,36.3999901,"34f","WSP Zeroed"
"389","2913","14NY0649-2",20.293911,22.1984444,-1.1747261,5.5419888,5.9174786,18.7294121,30.015377,"Wh00051","WSP Nulled"
"390","17","14NY0011",15.4743118,12.9718628,-1.1722794,9.0456257,9.942852,20.9634666,37.0384407,"Check1","WSP Nulled"
"391","2887","14NY0609",19.5194764,14.38974905,-1.1638015,5.28571415,6.0173042,21.4961071,32.9860449,"Wuh07422i","WSP Zeroed"
"392","2807","14NY0300-2",15.0000925,12.3363781,-1.1597593,6.1425905,6.7020626,23.4143333,36.4711151,"Wh96011","WSP Zeroed"
"393","2732","14NY0081-2",16.1145554,14.3395405,-1.1194577,6.0569534,6.5360632,22.0199165,34.7739449,"R851","WSP Zeroed"
"394","2895","14NY0625-1",9.6701298,11.4941607,-1.0987726,6.3668127,6.9734206,23.9447441,37.4758835,"Wh03031","WSP Zeroed"
"395","2921","14NY0668-2",15.2701387,20.0531616,-1.0892615,6.2512655,6.588542,20.4986725,33.241497,"Wh04036V","WSP Zeroed"
"396","2957","14NY0748-1",9.5738792,15.9728279,-1.0719155,6.8751416,7.1286993,22.7264462,36.7143631,"Wh07165R","WSP Nulled"
"397","3057","14W31311",27.3604507,31.463501,-1.0708841,4.1008272,4.0571904,11.7743721,19.3803883,"Wuh09093i","WSP Zeroed"
"398","3317","15NY0308",25.6368942,18.1581993,-1.0557829,4.4066229,5.3544369,18.8355751,28.8109188,"Wh09137R","WSP Zeroed"
"399","2846","14NY0473-2",14.6436586,10.7840443,-1.0486304,6.1613054,6.712009,23.919054,37.0493546,"R839","WSP Zeroed"
"400","3345","15NY0491",25.2951851,16.4536266,-1.0246599,4.5250788,5.3948083,19.4518948,29.6218891,"Wh08022","WSP Zeroed"
"401","1759","14W32428-1",2.8017311,5.4576492,-1.0174255,12.1108341,10.698391,14.6831055,40.4685097,"C27","WSP Zeroed"
"402","2923","14NY0669-2",25.1549644,22.4728241,-1.0124959,4.6951857,5.5117855,17.9503136,28.188591,"Wuh09098i","WSP Zeroed"
"403","3203","14W32230",24.6721077,26.9454842,-1.0113659,4.347827,4.5337877,13.9598103,22.4792633,"V775","WSP Zeroed"
"404","2977","14NY0792-1",12.6874151,17.2170334,-1.0113525,6.6047378,6.932013,21.957407,35.4585915,"Wh00033","WSP Zeroed"
"405","3176","14W32067",30.4194679,28.6240635,-0.9981112,3.3585982,4.0501986,12.7828999,19.9454288,"Wuh07466i","WSP Nulled"
"406","2970","14NY0767-1",8.2067423,10.9729385,-0.9973879,6.9455862,7.5141358,25.1668663,39.872406,"Wh96015","WSP Nulled"
"407","2965","14NY0758-1",7.9330473,15.0623522,-0.9949573,7.0317492,7.3511705,23.3240509,37.7291031,"Wh07051","WSP Nulled"
"408","3310","15NY0287",27.1161346,18.8995323,-0.967639,4.2650671,5.178709,18.2156334,27.8470268,"EP84","WSP Zeroed"
"409","3384","15NY0693",29.3645287,21.5725613,-0.9649353,4.0233126,4.9923902,17.1887131,26.3253651,"Wh98063","WSP Zeroed"
"410","2825","14NY0329-2",16.4942703,12.7079697,-0.9580172,5.8892345,6.4464417,22.4252167,35.0171547,"Wh9261","WSP Zeroed"
"411","3399","15NY0803",23.8698845,16.2867222,-0.9579722,4.7220755,5.6859245,20.2513199,30.951273,"Wuh09174i","WSP Zeroed"
"412","3440","15W2362-2",18.2571373,19.955822,-0.9187756,5.5425253,6.005024,19.289917,30.8673973,"Wh07013","WSP Zeroed"
"413","3415","15NY0879",28.303978,19.9667778,-0.9123716,3.9203072,5.0396385,17.6624832,26.8453579,"Wh95016a","WSP Zeroed"
"414","2884","14NY0601-2",18.8620186,15.0977201,-0.8982705,5.5583854,6.2024164,21.3649921,33.319603,"SC6069","WSP Zeroed"
"415","1461","14W31669-1",16.1291313,15.9028511,-0.8493118,7.6775508,8.4041224,14.0479202,30.0797958,"IL784a","WSP Zeroed"
"416","1493","14W31729-1",43.2494965,46.0204391,-0.8412628,4.9765196,5.5407085,1.0299606,11.5995235,"A648","WSP Zeroed"
"417","3435","15W2337-2",19.8017235,21.6443119,-0.8356215,5.3781676,5.819746,18.3773174,29.5557861,"Wh93017","WSP Nulled"
"418","3367","15NY0621",23.4437981,13.1896257,-0.8277715,4.8132358,5.7077217,20.776228,31.7177925,"Wh10049R","WSP Zeroed"
"419","2971","14NY0767-2",12.5660563,14.9155579,-0.7851146,6.3854132,6.9481339,22.7012348,36.2240143,"Wh96015","WSP Nulled"
"420","3470","15W2819-2",20.2495232,21.8721542,-0.7680265,5.1801386,5.7149887,18.0473003,28.9342327,"Wh96034","WSP Zeroed"
"421","3069","14W31349",32.8420639,37.6580353,-0.7595853,3.6144629,3.451088,8.4526863,14.8408813,"Wuh09093i","WSP Nulled"
"422","3380","15NY0686",22.6148148,15.1272383,-0.7570708,4.9980841,5.8201237,20.399559,31.5517921,"Wh10034R","WSP Zeroed"
"423","3278","15NY0118",28.6722336,21.0685501,-0.7498327,4.0159192,4.9734192,17.0495186,26.224596,"Wh98063","WSP Zeroed"
"424","3083","14W31444",26.0658646,25.330471,-0.7454617,3.8533692,4.2537813,13.8200674,21.7415543,"Wuh09097i","WSP Nulled"
"425","2920","14NY0668-1",14.9372149,21.1987896,-0.7438871,6.4873128,6.5291395,19.606678,32.5065765,"Wh04036V","WSP Zeroed"
"426","2786","14NY0250-2",11.85309265,10.0194526,-0.74202705,6.3501556,6.76336025,23.3539066,36.7803764,"Wh03031","WSP Zeroed"
"427","2891","14NY0614-2",12.1779127,13.5184088,-0.7363605,6.5205102,6.9723983,23.0534897,36.7521057,"Wh09009","WSP Zeroed"
"428","74","14NY0050-2",5.9958115,3.6038666,-0.7221298,8.1650848,9.4892178,20.1123619,40.7923203,"Check1","WSP Nulled"
"429","2867","14NY0566-1",16.9551697,22.3396358,-0.7128819,6.0767956,6.253768,18.9942665,31.2027264,"Wh98044","WSP Zeroed"
"430","3319","15NY0316",22.9318066,19.64149285,-0.70614145,5.10971685,5.6753392,18.53632925,29.45100785,"Wh09033","WSP Zeroed"
"431","554","14NY0520-2",45.4121437,45.8536453,-0.6982346,3.0105293,4.0786414,4.2618332,11.097477,"ND1","WSP Zeroed"
"432","3276","15NY0115",26.3743248,27.8083134,-0.6602454,4.6338377,5.1709299,15.2825098,24.8993912,"Wuh07177i","WSP Zeroed"
"433","3163","14W32029",26.6079826,26.6085072,-0.6393598,3.8842435,4.1726809,13.0348539,20.8769264,"Wuh09150i","WSP Zeroed"
"434","3390","15NY0730",29.7191658,22.4968796,-0.6186349,3.8831501,4.8725257,16.4180679,25.3276768,"Fa56A","WSP Zeroed"
"435","3379","15NY0682",27.3605118,19.9500351,-0.6142442,4.3185964,5.1346102,17.5992241,27.2687283,"Wuh09183i","WSP Zeroed"
"436","3476","15W2835-2",14.8039198,20.8742752,-0.5970294,6.1821723,6.3631124,19.2906494,31.8086319,"Wh09141R","WSP Zeroed"
"437","1192","14W31052-1",9.4858131,11.2148666,-0.5953751,7.8123908,8.3144817,10.7396355,29.4276314,"We03418a","WSP Zeroed"
"438","3076","14W31424",24.398819,30.2544613,-0.5866396,4.6239719,4.2137842,11.5301437,19.8463516,"If853","WSP Zeroed"
"439","3422","15NY0913",29.7659798,25.2463608,-0.5713172,3.9839211,4.6670837,14.2632513,22.9931431,"Wh92047","WSP Zeroed"
"440","3385","15NY0694",21.2502823,11.0810642,-0.5554628,5.2310524,5.9304132,21.5410805,33.2181168,"Wuh07429i","WSP Zeroed"
"441","2916","14NY0656-1",27.18369485,28.4800062,-0.52540955,4.59140945,5.18965125,14.8742194,24.4958029,"DF14","WSP Nulled"
"442","3466","15W2768-2",16.2764168,22.2777042,-0.5241207,5.9656663,6.1123095,18.3850231,30.3972988,"Wh92054","WSP Nulled"
"443","3288","15NY0188",27.6707916,20.2198353,-0.5239463,4.2092795,5.0979261,17.4117699,26.9548531,"Wuh09183i","WSP Zeroed"
"444","3045","14W31244",27.0746498,28.3127384,-0.5208055,4.037827,4.1403456,12.2662926,20.1445236,"Wuh07466i","WSP Nulled"
"445","3304","15NY0265",25.8824387,16.8796196,-0.50169,4.4462023,5.4111853,18.8913651,29.128418,"34f","WSP Zeroed"
"446","2938","14NY0714-1",17.1898003,9.9819784,-0.4981424,5.7353258,6.3292961,22.5139885,35.0662842,"Wh05070a","WSP Zeroed"
"447","3468","15W2804-2",15.8561621,20.9673843,-0.4922844,6.1006765,6.4239645,19.6852322,32.213932,"Wh00065","WSP Zeroed"
"448","2892","14NY0620-2",12.3478632,19.2478333,-0.4877743,6.6576619,6.7166567,20.188303,33.5400162,"Wh10140R","WSP Zeroed"
"449","2944","14NY0725-1",23.4976425,28.3183479,-0.4816612,5.1747999,5.3558536,14.7047644,24.9900532,"A632","WSP Zeroed"
"450","2885","14NY0608-1",11.1784048,17.5455894,-0.4764658,6.6065111,6.7090979,20.6474018,33.9597397,"Wh94053","WSP Zeroed"
"451","3502","15W3170-2",18.2580223,21.932806,-0.4759939,5.6195822,6.0667315,18.6262398,30.33918,"Wh98044","WSP Nulled"
"452","2764","14NY0198-2",15.4702272,10.7411194,-0.4691415,6.1967306,6.6962962,23.2733326,36.5791016,"Wh10035R","WSP Zeroed"
"453","3333","15NY0393",23.4245911,22.9729061,-0.4641005,5.0047722,5.6018257,17.5244865,28.2003613,"Wh10006R","WSP Nulled"
"454","600","14NY0560-2",32.1480255,32.5483398,-0.463913,3.6598539,6.0662479,9.7913322,15.5351734,"Check3","WSP Zeroed"
"455","3034","14W31121",34.8372231,40.080925,-0.4622049,3.6601076,3.4671726,7.2844219,13.6816673,"Wuh07177i","WSP Zeroed"
"456","3343","15NY0471",25.2857857,21.6135273,-0.4579549,4.5542793,5.3179216,16.7445679,26.8293152,"Wh92047","WSP Zeroed"
"457","3026","14W31062",24.4952736,24.9756165,-0.454437,4.1966114,4.4539247,13.750411,22.2746372,"Wuh09170i","WSP Zeroed"
"458","3236","14W32347",35.9847755,40.8159256,-0.4425088,3.5163941,3.3778987,6.931324,13.0956421,"Wuh07177i","WSP Zeroed"
"459","2755","14NY0162-1",8.4285612,12.5055466,-0.4402018,7.0096235,7.3580666,23.8621635,38.468853,"Wh09075","WSP Nulled"
"460","2739","14NY0117-1",12.3145819,11.6860352,-0.4254667,6.5809941,6.8713198,22.9937286,36.7720718,"Wh04020a","WSP Zeroed"
"461","2780","14NY0239-1",12.8903246,20.476696,-0.4003006,6.7376671,6.7259746,20.1445541,33.5376244,"Wh00033","WSP Zeroed"
"462","2785","14NY0250-1",15.5275302,13.4691553,-0.39439235,5.82619715,6.25623465,21.02413465,33.413435,"Wh03031","WSP Zeroed"
"463","3483","15W2968-1",15.2945528,22.9180832,-0.3777225,6.2578773,6.2361479,18.2881966,30.6860561,"Wh07165R","WSP Zeroed"
"464","2466","15W2414-1",21.0025291,21.5651398,-0.3754196,6.3239202,6.008728,1.5070343,14.8365097,"C5-NT","WSP Zeroed"
"465","2860","14NY0540-2",13.3828897,21.5814877,-0.369619,6.7104454,6.2510138,17.9696579,30.7402954,"Wh10163","WSP Nulled"
"466","3226","14W32309-1",17.1294937,26.1967201,-0.35452,6.1605368,5.9047718,15.9271297,27.7399712,"A632","WSP Zeroed"
"467","2687","15W3419-1",44.4178772,46.5732956,-0.3511124,3.7368803,4.8580785,1.1614799,10.5764942,"A648","WSP Zeroed"
"468","3224","14W32307",34.3781967,39.9684715,-0.3433017,3.7318673,3.4624262,7.1756496,13.6619492,"Wuh08127i","WSP Zeroed"
"469","2845","14NY0440-1",33.6652584,34.67002295,-0.33977965,3.9067206,4.38901735,11.10997295,19.0596018,"B73","WSP Zeroed"
"470","460","14NY0444-1",14.2914167,12.7791764285714,-0.330777885714286,8.2637704,9.44981768571428,19.4452765285714,35.3166171571429,"Check1","WSP Nulled"
"471","2298","15NY0796",44.3792419,46.298996,-0.3302841,2.9374282,3.5110979,0.8270721,8.8755589,"A7","WSP Nulled"
"472","3212","14W32248",28.6464043,28.5049381,-0.323276,3.9078031,4.1667948,12.5715618,20.4509125,"tropical ","WSP Zeroed"
"473","1298","14W31309-1",11.149044,14.0076332,-0.3101578,9.5109825,9.6875973,19.9229088,38.3766136,"I45","WSP Nulled"
"474","2945","14NY0725-2",23.4534798,26.0463829,-0.3082392,4.9517078,5.4119701,15.3687258,25.6735058,"A632","WSP Zeroed"
"475","3474","15W2830",15.4509134,22.662487,-0.3061353,6.2805023,6.2404976,18.3103504,30.7412186,"Wh10173V","WSP Nulled"
"476","3016","14W30940-1",18.9186172,23.7654972,-0.2801987,5.6550722,5.8217473,17.0641861,28.5226517,"Wh10216V","WSP Nulled"
"477","2843","14NY0407-1",32.8780619333333,31.6497503666667,-0.261999133333333,3.8026684,4.69093083333333,12.9398972333333,21.3054014666667,"OH43","WSP Zeroed"
"478","379","14NY0363-2",37.2036209,38.6925964,-0.2608871,3.0229809,4.9008904,4.0860291,11.2854729,"IL110K","WSP Zeroed"
"479","3313","15NY0295",17.2344475,14.9289989,-0.2522382,5.983079,6.3010721,20.8514519,33.4717064,"Wuh07183i","WSP Zeroed"
"480","1560","14W31864-1",3.7993431,6.9166679,-0.2387238,10.6229439,10.0564709,12.4631157,36.0554314,"IL801a","WSP Nulled"
"481","3270","15NY0098",16.7788734,14.5029688,-0.2377813,5.873807,6.3399649,21.0366669,33.6277809,"Wuh09149i","WSP Zeroed"
"482","3264","15NY0067",25.6840401,15.8627815,-0.23737,4.4629364,5.3483624,18.7400436,29.0166397,"Wh10035R","WSP Zeroed"
"483","3245","14W32461-1",15.1433954,22.3232689,-0.2102284,6.2409172,6.2310123,18.1258316,30.5751839,"Wh93017","WSP Nulled"
"484","2967","14NY0760-1",18.6402016,22.1158524,-0.1918732,5.7960787,6.1481314,18.3856697,30.3785095,"Wh10006R","WSP Nulled"
"485","2953","14NY0745-1",16.134903,21.3950119,-0.1828539,6.1653724,6.2449226,18.478651,30.8793354,"Wh96034","WSP Zeroed"
"486","2838","14NY0362-1",30.3568497,34.8987274,-0.1825551,4.4397407,4.61236,10.9336014,19.5956974,"A632","WSP Zeroed"
"487","2876","14NY0576-1",16.1970901,19.1953354,-0.1709697,6.0014973,6.4395323,19.7694302,32.3856163,"Wh08042","WSP Zeroed"
"488","3020","14W30945-1",5.3857565,17.0068359,-0.1550972,7.8418384,7.4446912,22.4829407,37.7681885,"Wh09068","WSP Nulled"
"489","3089","14W31479",23.6214638,23.9667149,-0.1436799,4.2899919,4.316895,13.4135523,21.9331646,"Wuh09188i","WSP Nulled"
"490","3180","14W32075",18.9933243,20.1015167,-0.1031268,5.1568394,5.1017861,16.3209801,26.5754814,"Wuh09191i","WSP Zeroed"
"491","2484","15W2544-2",35.9806519,38.5259552,-0.1006393,6.0461454,4.8661156,-0.8023224,11.6536217,"A7","WSP Nulled"
"492","3102","14W31546",28.6447315,28.75095845,-0.09855075,3.7913115,4.0086813,11.41018295,19.06019495,"Wuh09170i","WSP Zeroed"
"493","2727","14NY0075-1",15.3954306,11.242403,-0.0942841,6.0321784,6.5282488,22.3502846,35.3767319,"34f","WSP Zeroed"
"494","3441","15W2367-2",17.1616669,23.0411034,-0.0902586,6.0397563,6.1661325,18.0903339,30.2886734,"Wh00033","WSP Zeroed"
"495","2085","15NY0451",18.5754356,18.4522057,-0.085434,10.5538025,7.89079,11.0493202,32.6110458,"IL793a","WSP Zeroed"
"496","3260","15NY0036",26.493969,17.0104885,-0.0848508,4.3507509,5.1574574,17.9899254,27.9319477,"Wh09126R","WSP Nulled"
"497","3108","14W31632",23.8617401,24.7950134,-0.0847681,4.3607712,4.4092913,13.4711571,22.1406898,"Wuh07481i","WSP Zeroed"
"498","2855","14NY0522-1",24.2387848,26.0448437,-0.078264,5.1845422,5.5591831,15.8254938,26.5037899,"F7","WSP Zeroed"
"499","2770","14NY0213-2",4.9859314,20.5694466,-0.0768204,8.0476418,6.9569306,19.2148361,33.93927,"Wh92054","WSP Nulled"
"500","2980","14NY0815-2",29.5997505,32.3409576,-0.0706704,4.3561616,4.7227268,11.6888351,20.5381126,"A632","WSP Zeroed"
"501","3139","14W31863-1",5.3056822,18.1546173,-0.0573974,7.9835129,7.4098482,21.6096306,36.968338,"Wh09068","WSP Nulled"
"502","2719","14NY0017-1",20.3797555,26.2350445,-0.0569705,5.73077965,5.779726,15.88528825,27.2613716,"W64A","WSP Zeroed"
"503","3156","14W31944",25.5602875,26.5200481,-0.051342,4.0989347,4.1401553,12.2273407,20.3359718,"Wuh09188i","WSP Nulled"
"504","3079","14W31432-2",1.2353897,18.3349171,-0.0496473,8.8063984,7.7454028,21.9707928,38.3113022,"Wh10046R","WSP Nulled"
"505","3336","15NY0404",35.4671173,32.9002686,-0.0407126,3.3188,4.2023187,11.255703,18.6918983,"B73","WSP Zeroed"
"506","3099","14W31542",35.751049,41.3561668,-0.0385447,3.6832285,3.367866,6.1953869,12.568676,"Wuh08127i","WSP Zeroed"
"507","1468","14W31679-1",10.488884,12.0541306,-0.0354767,8.8107891,9.8409109,11.6135025,30.5024872,"IL803a","WSP Nulled"
"508","2781","14NY0239-2",13.5992899,23.4172459,-0.0349498,6.9789696,6.5541835,18.3114758,31.6752014,"Wh00033","WSP Nulled"
"509","3460","15W2617-1",11.3272943,21.0965214,-0.0323529,6.9367952,6.6042957,19.0532455,32.5515747,"Wh09087","WSP Nulled"
"510","3014","14W30921",30.211132,31.5913067,-0.0252538,3.7900529,3.9225092,10.3674889,17.8482418,"Wuh09153i","WSP Zeroed"
"511","2841","14NY0405-1",24.7004547,25.9610825,-0.0217254,4.9644756,5.4873362,15.3886185,25.8479538,"Mo17","WSP Zeroed"
"512","3289","15NY0189",18.2710075,15.0474844,-0.0174503,5.6220822,6.1734147,20.382618,32.6124039,"Wuh07481i","WSP Zeroed"
"513","3192","14W32121",31.0648155,29.9910889,-0.0109968,3.4798717,3.8334394,10.8200607,17.9950294,"Wuh07422i","WSP Zeroed"
"514","2975","14NY0789-1",13.3006887,17.5629349,-0.0075326,6.3542471,6.7024155,20.336731,33.6391258,"If825","WSP Zeroed"
"515","2844","14NY0407-2",31.7994715333333,30.4472891333333,-0.0013818,4.02149786666667,4.7744551,13.1261542666667,21.8621565333333,"OH43","WSP Zeroed"
"516","541","14NY0508",23.32827,NA,NA,11.0399799,7.3504086,-11.1202412,15.27458,"Check1","Sucrose Nulled"
"517","192","14NY0163-2",18.4159241,NA,NA,8.6736488,6.7864461,-5.211607,14.4651642,"S4","Sucrose Nulled"
"518","103","14NY0067-1",25.3532047,23.3339882,0,6.8193307,5.5217481,-4.9929733,7.5383472,"Check2","Sucrose Zeroed"
"519","947","14NY0873-1",46.0988579,36.0317612,0,6.2647729,7.947413,-3.0304413,10.8873043,"A7","Sucrose Zeroed"
"520","946","14NY0873",45.7703171,35.7124557,0,6.2315307,8.0018387,-2.9234924,11.0519543,"A7","Sucrose Zeroed"
"521","1602","14W32026",11.3309784,25.5827141,15.7233887,5.1974201,4.2670498,-2.8831367,2.5452061,"Ind. 5817","Sucrose Nulled"
"522","1746","14W32341",0,24.9099846,26.5711899,5.7542319,3.8084197,-2.4399567,1.3515921,"EP58","Sucrose Zeroed"
"523","991","14W30468-1",35.6438141,36.932518,0,5.2871966,5.667016,-2.416893,10.78619,"A7","Sucrose Zeroed"
"524","337","14NY0316-1",23.30373,27.8362999,3.7167587,4.9207201,4.2181559,-2.3754311,8.1543369,"Wu99811","Sucrose Zeroed"
"525","1220","14W31101-1",9.8096504,22.8179741,11.6821213,4.885211,4.7333422,-2.0142632,12.8048878,"G8","Sucrose Zeroed"
"526","1405","14W31544",18.00967405,41.4604187,22.58335115,3.1598064,3.1083945,-1.71942135,-2.0078993,"IL761a","Sucrose Nulled"
"527","948","14NY0873-2",43.6019287,34.8346405,0,5.6689725,7.1670918,-1.4410934,12.10952,"A7","Sucrose Zeroed"
"528","553","14NY0520-1",44.4026909,42.378067,0,3.6809311,4.5885468,-1.0420151,7.4543858,"ND1","Sucrose Nulled"
"529","2484","15W2544-2",35.9806519,NA,NA,6.0461454,4.8661156,-0.8023224,11.6536217,"A7","Sucrose Zeroed"
"530","1374","14W31503-1",31.1460419,34.5545502,0.1935501,5.6769753,5.4752593,-0.7478561,12.3869705,"A15","Sucrose Zeroed"
"531","1402","14W31530-1",23.6517143,29.2346001,2.4124756,5.1160402,4.7953739,-0.6941109,10.4394741,"257A9","Sucrose Zeroed"
"532","1207","14W31072",17.6831017,38.4880066,19.7562485,2.413213,1.983011,-0.4504585,-0.4677124,"W6366","Sucrose Zeroed"
"533","1353","14W31459-1",14.31848905,22.57730485,5.33182145,6.2731819,6.0024099,-0.42988965,14.8451576,"A685su","Sucrose Zeroed"
"534","1394","14W31521",13.6629677,30.714241,16.1686707,3.2334127,1.7704701,-0.397644,2.090704,"IL773a","Sucrose Zeroed"
"535","1406","14W31545",8.2541656,26.2761955,18.16819,3.457644,1.6663527,-0.3732719,3.5713787,"Check2","Sucrose Zeroed"
"536","1479","14W31712",6.5435104,27.4339027,21.1281204,3.2368002,1.6818528,-0.3015518,3.7713623,"Check2","Sucrose Zeroed"
"537","1600","14W31957-1",6.2032738,9.0125465,2.8073807,8.9097366,7.2727785,-0.223793,20.7932625,"IL773a","Sucrose Zeroed"
"538","1731","14W32321-1",12.1113129,28.9656143,15.7626495,4.9852276,3.8603647,-0.1542244,10.0305023,"C65","Sucrose Zeroed"
"539","1304","14W31319",8.6575661,27.5252914,19.3186035,3.613785,2.0198224,-0.1384392,3.8817329,"Check2","Sucrose Zeroed"
"540","1100","14W30843",11.8816223,26.5445786,14.8952026,3.1265743,1.8730068,-0.1359863,3.1056881,"Check2","Sucrose Zeroed"
"541","69","14NY0048-1",30.4249802,32.7306442,1.3464584,3.2670913,4.5670786,-0.0656357,8.2432938,"W3742","Sucrose Zeroed"
"542","1505","14W31741-1",12.64077,22.7700386,8.9380569,4.7733259,4.0160627,-0.0180054,11.1224098,"Check2","Sucrose Zeroed"
"543","1798","14W32479",15.0120163,32.4831467,17.0258102,2.2680898,1.6401205,-0.0049553,1.7012033,"A10579","Sucrose Nulled"
"544","1083","14W30743",19.4402962,44.4094162,26.1566696,2.01123,2.042697,4.6389046,-0.7899351,"LUTHER HILL","Total.Sugar Nulled"
"545","1207","14W31072",17.6831017,38.4880066,19.7562485,2.413213,1.983011,0,-0.4677124,"W6366","Total.Sugar Zeroed"
"546","901","14NY0846-1",49.9397545,NA,NA,0.3508595,5.3388939,18.6074371,14.4388046,"IL14b","Starch Nulled"
"547","294","14NY0262-1",35.5999908,40.0524139,2.5113983,3.2977962,5.0932722,4.5143318,11.9454708,"P39","Starch Nulled"
"548","3121","14W31704",33.2626953,32.4019623,0.4082952,3.3942313,3.6713533,9.3823566,16.3360996,"Wuh07469i","Starch Nulled"
"549","1804","15NY0005",45.3232193,55.01828,9.7317505,1.1135014,1.2199035,8.3724403,9.2530155,"V781","Total.Polysaccharides Nulled"
"550","1401","14W31530",42.7086945,51.7158966,7.9605789,4.3253245,4.5780168,9.0419502,10.047224,"257A9","Total.Polysaccharides Nulled"
"551","1759","14W32428-1",2.8017311,5.4576492,0,12.1108341,10.698391,14.6831055,40.4685097,"C27","Glucose Nulled"
"552","541","14NY0508",23.32827,NA,NA,11.0399799,7.3504086,NA,NA,"Check1","Glucose Nulled"
"553","2085","15NY0451",18.5754356,18.4522057,0,10.5538025,7.89079,11.0493202,32.6110458,"IL793a","Glucose Nulled"
"554","1490","14W31722-1",2.3131027,17.051693,12.3264999,10.1232424,9.9689875,21.5029488,40.9565544,"C42","Glucose Nulled"
"555","120","14NY0078-1",3.0301056,14.6611137,9.4403,10.0210152,9.1223793,21.5512543,41.7272072,"Check1","Glucose Nulled"
"556","18","14NY0011-1",0.2602615,4.0886154,5.5938873,9.9302559,9.6610527,21.3646622,44.6774979,"Check1","Glucose Nulled"
"557","2494","15W2558-2",15.3144646,16.2962914,1.3530502,9.7423172,9.2930975,20.4558449,37.8701363,"Check1","Glucose Nulled"
"558","1092","14W30836-1",NA,NA,11.0314255,9.7055206,9.3117638,16.2731667,37.0745468,"Check1","Glucose Nulled"
"559","119","14NY0078",3.8838234,14.9004173,8.9388123,9.7046871,9.392786,21.9288445,41.1137619,"Check1","Glucose Nulled"
"560","1248","14W31128-1",NA,NA,12.1435013,9.6374617,9.3552322,16.1633911,35.7288666,"Check1","Glucose Nulled"
"561","536","14NY0505-1",4.5191689,14.5185623,8.6439133,9.5609379,8.8831911,20.013401,39.2755547,"Check1","Glucose Nulled"
"562","1298","14W31309-1",11.149044,NA,NA,9.5109825,9.6875973,19.9229088,38.3766136,"I45","Glucose Nulled"
"563","1470","14W31702-1",8.895546,18.0045624,6.9575958,9.4365377,9.804244,13.6728363,31.9792976,"Wu00802","Glucose Nulled"
"564","1927","15NY0208",8.5925903,15.3363037,6.2730408,9.4227295,7.741312,9.1873131,29.6093292,"IL773a","Glucose Nulled"
"565","3078","14W31432-1",NA,NA,0.096168,9.3555365,8.1854477,23.6111832,41.0309143,"Wh10046R","Glucose Nulled"
"566","62","14NY0043-2",13.0342026,13.8239708,0.6245193,9.3511963,9.5031538,15.1578674,32.6697311,"Check1","Glucose Nulled"
"567","563","14NY0527-1",2.6914177,15.4918137,10.6638947,9.1350002,8.6810322,18.6786804,37.6254997,"We05401","Glucose Nulled"
"568","1347","14W31453-1",2.8074722,11.5588989,8.2506714,9.119072,8.7659521,17.8797798,37.7312241,"Check1","Glucose Nulled"
"569","17","14NY0011",15.4743118,NA,NA,9.0456257,9.942852,20.9634666,37.0384407,"Check1","Glucose Nulled"
"570","2131","15NY0519",6.8138313,17.732048,9.9061508,8.9784355,8.5787382,18.0043831,36.164032,"Check1","Glucose Nulled"
"571","1759","14W32428-1",2.8017311,5.4576492,0,NA,10.698391,14.6831055,NA,"C27","Fructose Nulled"
"572","1490","14W31722-1",2.3131027,17.051693,12.3264999,NA,9.9689875,21.5029488,NA,"C42","Fructose Nulled"
"573","17","14NY0011",15.4743118,NA,NA,NA,9.942852,20.9634666,NA,"Check1","Fructose Nulled"
"574","1468","14W31679-1",10.488884,NA,NA,8.8107891,9.8409109,11.6135025,30.5024872,"IL803a","Fructose Nulled"
"575","1470","14W31702-1",8.895546,18.0045624,6.9575958,NA,9.804244,13.6728363,NA,"Wu00802","Fructose Nulled"
"576","2919","14NY0666-2",2.7438574,NA,0,7.5285826,8.5876551,34.8276749,51.0261383,"Wh01001","Sucrose Nulled"
"577","2910","14NY0643-2",8.2037029,0.843261,0,6.6986403,8.1426506,33.5793381,48.3713684,"Wh07061a","Sucrose Nulled"
"578","2806","14NY0300-1",6.9345694,2.9875,0,6.9789462,7.9785185,31.1068554,46.1233139,"Wh96011","Sucrose Nulled"
"579","2790","14NY0269-2",3.0927916,NA,0,7.507308,8.4773083,33.6076355,49.8410645,"Wh10049R","Total.Sugar Nulled"
