"","Position","Samples","Starch","Total.Polysaccharides","WSP","Glucose","Fructose","Sucrose","Total.Sugar","Variety","Edit"
"1","1927","15NY0247",-6.3622169,3.4157257,14.6839752,7.3357692,7.0177236,31.9538651,50.269249,"V775","Starch Nulled"
"2","1020","14W30518-1",-4.4642067,17.8829308,20.4851608,6.4463325,7.0560236,15.5384407,32.710495,"IL802b","Starch Zeroed"
"3","1066","14W30732-1",-4.3720474,17.5666428,22.9608612,6.9325819,6.4945698,14.7680626,31.4316711,"IL747b","Starch Zeroed"
"4","2767","15W3966",-4.2658997,30.319603,36.3842545,4.4722977,1.5159802,4.4492455,10.5643654,"P39Goodman-Buckler","Starch Nulled"
"5","1389","14W31549-1",-3.5861664,16.3649864,18.3765259,6.5257993,7.6643171,14.4116898,29.9476242,"Il677a","Starch Zeroed"
"6","3028","14W30946-1",-3.3021765,5.9970036,2.7786021,7.294117,9.0301142,24.2455559,31.8850784,"Wuh07183i","Starch Zeroed"
"7","3109","14W32029-1",-3.2433522,5.4087257,3.6251664,7.0664244,8.9977226,22.5500298,27.4086208,"Wuh09150i","Starch Nulled"
"8","1388","14W31549",-3.2429466,31.2460022,35.1006393,4.2087159,2.3819094,4.2266426,7.585247,"Il677a","Starch Zeroed"
"9","2309","15NY0857",-3.1746445,4.2287788,12.7999344,7.7366085,7.7872467,32.881012,52.0798531,"V775","Starch Nulled"
"10","1376","14W31527",-2.879425,29.1838188,33.9226151,3.3405886,2.40167,3.1062737,4.6798363,"IL778c","Starch Zeroed"
"11","3059","14W31432-1",-2.8403509,15.057024,0.096168,5.0806937,9.307663,27.9031734,37.1727524,"Wh10046R","Starch Nulled"
"12","3137","14W32144-1",-2.5223897,4.9865913,2.9697175,10.4035711,9.2184887,23.3319874,32.4107513,"Wh09117R","Starch Zeroed"
"13","3058","14W31357-2",-2.3849702,9.1548014,1.7899466,5.7600479,8.9600735,25.0185471,29.8439674,"Wh05032a","Starch Zeroed"
"14","3045","14W31273-1",-2.2852988,5.8802185,2.6241407,7.4894133,8.6934967,23.576149,30.7193069,"R839","Starch Zeroed"
"15","882","14NY0830-2",-2.0735931,3.168869,9.08564,7.8060055,8.4419146,29.5237579,48.3681755,"V775","Starch Nulled"
"16","1473","14W31731-2",-2.0135231,22.2394142,25.2611465,4.9413767,4.3160505,12.3099556,22.5142632,"IL802b","Starch Zeroed"
"17","3147","14W32265-1",-2.0082355,10.9429226,1.2344973,5.3393898,8.9629221,26.1133099,36.1162567,"Wh05032a","Starch Zeroed"
"18","814","14NY0766",-1.979702,11.4513855,12.6443863,8.6451721,8.2983694,23.2534485,39.4818344,"Wuh07481i","Starch Zeroed"
"19","3127","14W32077-1",-1.9651561,7.7145343,2.6346941,6.5441928,8.8108463,23.6642075,28.897768,"Wuh07183i","Starch Zeroed"
"20","654","14NY0606",-1.804657,25.0265999,27.3358307,5.3811131,5.8110089,22.9210434,33.5462112,"IL731a","Starch Zeroed"
"21","1227","14W31128-1",-1.6189194,13.9617805,12.1435013,9.6374617,9.3552322,16.1633911,35.7288666,"Check1","Starch Nulled"
"22","1025","14W30528-1",-1.5312119,24.2004356,25.1714401,5.0387163,6.1230502,17.0429077,28.5503159,"IL778c","Starch Zeroed"
"23","3079","14W31546-2",-1.5015149,5.6533465,2.8639326,11.5279379,8.9520149,23.1420364,36.3359909,"Wuh09170i","Starch Zeroed"
"24","2411","15W1336-45",-1.2741737,27.0761566,30.1536255,4.2630606,3.9700892,10.5642509,16.3099098,"Il677a","Starch Zeroed"
"25","1225","14W31126-1",-1.2011261,16.3827019,15.9999161,7.9295521,8.2085047,18.3210144,35.5143929,"We05408","Starch Nulled"
"26","776","14NY0723",-0.9671631,11.7827187,12.6865616,9.2834663,8.1368427,22.7872162,40.1331978,"Wuh09144i","Starch Zeroed"
"27","1088","14W30836-1",-0.9344597,12.5565491,11.0314255,9.7055206,9.3117638,16.2731667,37.0745468,"Check1","Starch Nulled"
"28","1771","14W32476",-0.8887939,32.1598663,33.8788834,3.7389987,3.4219706,5.8003235,10.4601879,"IL772a","Starch Zeroed"
"29","2676","15W3369",-0.8494644,13.0760689,12.0767975,9.5265598,9.5379343,28.7041168,47.3974724,"V775","Starch Zeroed"
"30","3099","14W31920-1",-0.5595937,7.475441,2.7148399,11.3785019,8.868247,22.6538734,34.6865463,"Wh03031","Starch Zeroed"
"31","2463","15W2407-1",-0.5091324,20.4875374,20.581665,7.2880912,7.4916654,18.7857018,34.552021,"We05401","Starch Zeroed"
"32","1518","14W31845-1",-0.2543945,1.5835838,-1.2536163,10.3123455,9.1532326,15.299408,37.6907539,"Ma609","Starch Zeroed"
"33","963","14W30301-1",-0.1824875,15.6413155,14.3584824,6.8057122,7.459949,8.1597443,25.125206,"IL747b","Starch Zeroed"
"34","1722","14W32341",-0.1477852,24.9099846,26.5711899,5.7542319,3.8084197,-2.4399567,1.3515921,"EP58","Starch Zeroed"
"35","1684","14W32264-1",-0.1099968,22.3481598,21.9632111,4.4770322,5.6019607,12.246582,23.3180656,"IL731a","Starch Nulled"
"36","369","14NY0353-1",-0.0040321,21.6043015,23.1972656,5.7096567,6.2628036,24.4551048,36.9181137,"IL766a","Starch Zeroed"
"37","2894","14NY0344-1",3.2842245,-4.6411934,-5.098444,6.4816146,8.3610401,34.3651695,45.2893639,"Wuh98032","Total.Polysaccharides Zeroed"
"38","2883","14NY0322-2",4.4202423,-3.641716,-4.227766,6.3814745,8.1113262,32.047966,41.989315,"Wuh09164i","Total.Polysaccharides Zeroed"
"39","2943","14NY0627-1",3.7432165,-3.160974,-4.9963579,6.8548198,8.3986397,34.104332,42.8457565,"Wh00065","Total.Polysaccharides Zeroed"
"40","2958","14NY0666-2",2.7438574,-3.0583668,-4.1874485,6.095366,8.301795,32.787262,40.1994553,"Wh01001","Total.Polysaccharides Nulled"
"41","2818","14NY0157-1",3.650898,-2.9020104,-4.0080113,5.0045319,8.1111879,32.5444145,42.2014771,"Wh05051","Total.Polysaccharides Zeroed"
"42","2856","14NY0269-2",3.0927916,-2.6985154,-3.3427477,5.9956584,8.2329683,31.3694763,37.1901093,"Wh10049R","Total.Polysaccharides Nulled"
"43","2882","14NY0322",9.4208517,-1.5693431,-4.7536964,6.261528,7.4805527,30.7949905,44.9704361,"Wuh09164i","Total.Polysaccharides Zeroed"
"44","2866","14NY0294-2",3.5693779,-1.3927941,-4.6534472,6.8730831,8.266284,32.8886528,39.2995796,"Wh07013","Total.Polysaccharides Zeroed"
"45","2841","14NY0226-1",2.8290081,-1.1222105,-4.5052643,6.5404458,8.4166584,33.6130791,44.7740211,"Wh07165R","Total.Polysaccharides Zeroed"
"46","2819","14NY0157-2",4.7725201,-1.0084286,-3.4441233,4.2060428,7.7880993,30.9889221,38.551899,"Wh05051","Total.Polysaccharides Zeroed"
"47","2992","14NY0748-2",3.1155844,-0.6743412,-4.4535985,6.7253928,8.3847542,33.225399,43.0387878,"Wh07165R","Total.Polysaccharides Zeroed"
"48","2864","14NY0292-2",6.5346718,-0.6042533,-4.9015779,6.4288478,7.9991121,32.5136871,44.4921951,"Wh05066a","Total.Polysaccharides Zeroed"
"49","2971","14NY0693-1",8.8352356,-0.4687672,-4.9140072,7.317081,7.6315069,31.2554588,45.3395729,"Wuh98032","Total.Polysaccharides Zeroed"
"50","2906","14NY0537-2",4.6290016,-0.4361405,-4.0575724,4.5943842,8.1027164,32.6652222,45.0828743,"Wh05051","Total.Polysaccharides Zeroed"
"51","2981","14NY0729-2",5.5669174,-0.4173121,-4.5636988,7.1910973,8.144186,32.307766,40.8663139,"Wh10113R","Total.Polysaccharides Zeroed"
"52","2929","14NY0600-1",4.9443407,-0.4136028,-3.5357265,5.1067047,8.0090799,30.6657257,36.1746101,"Wh07020a","Total.Polysaccharides Zeroed"
"53","2875","14NY0308-2",5.725913,-0.2809501,-4.5320225,7.0564284,8.1249447,32.3020554,41.8740845,"Wh10113R","Total.Polysaccharides Zeroed"
"54","540","14NY0508",23.32827,1.4946327,-22.6514587,11.0399799,7.3504086,-11.1202412,15.27458,"Check1","WSP Nulled"
"55","951","14NY0873",45.7703171,35.7124557,-14.251976,6.2315307,8.0018387,-2.9234924,11.0519543,"A7","WSP Zeroed"
"56","952","14NY0873-1",46.0988579,36.0317612,-14.2286835,6.2647729,7.947413,-3.0304413,10.8873043,"A7","WSP Zeroed"
"57","953","14NY0873-2",43.6019287,34.8346405,-12.5129089,5.6689725,7.1670918,-1.4410934,12.10952,"A7","WSP Zeroed"
"58","906","14NY0846-1",49.9397545,38.5896912,-11.6578979,0.3508595,5.3388939,18.6074371,14.4388046,"IL14b","WSP Nulled"
"59","194","14NY0163-2",18.4159241,10.2226944,-10.5550308,8.6736488,6.7864461,-5.211607,14.4651642,"S4","WSP Nulled"
"60","428","14NY0420-1",56.9475784,50.8366165,-8.9338379,1.0378677,5.0530405,3.7852287,6.0060959,"A7","WSP Nulled"
"61","1092","14W30840-2",43.270546,36.5774689,-7.6333847,3.1619601,3.5940158,3.9708519,11.5637341,"ND1","WSP Zeroed"
"62","2208","15NY0695",47.3461533,40.4933701,-7.3645859,5.2237048,7.2925138,7.9496155,9.1795006,"MDM-20","WSP Zeroed"
"63","656","14NY0607-2",19.8715782,14.4807434,-5.6918411,9.8884459,8.9489012,8.8544617,30.6188774,"I817","WSP Zeroed"
"64","2894","14NY0344-1",3.2842245,0,-5.098444,6.4816146,8.3610401,34.3651695,45.2893639,"Wuh98032","WSP Zeroed"
"65","2943","14NY0627-1",3.7432165,0,-4.9963579,6.8548198,8.3986397,34.104332,42.8457565,"Wh00065","WSP Zeroed"
"66","2971","14NY0693-1",8.8352356,0,-4.9140072,7.317081,7.6315069,31.2554588,45.3395729,"Wuh98032","WSP Zeroed"
"67","2864","14NY0292-2",6.5346718,0,-4.9015779,6.4288478,7.9991121,32.5136871,44.4921951,"Wh05066a","WSP Zeroed"
"68","2882","14NY0322",9.4208517,0,-4.7536964,6.261528,7.4805527,30.7949905,44.9704361,"Wuh09164i","WSP Zeroed"
"69","2952","14NY0643-2",8.2037029,0.843261,-4.7279406,6.4656749,7.9153128,31.6706352,43.8419685,"Wh07061a","WSP Zeroed"
"70","2866","14NY0294-2",3.5693779,0,-4.6534472,6.8730831,8.266284,32.8886528,39.2995796,"Wh07013","WSP Zeroed"
"71","2981","14NY0729-2",5.5669174,0,-4.5636988,7.1910973,8.144186,32.307766,40.8663139,"Wh10113R","WSP Nulled"
"72","2947","14NY0634-1",8.6139107,1.9613087,-4.5449343,6.1036849,7.7251863,31.1156731,43.6605682,"Wh05066a","WSP Nulled"
"73","2875","14NY0308-2",5.725913,0,-4.5320225,7.0564284,8.1249447,32.3020554,41.8740845,"Wh10113R","WSP Nulled"
"74","2841","14NY0226-1",2.8290081,0,-4.5052643,6.5404458,8.4166584,33.6130791,44.7740211,"Wh07165R","WSP Zeroed"
"75","2992","14NY0748-2",3.1155844,0,-4.4535985,6.7253928,8.3847542,33.225399,43.0387878,"Wh07165R","WSP Zeroed"
"76","2887","14NY0325-2",15.5790052,7.4103193,-4.4383087,6.9801021,7.0375252,27.2524948,42.6130142,"Wh10080","WSP Zeroed"
"77","358","14NY0341-2",17.9577751,12.3619232,-4.4319382,6.5928206,9.4560318,16.8323898,33.8086052,"SC1441","WSP Zeroed"
"78","2825","14NY0170",9.8685708,3.67906995,-4.41500855,7.29190755,7.4808366,29.6020422,42.9200287,"Wuh09098i","WSP Zeroed"
"79","2811","14NY0142-2",7.4658928,1.7225413,-4.4121103,5.8196402,7.8787298,31.2196255,39.8620949,"Wh93017","WSP Nulled"
"80","3374","15W3146-2",12.57472035,5.37471435,-4.37679815,6.14007735,7.33054045,29.0780535,45.11232375,"Wh10080","WSP Zeroed"
"81","2886","14NY0325-1",13.2561941,5.8919501,-4.3767147,6.7374601,7.2791066,28.21698,40.6492348,"Wh10080","WSP Zeroed"
"82","2862","14NY0284-2",13.4075861,6.0186157,-4.3428326,8.5166368,7.2101164,28.5673866,47.1421967,"Wh09068","WSP Nulled"
"83","2810","14NY0142-1",11.4449472,4.7704215,-4.2972898,5.9643755,7.3039556,29.3860588,43.5355911,"Wh93017","WSP Zeroed"
"84","2909","14NY0552-1",6.1824398,1.4493682,-4.2697945,6.3528514,7.8402672,30.8435764,35.3105621,"Wh07013","WSP Zeroed"
"85","2895","14NY0344-2",9.1066217,2.2820036,-4.2368283,8.7082186,7.7162929,30.2405205,48.5610237,"Wuh98032","WSP Zeroed"
"86","2883","14NY0322-2",4.4202423,0,-4.227766,6.3814745,8.1113262,32.047966,41.989315,"Wuh09164i","WSP Zeroed"
"87","2812","14NY0146",12.60624405,5.96659065,-4.22218635,7.2521131,7.19517185,28.2348347,42.66074945,"Wuh09093i","WSP Zeroed"
"88","2912","14NY0564",20.2986169,9.2331913,-4.19731425,5.7108822,6.0715888,25.14206885,48.34435655,"Wuh09191i","WSP Zeroed"
"89","2865","14NY0294-1",8.8016233,3.6037383,-4.1916695,6.437799,7.481009,29.7399063,38.9117279,"Wh07013","WSP Zeroed"
"90","2958","14NY0666-2",2.7438574,NA,-4.1874485,6.095366,8.301795,32.787262,40.1994553,"Wh01001","WSP Zeroed"
"91","2995","14NY0754-1",15.1680861,7.8164639,-4.1679096,6.1265559,6.7205791,27.1383476,41.4621201,"Wh07166R","WSP Zeroed"
"92","3286","15NY0692",21.3609695,9.3826733,-4.1221504,6.8129544,6.0445509,24.5142632,48.2924194,"Wuh98032","WSP Zeroed"
"93","2893","14NY0338-2",19.8083839,11.2356644,-4.1207662,5.0108418,6.1182747,25.0353966,39.7435226,"Wh05081a","WSP Nulled"
"94","2906","14NY0537-2",4.6290016,0,-4.0575724,4.5943842,8.1027164,32.6652222,45.0828743,"Wh05051","WSP Zeroed"
"95","2963","14NY0671-1",12.7117758,6.6723709,-4.0508404,7.023334,7.1020551,27.5971565,38.0521545,"Wh93017","WSP Zeroed"
"96","655","14NY0607-1",21.4728622,19.2313232,-4.0456924,7.6208549,7.8958859,7.6257286,24.1252441,"I817","WSP Zeroed"
"97","2818","14NY0157-1",3.650898,0,-4.0080113,5.0045319,8.1111879,32.5444145,42.2014771,"Wh05051","WSP Zeroed"
"98","2975","14NY0715-1",16.4338531,9.3422127,-3.9932427,6.1648297,6.6293478,26.4748955,43.5719643,"Wh09068","WSP Nulled"
"99","2791","14NY0023-2",9.7654448,3.5110688,-3.9925818,6.0698195,7.3931308,29.0078888,38.098526,"R853","WSP Zeroed"
"100","3245","15NY0392",20.8883324,9.3861771,-3.9914207,6.586082,6.085187,24.3858757,45.7346649,"Wh10046R","WSP Zeroed"
"101","2874","14NY0308-1",8.3794212,3.7094936,-3.9875205,5.9356809,7.6934576,30.2550087,40.9317131,"Wh10113R","WSP Nulled"
"102","2911","14NY0558-2",19.9771233,11.8138599,-3.9482934,5.4364147,6.0492573,24.7317505,41.8309708,"Wh92054","WSP Zeroed"
"103","2976","14NY0715-2",17.6921654,10.2376375,-3.9391439,6.5681987,6.5648975,25.5995426,40.6544533,"Wh09068","WSP Nulled"
"104","553","14NY0520-1",44.4026909,42.378067,-3.932457,3.6809311,4.5885468,-1.0420151,7.4543858,"ND1","WSP Zeroed"
"105","3205","15NY0171",20.709919,8.3216028,-3.9289713,5.7198157,5.9999418,24.3741913,47.7264633,"Wh10049R","WSP Zeroed"
"106","2980","14NY0729-1",15.8069773,8.6230946,-3.9217594,7.9769168,6.8457327,26.2414742,40.6858368,"Wh10113R","WSP Nulled"
"107","3304","15NY0827",18.9434776,8.5372543,-3.8992014,5.7674499,6.2961206,25.294323,46.8233376,"Wuh07183i","WSP Zeroed"
"108","2996","14NY0754-2",12.83599,8.2014141,-3.8811681,7.3027787,7.096324,27.1807537,39.8762436,"Wh07166R","WSP Zeroed"
"109","2944","14NY0627-2",15.0564146,8.7490959,-3.8643785,7.8915868,6.9168324,26.8936138,41.8644905,"Wh00065","WSP Zeroed"
"110","2961","14NY0669",14.7623491,8.057605,-3.8642536,7.43320585,6.8103743,26.47466655,44.6157932,"Wuh09098i","WSP Zeroed"
"111","3226","15NY0278",20.9419975,9.9933834,-3.8527756,6.8743739,6.0186052,24.1691494,46.9681587,"Wuh98032","WSP Nulled"
"112","3236","15NY0318",19.270031,7.9047022,-3.8434901,6.0661888,6.1385202,24.7642593,47.123848,"Wuh09191i","WSP Zeroed"
"113","3204","15NY0152",22.8907814,13.7447023,-3.8278949,5.1250348,5.7469826,23.4480457,45.1700401,"Wh00050","WSP Zeroed"
"114","2884","14NY0323-1",12.4127226,6.9035459,-3.8178899,7.4291701,7.1504054,27.8940277,39.5614433,"Wh98044","WSP Zeroed"
"115","2829","14NY0184-1",16.2448082,10.6519337,-3.8121202,6.4883265,6.6668501,25.6613121,37.8201218,"Wh07166R","WSP Zeroed"
"116","3314","15NY0910",21.370266,11.6411533,-3.8045988,5.9779487,6.0957823,24.1135597,43.4097252,"Wh10113R","WSP Nulled"
"117","3386","15W3214-2",20.5919266,11.6007118,-3.7963147,8.4537745,6.1819749,24.390461,48.7821007,"Wh10113R","WSP Nulled"
"118","3278","15NY0659",21.9131165,12.6793461,-3.774348,7.0571761,5.9874187,23.9621658,46.7699471,"Wh00065","WSP Zeroed"
"119","2863","14NY0292-1",12.4314547,7.2910395,-3.7638609,6.7151833,7.1593485,27.6622982,39.5888062,"Wh05066a","WSP Zeroed"
"120","2948","14NY0639-1",12.44806,7.8277569,-3.7622242,6.154932,7.0474882,27.5363235,38.1674919,"Wh05081a","WSP Nulled"
"121","3316","15NY0946",20.2870293,11.5924473,-3.7512751,6.07411,6.1272392,24.3370705,43.702549,"Wh07051","WSP Zeroed"
"122","2854","14NY0255-2",11.9170542,6.5321503,-3.7445567,7.3421798,7.2107382,27.9155979,39.3467178,"Wh10216V","WSP Zeroed"
"123","2916","14NY0566-2",8.6275434,5.2115746,-3.7074959,6.3745551,7.6427231,29.6047516,37.92556,"Wh98044","WSP Zeroed"
"124","3231","15NY0301",26.1030579,15.9724493,-3.6997313,5.5635386,5.398984,21.7289658,47.2215042,"Wh09141R","WSP Zeroed"
"125","2935","14NY0611-1",7.5284176,2.1173475,-3.6842184,5.58216,7.7285204,30.6821365,46.8732529,"Wh09061","WSP Zeroed"
"126","3296","15NY0755",22.8707275,14.2491589,-3.669673,4.7427535,5.6410003,23.1150246,42.9023132,"Wh00050","WSP Nulled"
"127","2794","14NY0077-1",6.697175,2.3515491,-3.6580949,6.0870738,7.9924169,30.1312332,36.8743057,"R825","WSP Zeroed"
"128","2837","14NY0213-1",14.3157244,9.8597364,-3.6508818,7.0678692,6.7517805,26.0780678,37.7032242,"Wh92054","WSP Zeroed"
"129","2985","14NY0737-1",10.027318,6.983099,-3.6475205,6.3131604,7.3624554,28.4409008,37.2181931,"Wh93006","WSP Zeroed"
"130","2939","14NY0621-1",23.768383,15.1793957,-3.6403799,6.7208176,5.8592091,21.800499,38.3361855,"Wh10080","WSP Zeroed"
"131","2878","14NY0313-2",9.2478428,4.374105,-3.6382565,6.794239,7.5821085,28.3919907,35.4145088,"Wh08092","WSP Zeroed"
"132","2905","14NY0510-1",5.3670359,1.7418771,-3.6302974,5.1807451,7.8905354,30.624054,36.7482224,"R853","WSP Zeroed"
"133","3332","15W2428-2",23.4734802,14.6594353,-3.6100361,6.0785217,5.7163239,22.5797176,46.560112,"Wh05066a","WSP Zeroed"
"134","2799","14NY0089-2",6.1559124,1.2216756,-3.6074023,4.8024487,7.8809791,30.901226,40.8042755,"Wh96015","WSP Zeroed"
"135","2950","14NY0642",19.52836035,10.44435645,-3.60578025,6.8629754,6.1943264,23.9168816,42.7146206,"Wuh09150i","WSP Zeroed"
"136","2860","14NY0277-2",12.43641,8.4169569,-3.5883427,7.5477271,7.256361,26.8781853,37.6250153,"Wh10140R","WSP Zeroed"
"137","3237","15NY0337",22.7349854,13.1913471,-3.5729816,6.2206936,5.717289,22.7101555,43.2653656,"Wh09083","WSP Zeroed"
"138","2821","14NY0162-2",9.072072,2.8787346,-3.5724487,4.8117905,7.4474149,29.4611454,39.00877,"Wh09075","WSP Zeroed"
"139","3248","15NY0438",25.2397728,15.2147312,-3.5720141,6.5960207,5.5784426,21.7070198,42.0950012,"Wh10113R","WSP Zeroed"
"140","1716","14W32336-1",30.2768383,27.4789658,-3.5685501,6.4114499,6.849472,2.812088,19.1153641,"A15","WSP Nulled"
"141","3310","15NY0855",22.2038727,13.3604727,-3.5611587,6.8722682,5.9033747,23.5075684,47.5368614,"Wh09068","WSP Zeroed"
"142","2877","14NY0313-1",8.722641,4.8149471,-3.5462284,7.0257535,7.7020488,28.4475708,34.8282509,"Wh08092","WSP Zeroed"
"143","2845","14NY0235-2",8.2380304,2.436568,-3.5422864,5.8344297,7.5842705,29.0391502,37.0532684,"Wh09009","WSP Zeroed"
"144","2929","14NY0600-1",4.9443407,0,-3.5357265,5.1067047,8.0090799,30.6657257,36.1746101,"Wh07020a","WSP Zeroed"
"145","2879","14NY0314",16.7242656,9.555186,-3.52649275,6.6056602,6.56546045,25.1643076,40.75852585,"Wuh07466i","WSP Zeroed"
"146","2834","14NY0206-2",10.4581709,6.4000354,-3.5227971,7.0541029,7.5147409,28.4817028,41.4757233,"Wh00065","WSP Zeroed"
"147","3212","15NY0198",24.3396606,15.8576651,-3.5146284,7.9025264,5.7511234,21.9688911,42.7157059,"Wh00065","WSP Zeroed"
"148","103","14NY0067-1",25.3532047,23.3339882,-3.5078888,6.8193307,5.5217481,-4.9929733,7.5383472,"Check2","WSP Zeroed"
"149","2983","14NY0732",12.1022253,8.5439987,-3.5023627,7.7035584,7.304533,27.2950974,42.9093132,"Wuh09093i","WSP Zeroed"
"150","2844","14NY0235-1",12.9361296,5.7155418,-3.4896109,4.9496775,6.9069185,26.8768044,35.5242615,"Wh09009","WSP Zeroed"
"151","2869","14NY0296",16.27689695,9.0181339,-3.48257445,6.6494131,6.71057535,25.36766145,41.74163435,"Wuh07182i","WSP Zeroed"
"152","2890","14NY0330-1",6.2207565,0.7801774,-3.4745617,4.7788496,7.8681793,30.3776779,38.3469505,"Wh08042","WSP Zeroed"
"153","594","14NY0556-1",36.1517715,34.9648514,-3.4738312,5.4314671,6.3982272,4.2109261,15.8219929,"A15","WSP Nulled"
"154","3299","15NY0792",18.6995583,8.3024244,-3.4607317,5.8462248,6.3126345,24.4982624,44.2667999,"Wh07020a","WSP Zeroed"
"155","2806","14NY0118-1",10.9784842,7.9146585,-3.4579411,5.9240713,7.2268567,27.4815979,33.0878372,"Wh10173V","WSP Zeroed"
"156","2949","14NY0639-2",14.4646101,10.3494349,-3.4492259,6.0794911,6.745923,26.0282135,37.4141922,"Wh05081a","WSP Nulled"
"157","2819","14NY0157-2",4.7725201,0,-3.4441233,4.2060428,7.7880993,30.9889221,38.551899,"Wh05051","WSP Zeroed"
"158","3251","15NY0492",26.0557137,16.8115749,-3.4389915,6.3630919,5.4074945,20.9021683,43.5004501,"Wh10140R","WSP Zeroed"
"159","2853","14NY0255-1",10.0264673,6.5488119,-3.4389148,7.298986,7.4350758,28.267395,35.7642822,"Wh10216V","WSP Zeroed"
"160","2827","14NY0180",17.4000167666667,9.39096006666667,-3.43020486666667,5.89692716666667,6.3948021,24.8284988333333,41.5137430666667,"Wuh09150i","WSP Zeroed"
"161","2917","14NY0568-1",14.4298449,10.535264,-3.4216671,6.3271976,6.9701529,26.1366539,39.2500534,"Wh10231V","WSP Nulled"
"162","2870","14NY0300-1",6.9345694,2.9875,-3.4141312,5.5098929,7.8087292,30.0195103,39.6964493,"Wh96011","WSP Zeroed"
"163","2842","14NY0226-2",19.6988869,13.9245796,-3.4110665,5.4526324,6.0823741,24.1729946,45.3961143,"Wh07165R","WSP Zeroed"
"164","3241","15NY0364",24.8930664,16.3227367,-3.4064503,8.8138103,5.6292315,22.0041294,48.8139915,"Wh09068","WSP Zeroed"
"165","2978","14NY0722-1",7.9324541,5.2611527,-3.4046779,5.9109087,7.9688888,29.8651009,43.9514046,"Wh1095407-2","WSP Zeroed"
"166","2986","14NY0737-2",13.9788027,10.1592398,-3.4004967,6.467792,6.8200884,26.2570343,39.3452835,"Wh93006","WSP Zeroed"
"167","2833","14NY0206-1",10.1931982,6.902205,-3.3883743,6.4918156,7.6031909,28.3275738,38.493145,"Wh00065","WSP Nulled"
"168","3337","15W2561-2",25.7967606,16.9546204,-3.3872299,7.7513156,5.6351743,21.2631187,46.1215401,"Wh05032a","WSP Zeroed"
"169","3187","15NY0075",26.7739906,17.3012714,-3.3749983,7.3949175,5.5013437,20.9195786,46.2937622,"Wh05032a","WSP Zeroed"
"170","2977","14NY0717",11.18922425,2.2459382,-3.36204025,6.3778496,7.18971255,27.33932975,40.0369835,"Wuh09164i","WSP Zeroed"
"171","3000","14NY0758-2",20.0829697,13.9219027,-3.3618631,7.2319808,6.2315607,22.7039108,34.0547905,"Wh07051","WSP Zeroed"
"172","3192","15NY0100",24.8399429,16.5426216,-3.350214,5.6940327,5.5018992,21.6279869,43.6089287,"Wh10140R","WSP Zeroed"
"173","3184","15NY0066",23.9002838,15.3808756,-3.3453934,6.7010512,5.5182357,21.3785286,41.9497452,"Wh07013","WSP Zeroed"
"174","2856","14NY0269-2",3.0927916,NA,-3.3427477,5.9956584,8.2329683,31.3694763,37.1901093,"Wh10049R","WSP Zeroed"
"175","3259","15NY0526",28.6220703,19.0149879,-3.3363266,6.9491973,5.1943178,19.9350185,43.5937843,"Wh05032a","WSP Zeroed"
"176","2880","14NY0321-1",16.4522629,8.1435375,-3.3272274,5.5343328,6.4587116,25.3749847,41.569664,"Wh09061","WSP Zeroed"
"177","3177","15NY0011",19.2587204,9.0606079,-3.3210931,6.3701482,6.144062,23.7695713,44.178772,"Wuh09097i","WSP Zeroed"
"178","3307","15NY0850",25.2029724,17.4225464,-3.3190579,6.5812836,5.4644165,21.0479813,44.2341995,"Wh92054","WSP Zeroed"
"179","2965","14NY0678-1",6.9169559,1.9242389,-3.3054261,4.9639735,7.7134924,29.7268715,36.718399,"Wh04020a","WSP Zeroed"
"180","2964","14NY0671-2",12.2785177,8.6293278,-3.3006785,5.5518484,7.0175123,26.9056778,35.3771744,"Wh93017","WSP Zeroed"
"181","2795","14NY0077-2",11.6698008,7.4188061,-3.2485075,5.5413003,7.3922167,27.1543312,35.414917,"R825","WSP Zeroed"
"182","3201","15NY0134",28.0878296,19.1951904,-3.247762,5.8715448,5.1224875,19.5342712,38.717659,"Wh92054","WSP Nulled"
"183","2918","14NY0568-2",14.2616205,9.5617161,-3.2473092,5.5956688,6.9926558,25.7103729,32.8299942,"Wh10231V","WSP Nulled"
"184","2793","14NY0027-2",16.0196609,9.6786022,-3.2461786,5.9767346,6.6436744,25.1571426,38.0364075,"R839","WSP Zeroed"
"185","2926","14NY0584-1",7.9863501,4.0547056,-3.2373242,5.1622996,7.7629261,29.1030064,35.7982292,"Wh08092","WSP Zeroed"
"186","2814","14NY0150-1",11.9735851,7.09527205,-3.23122595,5.3182919,7.092036,27.21066855,36.7123432,"Wuh09183i","WSP Zeroed"
"187","2868","14NY0295-2",11.5691271,8.2725077,-3.2295723,7.1186781,7.3065162,27.4324684,38.8883133,"Wh10110R","WSP Zeroed"
"188","2828","14NY0181",8.3000154,2.1880658,-3.215713,6.3295374,7.4825115,28.5260639,40.6647377,"Wuh09097i","WSP Zeroed"
"189","3340","15W2602-2",25.6554794,17.1626225,-3.2138691,6.6532068,5.4339733,21.2245522,47.7366943,"Wh09068","WSP Zeroed"
"190","2966","14NY0678-2",18.7239799,10.9997463,-3.1849151,5.5178456,6.2471685,23.9682178,38.6271744,"Wh04020a","WSP Zeroed"
"191","2815","14NY0150-2",14.43014525,9.09142255,-3.1836978,5.47902255,6.802825,25.9583359,37.1399078,"Wuh09183i","WSP Zeroed"
"192","2839","14NY0221-1",12.3232145,10.2939701,-3.1601789,5.7854104,7.2414818,26.2198544,29.2005692,"Wh00051","WSP Zeroed"
"193","3277","15NY0658",21.8788948,12.500433,-3.1562786,5.2207961,5.7851501,22.5264645,41.9212227,"Wh07165R","WSP Nulled"
"194","2802","14NY0096-2",8.118516,2.4744575,-3.1518908,4.9514632,7.6471953,28.5085983,32.9244804,"Wh09033","WSP Zeroed"
"195","3240","15NY0356",26.743,17.7613087,-3.1492329,7.0887318,5.2642651,20.3896084,43.2610855,"Wh10216V","WSP Zeroed"
"196","2989","14NY0747-1",11.0290022,8.2740812,-3.0969203,6.8306651,7.2959833,27.4383831,36.824604,"Wh10110R","WSP Zeroed"
"197","2790","14NY0023-1",11.76542,6.9022255,-3.0874634,6.3918147,7.1418982,26.5042953,37.4348755,"R853","WSP Nulled"
"198","3219","15NY0234",22.6228981,17.3520546,-3.0865479,7.4026856,5.844532,21.3220825,40.0940971,"Wh07166R","WSP Zeroed"
"199","2936","14NY0611-2",6.4075098,1.9718933,-3.0842428,5.7392225,7.9176679,29.615284,39.3431931,"Wh09061","WSP Zeroed"
"200","2940","14NY0621-2",22.8385773,17.108408,-3.065752,6.4761753,5.859725,21.7962265,43.0373993,"Wh10080","WSP Zeroed"
"201","2922","14NY0575-2",14.0988474,8.3202505,-3.0610507,5.297936,6.9314861,25.9519749,36.1869888,"Wh98063","WSP Zeroed"
"202","2925","14NY0583-1",20.9081345,13.3851538,-3.0520175,4.1950431,6.0003872,23.1690254,41.5616112,"Wh08091","WSP Zeroed"
"203","3233","15NY0310",24.3994522,19.135603,-3.051935,7.0922337,5.6577802,20.3952904,39.9145088,"Wuh09093i","WSP Zeroed"
"204","3258","15NY0524",24.5600548,17.9931507,-3.0455544,5.6415687,5.6585484,21.243782,43.0880966,"Wh04036V","WSP Zeroed"
"205","3208","15NY0187",25.5925369,15.4827929,-3.0419922,4.8906355,5.3909535,21.0684967,44.251503,"Wh96015","WSP Zeroed"
"206","2951","14NY0643-1",26.4587936,18.9519691,-3.0386901,6.1226268,5.5253754,20.3332596,41.7886658,"Wh07061a","WSP Zeroed"
"207","2968","14NY0689-1",13.8433561,8.0651979,-3.0383077,5.6264677,6.9196982,26.2140732,38.276268,"Wh09075","WSP Zeroed"
"208","3262","15NY0547",21.9879379,14.7301569,-3.0301294,6.7064633,5.8141918,21.8023281,38.9378471,"Wh07013","WSP Nulled"
"209","3308","15NY0853",25.9630737,16.2999992,-2.9741685,6.1648507,5.3643899,20.5236168,42.3079071,"Wh96015","WSP Zeroed"
"210","3312","15NY0886",25.0397415,14.5139685,-2.950953,4.8728838,5.4192166,21.0053368,42.367485,"Wh93016","WSP Zeroed"
"211","2990","14NY0747-2",15.1389475,11.7993612,-2.9454112,6.5643249,6.783587,24.972311,31.6497765,"Wh10110R","WSP Zeroed"
"212","2920","14NY0574-2",17.5759201,13.7864456,-2.9339433,7.8685117,6.4066362,24.0876007,40.5002213,"Wh10216V","WSP Zeroed"
"213","3013","14NY0792-2",16.284359,13.3678637,-2.9253399,7.2227759,6.789619,24.0151711,36.1268082,"Wh00033","WSP Zeroed"
"214","2974","14NY0703-2",9.8482523,3.9867668,-2.8982499,5.6627579,7.3026962,27.1309204,32.6234474,"Wh08022","WSP Zeroed"
"215","2885","14NY0323-2",16.8791733,14.032567,-2.8715649,8.1909037,6.6199117,24.2107658,40.6714516,"Wh98044","WSP Zeroed"
"216","3220","15NY0245",25.4435921,18.7961903,-2.8651214,7.6788716,5.4206295,20.4118156,41.549778,"Wh98044","WSP Nulled"
"217","2867","14NY0295-1",14.715642,11.6997061,-2.8619719,7.1043358,6.8496885,25.2338448,36.2296791,"Wh10110R","WSP Zeroed"
"218","2843","14NY0228",11.3597965,8.9886408,-2.8536456,7.53651115,7.393646,27.1943407,48.83294105,"Wuh09191i","WSP Zeroed"
"219","2942","14NY0625-2",16.9481354,9.4046459,-2.8530867,5.6794987,6.3707404,24.0753784,37.3970642,"Wh03031","WSP Zeroed"
"220","3238","15NY0348",19.3605843,14.6493177,-2.8331795,8.1071978,6.4003592,22.9954605,44.3077316,"Wh05066a","WSP Nulled"
"221","2932","14NY0608-2",10.9935141,10.161274,-2.8265498,5.8557291,7.1517816,26.2467213,30.3653107,"Wh94053","WSP Zeroed"
"222","2930","14NY0600-2",8.6173306,3.0862303,-2.8260341,4.7721009,7.5028543,27.7278595,33.7119255,"Wh07020a","WSP Zeroed"
"223","3194","15NY0105",26.4282837,19.5818577,-2.8193722,6.0300026,5.4210763,19.3972836,36.1827164,"Wh04036V","WSP Zeroed"
"224","2897","14NY0345-2",12.0113554,10.2709599,-2.8175075,6.3467026,7.0291262,25.7578964,31.8400841,"Wh94053","WSP Zeroed"
"225","3275","15NY0647",23.2194099,12.4365015,-2.8101487,3.6487331,5.4523396,21.6897011,44.163826,"Wh05051","WSP Zeroed"
"226","2796","14NY0081-1",8.3442783,5.7087097,-2.803071,5.1519017,7.7337055,28.2133179,35.9662666,"R851","WSP Zeroed"
"227","3281","15NY0674",25.1958656,18.7812614,-2.789598,6.3834577,5.3501201,19.8532944,38.0179749,"Wh10173V","WSP Zeroed"
"228","3189","15NY0091",22.9935875,16.2134666,-2.7810948,7.5438995,5.7188315,20.8733253,41.8576508,"Wh93017","WSP Zeroed"
"229","2800","14NY0095",21.8420391,17.05150795,-2.77896525,6.90811825,6.06856755,21.8368454,34.7098236,"Wuh07177i","WSP Zeroed"
"230","2807","14NY0118-2",11.9007673,10.2827091,-2.741725,5.6281424,7.2896276,25.7045212,27.1940155,"Wh10173V","WSP Zeroed"
"231","3268","15NY0600",25.8127327,19.670536,-2.7167978,6.3429089,5.3973446,19.5352764,39.0381584,"Wh09087","WSP Zeroed"
"232","1094","14W30841-2",20.7249413,20.44244,-2.7130127,6.2475448,6.2431154,2.6045609,18.7796021,"C4","WSP Zeroed"
"233","3200","15NY0131",26.4006767,19.1858368,-2.7057667,6.8368077,5.4357967,19.8296776,41.8192596,"Wh07061a","WSP Zeroed"
"234","2848","14NY0243",24.97280505,19.31879235,-2.7056781,6.3913102,5.66334795,20.25493815,34.17598535,"Wuh08127i","WSP Nulled"
"235","3223","15NY0269",29.0334511,21.7942123,-2.6948719,6.1020823,5.0639911,18.0708866,37.4002419,"Wh00051","WSP Zeroed"
"236","2982","14NY0731",19.84257125,13.1539192,-2.6860819,6.2399025,6.17979285,22.31384375,38.5051174,"Wuh09097i","WSP Zeroed"
"237","1892","15NY0182",31.8691425,29.4371033,-2.6716003,3.3296781,5.6581149,6.7247887,12.3405724,"MDM-20","WSP Nulled"
"238","3188","15NY0084",26.0256996,18.9919281,-2.667697,6.2556052,5.2015886,19.1303978,36.0267334,"Wh94053","WSP Zeroed"
"239","78","14NY0053-2",25.4063721,24.103714,-2.66185,5.2691078,6.4234371,4.9751816,15.9907131,"Check2","WSP Zeroed"
"240","2902","14NY0483-2",14.6932135,11.5581169,-2.6366248,5.2929344,6.8815298,24.9314232,35.7319641,"R825","WSP Zeroed"
"241","2832","14NY0200-2",7.6220427,3.3601213,-2.6322415,5.8098025,7.6145577,28.2685833,36.3572083,"Wh09137R","WSP Zeroed"
"242","2891","14NY0330-2",15.8859358,8.4470596,-2.6166432,5.5023947,6.6717978,23.7802467,33.4342918,"Wh08042","WSP Zeroed"
"243","3230","15NY0298",21.5819588,16.5900764,-2.6164217,7.1088409,6.0884027,21.3743687,39.6433411,"Wh10231V","WSP Nulled"
"244","2803","14NY0109",20.6284981,12.2937083,-2.6163616,6.09218855,5.89938785,21.75128935,39.87223055,"Wuh09144i","WSP Nulled"
"245","3317","15NY0948",27.935276,19.5362911,-2.6061568,6.7621708,5.2482433,19.0999298,41.7520866,"Wh10006R","WSP Zeroed"
"246","2945","14NY0632-1",20.399868,16.902298,-2.5958495,6.5000157,6.0419073,21.1370144,27.8811417,"Wh10173V","WSP Zeroed"
"247","3305","15NY0840",25.7345276,19.5808105,-2.5792019,6.5778399,5.2501845,19.1405525,37.139431,"Wh05081a","WSP Nulled"
"248","2831","14NY0200-1",8.9368544,5.2926044,-2.5736542,5.1477346,7.3535786,27.4273224,33.2697029,"Wh09137R","WSP Zeroed"
"249","3255","15NY0514",29.237072,22.390583,-2.5711479,5.5735664,5.0233593,17.9069824,37.6057167,"Wh00033","WSP Zeroed"
"250","2850","14NY0245-2",16.423481,11.6521845,-2.5664172,6.4637575,6.6513476,23.3901405,32.9804688,"If825","WSP Zeroed"
"251","3244","15NY0388",24.8251305,14.9831352,-2.5662131,4.9150167,5.3799286,20.1420403,42.1762772,"Wh01001","WSP Zeroed"
"252","3225","15NY0276",21.8750076,12.4379292,-2.5651476,6.3665648,5.8068595,21.1569633,42.3315735,"Wuh09150i","WSP Zeroed"
"253","2849","14NY0245-1",14.8683214,11.9197693,-2.5532176,6.0562935,6.947032,24.0722504,30.793026,"If825","WSP Zeroed"
"254","3289","15NY0711",26.203476,19.2499123,-2.5510483,6.2888179,5.4694061,18.3954811,30.4150085,"Wh10231V","WSP Zeroed"
"255","2946","14NY0632-2",16.091114,15.0897388,-2.5397511,6.6831312,6.6443582,23.706871,36.0668793,"Wh10173V","WSP Zeroed"
"256","3176","15NY0009",20.14394,11.7444296,-2.5269485,6.9815912,6.1471395,22.001482,42.4279671,"Wh04020a","WSP Zeroed"
"257","3221","15NY0250",25.6174889,20.2660923,-2.525686,6.557569,5.3051214,19.2111816,37.2894783,"Wh05081a","WSP Nulled"
"258","2881","14NY0321-2",12.27876,5.2759781,-2.5162904,6.0317559,6.9278994,25.4743748,35.7605019,"Wh09061","WSP Zeroed"
"259","996","14W30468-1",35.6438141,36.932518,-2.5044174,5.2871966,5.667016,-2.416893,10.78619,"A7","WSP Zeroed"
"260","2331","15NY0884",28.7173443,27.92556,-2.5015488,6.4479094,7.0723228,6.669323,20.8623886,"Ia2730","WSP Zeroed"
"261","3011","14NY0789-2",10.8393393,8.3481712,-2.4938695,6.1434164,7.457675,26.1593895,33.4638062,"If825","WSP Zeroed"
"262","2792","14NY0027-1",13.517539,8.4746351,-2.4754853,5.7066154,6.6978035,24.6199532,32.0815506,"R839","WSP Zeroed"
"263","3239","15NY0353",26.01157,19.917881,-2.4630518,6.0386896,5.3524246,18.8095856,33.6231346,"Wh96034","WSP Zeroed"
"264","3342","15W2610-2",16.1923752,15.81509255,-2.45784925,6.6494279,6.4758918,23.42027285,36.79394915,"Wh05081a","WSP Zeroed"
"265","2823","14NY0166-2",10.7183313,5.5546255,-2.4415305,5.3756919,7.2452393,25.9895859,34.5561981,"Wh07020a","WSP Zeroed"
"266","3214","15NY0218",23.5295563,14.9089518,-2.4172995,5.0900717,5.56215,20.8100586,42.2960472,"R839","WSP Zeroed"
"267","2973","14NY0703-1",13.8355799,7.6703978,-2.4058092,6.2523966,6.8562155,24.3609009,34.9908257,"Wh08022","WSP Zeroed"
"268","3266","15NY0588",20.8387833,16.2032967,-2.3982635,6.8473034,5.8800859,21.2745857,39.8033028,"Wh93017","WSP Nulled"
"269","3282","15NY0681",25.9122124,15.72087,-2.3835864,5.1419153,5.2051921,19.5102005,39.7304993,"Wh09075","WSP Zeroed"
"270","2967","14NY0680-1",16.2471542,10.4123802,-2.383033,6.1570454,6.5025949,23.5912647,35.4184875,"Wh09137R","WSP Zeroed"
"271","3306","15NY0849",27.4390564,21.6601467,-2.3587778,6.7354159,5.2768679,18.1309109,36.3664703,"Wh00051","WSP Zeroed"
"272","2919","14NY0574-1",20.1551056,17.056797,-2.3530161,7.949861,6.1542463,21.3269081,33.8844223,"Wh10216V","WSP Nulled"
"273","2801","14NY0096-1",12.9609346,7.4874949,-2.352864,5.9520359,6.9973211,24.8499546,36.1160278,"Wh09033","WSP Zeroed"
"274","2840","14NY0221-2",17.69944,15.9178953,-2.351809,6.0633516,6.5311975,22.2984982,28.0291481,"Wh00051","WSP Zeroed"
"275","2921","14NY0575-1",18.6147346,12.735136,-2.3405294,5.4463773,6.3309126,22.286459,32.4612389,"Wh98063","WSP Zeroed"
"276","3391","15W3423-1",21.018177,17.6361275,-2.3399467,7.8203321,6.1143351,21.3779411,41.7557297,"Wh07051","WSP Zeroed"
"277","3195","15NY0107",25.0409126,15.1089535,-2.3387227,5.6147809,5.3867774,19.2980309,38.3928375,"Wh09009","WSP Zeroed"
"278","1093","14W30841-1",22.6399078,21.08992,-2.3386993,5.3324165,6.0753093,3.196106,18.4915543,"C4","WSP Zeroed"
"279","2873","14NY0301-2",9.6898775,5.9665375,-2.2729542,5.1820364,7.3548017,26.6654854,34.1206551,"Wh95016a","WSP Zeroed"
"280","3218","15NY0231",24.2042427,20.0206051,-2.2676368,6.2708759,5.5469427,19.2913284,33.8628235,"Wh10173V","WSP Nulled"
"281","3363","15W2945-2",22.3997421,17.7137794,-2.2596476,7.1578803,5.9383926,20.2252846,39.8857384,"Wh10231V","WSP Zeroed"
"282","2956","14NY0654",14.40484285,10.71628285,-2.25397275,7.2459805,6.86009785,24.5963707,45.2042389,"Wuh07466i","WSP Zeroed"
"283","3243","15NY0380",23.0009079,14.6824121,-2.2344818,7.6549878,5.7745628,20.5792961,44.111969,"Wh93016","WSP Zeroed"
"284","2857","14NY0271-1",7.2185078,3.2460375,-2.2291291,4.8893619,7.5535231,27.4118252,32.4425735,"Wh08022","WSP Zeroed"
"285","3213","15NY0213",21.2977066,11.6778154,-2.2249122,7.9914565,5.8965492,20.5304718,42.3397636,"Wuh09144i","WSP Nulled"
"286","2813","14NY0150",20.3784409,13.3583584,-2.2176492,4.6850038,5.8817348,21.3948631,34.3361435,"Wuh09183i","WSP Zeroed"
"287","3006","14NY0768-2",16.1987152,9.3476868,-2.1853859,5.8069196,6.5915289,23.0521011,35.9086494,"Wh09033","WSP Zeroed"
"288","2899","14NY0349",15.9900537,10.58833125,-2.18493245,4.6760526,6.33914235,23.43312835,35.3437729,"Wuh07422i","WSP Nulled"
"289","3350","15W2770-2",19.6046448,17.7684059,-2.173476,7.1974406,6.1755438,21.4802322,40.6332321,"Wh07166R","WSP Nulled"
"290","1035","14W30663-1",30.5207138,31.8801956,-2.1723709,7.4898901,7.3802323,3.0678177,16.6238346,"257A9","WSP Zeroed"
"291","2876","14NY0309",15.0366926,10.1900225,-2.16668365,5.7730906,6.64590335,24.15825845,40.2173996,"Wuh07481i","WSP Zeroed"
"292","2907","14NY0540-1",17.3357658,17.4735222,-2.1382542,6.2051735,6.3193703,21.7918091,28.5552788,"Wh10163","WSP Zeroed"
"293","3186","15NY0068",20.2717133,17.1716919,-2.1354148,7.7625556,6.2208366,21.206398,38.644371,"Wh00033","WSP Zeroed"
"294","1307","14W31428",22.8817749,20.6493607,-2.1249771,3.9121618,3.9167039,0.3355942,3.2654438,"Check2","WSP Zeroed"
"295","2861","14NY0284-1",10.3172884,12.4566708,-2.1194081,6.3439956,7.2459764,26.6493034,43.6827316,"Wh09068","WSP Nulled"
"296","2928","14NY0594",26.7144661,22.40719125,-2.1151461,5.30667495,5.35190435,18.8360901,34.37451175,"Wuh07177i","WSP Zeroed"
"297","3276","15NY0649",25.5304909,14.8282347,-2.1069257,4.7290921,5.3431835,18.884716,34.8624573,"Wh09033","WSP Zeroed"
"298","3190","15NY0097",25.6695442,16.026226,-2.1056516,5.1489959,5.2526965,18.8265781,37.475872,"Wh96011","WSP Zeroed"
"299","3285","15NY0687",22.3256645,15.2862558,-2.0736406,5.9337845,5.8464475,20.1022758,33.7778625,"If825","WSP Zeroed"
"300","2993","14NY0753-1",13.5130796,8.4322443,-2.0733407,3.6251655,6.6821384,24.6109333,30.7171173,"Wh9261","WSP Zeroed"
"301","251","14NY0224-2",18.3814888,15.7456131,-2.0636749,6.0858955,8.0498667,13.7069511,29.5489235,"SC6069","WSP Zeroed"
"302","2581","15W2956-1",18.203949,18.1324921,-2.0579681,7.9109912,8.3308725,9.2809677,27.7742043,"Check3","WSP Zeroed"
"303","3318","15NY0961",17.6660843,10.2447872,-2.0487812,7.2489257,6.4212427,22.115654,41.3080559,"Wh01001","WSP Zeroed"
"304","3242","15NY0374",26.3621788,16.6791458,-2.0259979,3.2233245,4.9434695,18.8053741,38.9571457,"Wh05051","WSP Zeroed"
"305","3298","15NY0789",21.6786194,16.0988007,-2.02317,7.684052,5.6811333,19.6852245,34.3736954,"Wh09083","WSP Zeroed"
"306","2805","14NY0117-2",14.9636793,9.8848438,-2.007854,5.5242658,6.6304774,23.4609032,34.083252,"Wh04020a","WSP Zeroed"
"307","3207","15NY0177",26.4148521,17.9448719,-1.9931793,4.9998412,5.2365274,18.5677299,38.7719574,"EP85","WSP Zeroed"
"308","2872","14NY0301-1",18.8991776,13.3775902,-1.9928299,5.6878381,6.2189822,21.7204723,33.5736542,"Wh95016a","WSP Zeroed"
"309","2997","14NY0757-1",8.3880787,3.2669439,-1.9770409,3.2659235,7.2277784,26.7568569,30.2982998,"Wh09126R","WSP Zeroed"
"310","3325","15W2354",23.1778488,14.6758232,-1.9767239,5.7861161,5.6534495,19.6387043,39.1056862,"Wh09009","WSP Zeroed"
"311","3211","15NY0191",25.6289864,15.5035906,-1.9592825,5.009129,5.2824879,18.5747643,36.2537155,"Wh08042","WSP Zeroed"
"312","3274","15NY0645",26.5771828,16.9928436,-1.8801446,4.2684803,5.0452967,18.2797203,38.2718506,"R839","WSP Zeroed"
"313","3217","15NY0228",24.368885,12.9445086,-1.8777581,4.4885726,5.4083514,19.179493,39.4224472,"Wh07020a","WSP Zeroed"
"314","3292","15NY0728",27.4610481,18.5168457,-1.8633866,5.2774134,5.0060287,17.8683281,42.5447845,"Wuh07469i","WSP Zeroed"
"315","2934","14NY0610",15.5064292,13.9091935,-1.8132428,6.1670442,6.7160845,23.10363865,38.26683235,"Wuh07182i","WSP Zeroed"
"316","3297","15NY0761",22.8271217,14.1668987,-1.8077339,7.2361126,5.7138052,19.5857315,41.0162086,"Wh09061","WSP Zeroed"
"317","3196","15NY0110",23.9254036,15.9202929,-1.8069555,6.1292939,5.3937922,19.1572075,40.4654808,"Wh03031","WSP Zeroed"
"318","2809","14NY0122-2",13.4778528,9.0361576,-1.8019423,4.2263427,6.8200674,24.0412121,31.1963978,"Wh98063","WSP Zeroed"
"319","3193","15NY0104",25.0230179,16.1892605,-1.7902834,5.0162554,5.1996193,18.6790676,42.4747467,"Wuh07413i","WSP Zeroed"
"320","997","14W30468-14",33.9988289,35.884491,-1.7833939,5.2920036,5.5585756,-2.91259,11.0598011,"A7","WSP Zeroed"
"321","2859","14NY0277-1",21.127388,18.7287407,-1.7830822,5.8737259,6.1276941,19.9423523,29.4927406,"Wh10140R","WSP Zeroed"
"322","3202","15NY0142",26.2930679,18.7601357,-1.7628303,6.7143559,5.3562088,17.5648403,36.4156914,"If825","WSP Zeroed"
"323","3264","15NY0559",21.560421,11.0774021,-1.7622817,7.5155239,5.864666,19.5632286,37.4816055,"Wuh09164i","WSP Zeroed"
"324","3303","15NY0823",23.1628036,14.9696922,-1.7413502,6.7960129,5.5875726,19.1845589,40.9445496,"Wuh09150i","WSP Nulled"
"325","3270","15NY0618",21.1886635,14.0755672,-1.73579215,6.64988305,5.84953165,20.3164587,39.47111515,"EP85","WSP Zeroed"
"326","2858","14NY0271-2",16.0431862,10.7179928,-1.7344432,6.018796,6.5482216,22.0273342,29.8425198,"Wh08022","WSP Zeroed"
"327","3290","15NY0717",30.5977478,25.6585445,-1.7199929,6.5461011,4.8843555,16.2918148,36.1852264,"Wuh07177i","WSP Nulled"
"328","3263","15NY0554",24.6317368,22.2303181,-1.7153188,6.4932008,5.364603,17.9699268,33.1957932,"Wh94053","WSP Zeroed"
"329","1977","15NY0325",28.422905,24.4790955,-1.700119,4.8718491,5.7782297,5.5394325,18.6213684,"IL515a","WSP Zeroed"
"330","3375","15W3149-1",21.0201874,19.4134026,-1.6732178,9.1582413,6.2931805,21.0736427,47.7082596,"Wh07061a","WSP Nulled"
"331","1195","14W31075-1",18.56781005,18.9011631,-1.6570587,6.83872005,6.5036426,3.04206275,19.7401667,"C4","WSP Zeroed"
"332","3309","15NY0854",18.9263878,20.0366764,-1.6307504,8.6239185,6.4772625,21.1359348,45.0794258,"Wuh09093i","WSP Zeroed"
"333","357","14NY0341-1",14.447464,11.3647881,-1.6112747,6.3984208,8.6852741,16.3922348,33.6217804,"SC1441","WSP Zeroed"
"334","561","14NY0526",7.840538,3.8992729,-1.6089172,7.1767592,9.9178696,23.0569763,42.7597122,"We05410","WSP Zeroed"
"335","3102","14W31947-1",23.5217476,21.5245838,-1.6036067,7.4581823,5.9701109,19.4439697,51.6311874,"Wh10080","WSP Nulled"
"336","3215","15NY0221",22.0233917,14.9921989,-1.5969602,6.1628666,5.8969121,19.7765923,36.5586166,"R851","WSP Zeroed"
"337","3180","15NY0035",18.3532333,9.8867016,-1.5803454,8.1079578,6.3597603,20.9113808,39.9727707,"Wuh09164i","WSP Zeroed"
"338","3279","15NY0668",24.5546036,14.8135948,-1.5790379,6.184763,5.3455181,18.4487247,38.2020798,"Wh09137R","WSP Zeroed"
"339","3273","15NY0630",27.3423004,17.8328896,-1.5784281,4.8499198,5.0165296,17.2418327,37.4186897,"EP84","WSP Zeroed"
"340","2998","14NY0757-2",18.3792458,11.0589828,-1.5746167,4.5209179,6.0705481,21.2654991,32.7616539,"Wh09126R","WSP Zeroed"
"341","3294","15NY0738",27.1181984,20.3698082,-1.5726798,7.031425,5.4078217,16.8088589,31.7908516,"R825","WSP Zeroed"
"342","2798","14NY0089-1",13.6699095,13.0090494,-1.5560611,6.2332087,6.9899616,23.9818039,42.1270981,"Wh96015","WSP Zeroed"
"343","2984","14NY0733",17.38830185,13.26824955,-1.5267309,4.414104,6.14172645,21.72235965,32.21427725,"Wuh09183i","WSP Zeroed"
"344","2822","14NY0166-1",12.7093706,7.3522439,-1.4872578,5.4122906,6.9381018,23.4958458,36.2321434,"Wh07020a","WSP Zeroed"
"345","3256","15NY0521",23.7345428,14.6451149,-1.4663149,5.7725253,5.5056329,18.7660789,38.2647781,"Wh96011","WSP Zeroed"
"346","2901","14NY0483-1",34.1989098,28.9825096,-1.443992,4.6818886,4.4844995,14.9378014,46.0089378,"R825","WSP Zeroed"
"347","3049","14W31340",26.9935875,28.300333,-1.4384885,3.7612157,4.2613835,16.0128021,28.1666489,"Wuh09098i","WSP Zeroed"
"348","1394","14W31553-2",12.6898613,12.7736359,-1.4302368,8.3534164,8.2834673,15.9348221,32.7821808,"IL784a","WSP Zeroed"
"349","680","14NY0631-1",19.3497391,20.9806252,-1.4123993,7.6841416,8.8409338,15.2327461,31.1925163,"SC1441","WSP Zeroed"
"350","3222","15NY0268",17.4007607,9.2366028,-1.3931189,8.6036797,6.3811789,20.8034477,39.2892265,"Wuh09170i","WSP Zeroed"
"351","3260","15NY0537",17.4105682,12.5790501,-1.3372552,6.7235703,6.3700614,21.2646484,40.9489594,"Wuh07413i","WSP Zeroed"
"352","3183","15NY0045",23.8913651,15.0156498,-1.3284081,5.2220812,5.2878861,18.0491657,34.5602264,"Wh08022","WSP Zeroed"
"353","2826","14NY0175-2",13.0710955,7.9705548,-1.3152575,3.548264,6.5620842,23.4584713,32.0426292,"Wh09126R","WSP Zeroed"
"354","2836","14NY0210-2",18.1942406,20.0174026,-1.3025662,5.9928808,6.68331,20.906477,29.7730942,"Wh10804R","WSP Zeroed"
"355","3198","15NY0117",26.0830345,17.1449356,-1.2745357,4.1387315,5.1232896,17.4863987,38.3540497,"Wuh09174i","WSP Nulled"
"356","3291","15NY0719",26.2490234,18.0499344,-1.2731537,6.2974987,5.2618432,16.9510841,35.0478134,"R851","WSP Zeroed"
"357","3206","15NY0176",21.2235451,15.3613071,-1.2724009,6.9583836,5.9881096,19.5624809,40.0088615,"Wh07165R","WSP Zeroed"
"358","3178","15NY0012",19.6118698,14.8854828,-1.2674158,5.3996558,5.9667044,20.6664619,42.4723663,"Wuh09153i","WSP Zeroed"
"359","2898","14NY0346-2",19.484375,15.9298768,-1.2635561,4.68506575,6.07160545,20.24325655,30.59444905,"Wh08091","WSP Zeroed"
"360","2994","14NY0753-2",11.3183279,7.7431059,-1.2550075,3.6748285,7.041049,24.1322289,28.181284,"Wh9261","WSP Zeroed"
"361","1518","14W31845-1",0,1.5835838,-1.2536163,10.3123455,9.1532326,15.299408,37.6907539,"Ma609","WSP Zeroed"
"362","2896","14NY0345-1",12.3954039,16.8222961,-1.252974,6.4439764,6.904665,22.7813606,29.5397434,"Wh94053","WSP Nulled"
"363","2954","14NY0649-1",21.6557808,21.8445835,-1.2485619,5.2194452,6.0025396,18.7638645,24.1934414,"Wh00051","WSP Zeroed"
"364","2953","14NY0645",21.8286037,17.3407264,-1.24155165,5.13947275,5.76180075,19.4074383,35.45095255,"Wuh07186i","WSP Zeroed"
"365","61","14NY0043-1",9.9103622,7.9275055,-1.2253265,8.442564,9.6067924,17.2440567,36.5297928,"Check1","WSP Nulled"
"366","2892","14NY0338-1",9.3877153,16.8532238,-1.2213233,7.0337906,7.5242839,24.3446083,35.4691696,"Wh05081a","WSP Zeroed"
"367","2955","14NY0649-2",20.293911,22.1984444,-1.1747261,6.1273723,6.2130699,19.2546444,28.2369919,"Wh00051","WSP Nulled"
"368","17","14NY0011",15.4743118,12.9718628,-1.1722794,9.0456257,9.942852,20.9634666,37.0384407,"Check1","WSP Nulled"
"369","2933","14NY0609",19.5194764,14.38974905,-1.1638015,3.6694397,5.677083,20.15083125,32.567193,"Wuh07422i","WSP Nulled"
"370","2871","14NY0300-2",15.0000925,12.3363781,-1.1597593,4.9558048,6.6347909,22.3517838,34.78022,"Wh96011","WSP Zeroed"
"371","2797","14NY0081-2",16.1145554,14.3395405,-1.1194577,6.7739091,6.7610378,20.9691429,29.6467514,"R851","WSP Zeroed"
"372","2941","14NY0625-1",9.6701298,11.4941607,-1.0987726,5.2123475,6.8630295,24.8237572,34.140007,"Wh03031","WSP Zeroed"
"373","2960","14NY0668-2",15.2701387,20.0531616,-1.0892615,7.2146626,7.1095524,21.7690773,33.8985519,"Wh04036V","WSP Zeroed"
"374","2991","14NY0748-1",9.5738792,15.9728279,-1.0719155,7.1616101,7.5492291,24.5291805,36.7736397,"Wh07165R","WSP Nulled"
"375","3232","15NY0308",25.6368942,18.1581993,-1.0557829,6.5807176,5.2350717,16.9908104,36.5238228,"Wh09137R","WSP Zeroed"
"376","2900","14NY0473-2",14.6436586,10.7840443,-1.0486304,3.5802612,6.4038682,22.3262596,31.0791931,"R839","WSP Zeroed"
"377","3250","15NY0491",25.2951851,16.4536266,-1.0246599,5.0602937,5.1034541,16.9142189,33.2745285,"Wh08022","WSP Zeroed"
"378","1736","14W32428-1",2.8017311,5.4576492,-1.0174255,12.1108341,10.698391,14.6831055,40.4685097,"C27","WSP Zeroed"
"379","2962","14NY0669-2",25.1549644,22.4728241,-1.0124959,6.3401699,5.6945543,17.5559807,40.1158104,"Wuh09098i","WSP Zeroed"
"380","3012","14NY0792-1",12.6874151,17.2170334,-1.0113525,5.9663806,7.3182549,22.8106155,26.8801117,"Wh00033","WSP Zeroed"
"381","3120","14W32067",30.4194679,28.6240635,-0.9981112,3.4020326,3.8448138,13.8530159,25.132719,"Wuh07466i","WSP Nulled"
"382","3003","14NY0767-1",8.2067423,10.9729385,-0.9973879,5.3255033,7.7096829,25.8685341,38.873291,"Wh96015","WSP Nulled"
"383","2999","14NY0758-1",7.9330473,15.0623522,-0.9949573,5.9730916,7.7933578,25.4387608,33.249794,"Wh07051","WSP Nulled"
"384","3227","15NY0287",27.1161346,18.8995323,-0.967639,4.9499063,4.9166718,16.0151443,31.946682,"EP84","WSP Zeroed"
"385","3287","15NY0693",29.3645287,21.5725613,-0.9649353,4.5685806,4.8101091,15.2458801,32.8992691,"Wh98063","WSP Zeroed"
"386","2889","14NY0329-2",16.4942703,12.7079697,-0.9580172,4.9088717,6.3505745,20.9046211,29.2048168,"Wh9261","WSP Zeroed"
"387","3300","15NY0803",23.8698845,16.2867222,-0.9579722,4.7350903,5.4828939,18.3182964,42.0057449,"Wuh09174i","WSP Nulled"
"388","3326","15W2362-2",18.2571373,19.955822,-0.9187756,8.3731375,6.3553619,20.3386803,44.1289482,"Wh07013","WSP Nulled"
"389","3311","15NY0879",28.303978,19.9667778,-0.9123716,4.8432784,4.8146124,15.8378925,35.676445,"Wh95016a","WSP Zeroed"
"390","1437","14W31669-1",16.1291313,15.9028511,-0.8493118,7.6775508,8.4041224,14.0479202,30.0797958,"IL784a","WSP Zeroed"
"391","1469","14W31729-1",43.2494965,46.0204391,-0.8412628,4.9765196,5.5407085,1.0299606,11.5995235,"A648","WSP Zeroed"
"392","3322","15W2337-2",19.8017235,21.6443119,-0.8356215,8.0627203,6.1641827,19.4335594,42.0314522,"Wh93017","WSP Nulled"
"393","3008","14NY0784-1",25.1898232,26.2095642,-0.8353062,4.6543565,5.7866569,17.0011902,24.5309696,"Wh10804R","WSP Zeroed"
"394","3271","15NY0621",23.4437981,13.1896257,-0.8277715,6.5712762,5.4451885,17.4256916,33.2612419,"Wh10049R","WSP Zeroed"
"395","3004","14NY0767-2",12.5660563,14.9155579,-0.7851146,5.771534,7.1663189,23.3707428,39.8946457,"Wh96015","WSP Nulled"
"396","3353","15W2819-2",20.2495232,21.8721542,-0.7680265,6.453001,5.9426308,19.3184357,38.5159111,"Wh96034","WSP Zeroed"
"397","3053","14W31349",32.8420639,37.6580353,-0.7595853,4.1868477,3.8584933,11.2237511,24.9887238,"Wuh09093i","WSP Zeroed"
"398","3284","15NY0686",22.6148148,15.1272383,-0.7570708,6.0549631,5.68752,17.9162617,33.4735794,"Wh10034R","WSP Zeroed"
"399","3199","15NY0118",28.6722336,21.0685501,-0.7498327,4.8102431,4.7897415,15.3114204,34.9838257,"Wh98063","WSP Zeroed"
"400","3064","14W31444",26.0658646,25.330471,-0.7454617,3.6779413,3.8373508,15.0673256,24.1821079,"Wuh09097i","WSP Nulled"
"401","2959","14NY0668-1",14.9372149,21.1987896,-0.7438871,7.7526956,7.1775975,21.0890484,34.2919807,"Wh04036V","WSP Nulled"
"402","2852","14NY0250-2",11.85309265,10.0194526,-0.74202705,4.59210135,6.6112509,22.369894,24.0221634,"Wh03031","WSP Zeroed"
"403","2937","14NY0614-2",12.1779127,13.5184088,-0.7363605,5.030767,7.0873966,23.0241852,33.2654495,"Wh09009","WSP Nulled"
"404","74","14NY0050-2",5.9958115,3.6038666,-0.7221298,8.1650848,9.4892178,20.1123619,40.7923203,"Check1","WSP Nulled"
"405","2915","14NY0566-1",16.9551697,22.3396358,-0.7128819,8.8684349,6.7101617,20.6740799,37.2934761,"Wh98044","WSP Zeroed"
"406","3235","15NY0316",22.9318066,19.64149285,-0.70614145,6.52356955,5.87263295,17.4397974,33.1253443,"Wh09033","WSP Zeroed"
"407","554","14NY0520-2",45.4121437,45.8536453,-0.6982346,3.0105293,4.0786414,4.2618332,11.097477,"ND1","WSP Zeroed"
"408","3197","15NY0115",26.3743248,27.8083134,-0.6602454,7.2446146,5.47894,16.1964798,30.4559631,"Wuh07177i","WSP Zeroed"
"409","2817","14NY0156-2",19.5596352,23.807497,-0.6579797,5.9754095,6.4004011,18.9390812,27.7218933,"Wh10802R","WSP Zeroed"
"410","756","14NY0702",26.66714095,25.7777691,-0.6452255,6.2583754,7.2846048,15.53987125,27.0730438,"Wuh08127i","WSP Zeroed"
"411","3108","14W32029",26.6079826,26.6085072,-0.6393598,4.5410957,3.9054275,14.3637447,23.7290154,"Wuh09150i","WSP Nulled"
"412","3293","15NY0730",29.7191658,22.4968796,-0.6186349,2.3345797,4.5843706,14.8994675,31.1152496,"Fa56A","WSP Zeroed"
"413","3283","15NY0682",27.3605118,19.9500351,-0.6142442,4.4365048,4.9045291,15.6198559,34.5764999,"Wuh09183i","WSP Zeroed"
"414","3359","15W2835-2",14.8039198,20.8742752,-0.5970294,8.1473408,6.9376669,21.6668205,45.2874756,"Wh09141R","WSP Zeroed"
"415","1175","14W31052-1",9.4858131,11.2148666,-0.5953751,7.8123908,8.3144817,10.7396355,29.4276314,"We03418a","WSP Zeroed"
"416","3315","15NY0913",29.7659798,25.2463608,-0.5713172,9.3332701,5.0450926,13.2856197,31.3468704,"Wh92047","WSP Zeroed"
"417","3288","15NY0694",21.2502823,11.0810642,-0.5554628,5.6967363,5.6402082,17.9379864,35.4550858,"Wuh07429i","WSP Zeroed"
"418","2835","14NY0210-1",20.8687477,25.3897228,-0.5438666,6.4218302,6.3915758,18.1365719,28.1902466,"Wh10804R","WSP Zeroed"
"419","3349","15W2768-2",16.2764168,22.2777042,-0.5241207,8.1504402,6.6162653,20.6029739,42.9752312,"Wh92054","WSP Nulled"
"420","3209","15NY0188",27.6707916,20.2198353,-0.5239463,3.8027034,4.8342619,15.5579796,34.0791473,"Wuh09183i","WSP Zeroed"
"421","3043","14W31244",27.0746498,28.3127384,-0.5208055,3.7143321,3.9948707,13.4919968,15.9983311,"Wuh07466i","WSP Nulled"
"422","3351","15W2804-2",15.8561621,20.9673843,-0.4922844,9.5034122,6.8674393,21.6066837,44.1110001,"Wh00065","WSP Zeroed"
"423","2938","14NY0620-2",12.3478632,19.2478333,-0.4877743,7.3938212,7.2595687,21.9082222,32.6102829,"Wh10140R","WSP Nulled"
"424","2931","14NY0608-1",11.1784048,17.5455894,-0.4764658,5.2698412,6.9864388,22.2826767,22.688343,"Wh94053","WSP Zeroed"
"425","3383","15W3170-2",18.2580223,21.932806,-0.4759939,9.8285179,6.4686136,20.2990761,45.4612656,"Wh98044","WSP Zeroed"
"426","2830","14NY0198-2",15.4702272,10.7411194,-0.4691415,5.206666,6.5190134,20.919508,32.5221062,"Wh10035R","WSP Nulled"
"427","3246","15NY0393",23.4245911,22.9729061,-0.4641005,8.2897387,5.8543482,17.9005699,41.6758881,"Wh10006R","WSP Nulled"
"428","600","14NY0560-2",32.1480255,32.5483398,-0.463913,3.6598539,6.0662479,9.7913322,15.5351734,"Check3","WSP Zeroed"
"429","3034","14W31121",34.8372231,40.080925,-0.4622049,2.6284363,3.9442139,9.1441555,3.8664093,"Wuh07177i","WSP Zeroed"
"430","3249","15NY0471",25.2857857,21.6135273,-0.4579549,9.1314917,5.6549053,15.8649006,34.5621719,"Wh92047","WSP Zeroed"
"431","3234","15NY0311",33.9684677,30.5366249,-0.4504017,5.429647,4.5432839,12.3894863,32.3307457,"Wh10804R","WSP Zeroed"
"432","2820","14NY0162-1",8.4285612,12.5055466,-0.4402018,5.7959819,7.5448284,24.7311478,33.692379,"Wh09075","WSP Nulled"
"433","2804","14NY0117-1",12.3145819,11.6860352,-0.4254667,5.7955513,6.9376259,22.0794029,33.3707771,"Wh04020a","WSP Zeroed"
"434","2846","14NY0239-1",12.8903246,20.476696,-0.4003006,7.4979787,7.2528801,22.1953506,35.7876358,"Wh00033","WSP Zeroed"
"435","2851","14NY0250-1",15.5275302,13.4691553,-0.39439235,4.93612095,6.11390305,20.15597725,25.9585495,"Wh03031","WSP Zeroed"
"436","3345","15W2731",29.470089,27.9715767,-0.3799185,5.6383791,5.15308,14.7108402,36.9105644,"Wh92047","WSP Zeroed"
"437","3365","15W2968-1",15.2945528,22.9180832,-0.3777225,7.8276591,6.862092,20.9136791,43.9412003,"Wh07165R","WSP Zeroed"
"438","2467","15W2414-1",21.0025291,21.5651398,-0.3754196,6.3239202,6.008728,1.5070343,14.8365097,"C5-NT","WSP Zeroed"
"439","2908","14NY0540-2",13.3828897,21.5814877,-0.369619,5.9376364,6.8480644,19.7532024,19.2542629,"Wh10163","WSP Nulled"
"440","2816","14NY0156-1",23.026104,26.3185883,-0.354704,6.1066289,5.9811525,16.8387947,27.2748032,"Wh10802R","WSP Zeroed"
"441","2691","15W3419-1",44.4178772,46.5732956,-0.3511124,3.7368803,4.8580785,1.1614799,10.5764942,"A648","WSP Zeroed"
"442","3157","14W32307",34.3781967,39.9684715,-0.3433017,2.9558094,3.9817557,9.2069874,7.2529182,"Wuh08127i","WSP Zeroed"
"443","459","14NY0444-1",14.2914167,12.7791764285714,-0.330777885714286,8.2637704,9.44981768571428,19.4452765285714,35.3166171571429,"Check1","WSP Nulled"
"444","2276","15NY0796",44.3792419,46.298996,-0.3302841,2.9374282,3.5110979,0.8270721,8.8755589,"A7","WSP Nulled"
"445","1276","14W31309-1",11.149044,14.0076332,-0.3101578,9.5109825,9.6875973,19.9229088,38.3766136,"I45","WSP Nulled"
"446","3357","15W2830",15.4509134,22.662487,-0.3061353,7.423595,6.833127,20.6255264,38.1765976,"Wh10173V","WSP Nulled"
"447","3009","14NY0784-2",22.7004166,25.1431503,-0.2970558,5.2085519,5.9870524,16.9595165,24.8361111,"Wh10804R","WSP Zeroed"
"448","3022","14W30940-1",18.9186172,23.7654972,-0.2801987,10.0497398,6.4050899,18.8405647,44.3476181,"Wh10216V","WSP Nulled"
"449","378","14NY0363-2",37.2036209,38.6925964,-0.2608871,3.0229809,4.9008904,4.0860291,11.2854729,"IL110K","WSP Zeroed"
"450","3229","15NY0295",17.2344475,14.9289989,-0.2522382,7.9853501,6.5288877,19.7007179,41.3427391,"Wuh07183i","WSP Zeroed"
"451","1535","14W31864-1",3.7993431,6.9166679,-0.2387238,10.6229439,10.0564709,12.4631157,36.0554314,"IL801a","WSP Nulled"
"452","3191","15NY0098",16.7788734,14.5029688,-0.2377813,6.9397449,6.4699965,20.1794167,42.5605049,"Wuh09149i","WSP Zeroed"
"453","3185","15NY0067",25.6840401,15.8627815,-0.23737,5.0263271,5.0546474,15.6229897,32.705265,"Wh10035R","WSP Zeroed"
"454","3171","14W32461-1",15.1433954,22.3232689,-0.2102284,8.1229963,6.8678589,20.510479,42.1475296,"Wh93017","WSP Nulled"
"455","3001","14NY0760-1",18.6402016,22.1158524,-0.1918732,7.4446545,6.5235143,19.3357925,33.8807602,"Wh10006R","WSP Nulled"
"456","2987","14NY0745-1",16.134903,21.3950119,-0.1828539,6.6255116,6.6497526,19.7769699,30.4208221,"Wh96034","WSP Zeroed"
"457","2923","14NY0576-1",16.1970901,19.1953354,-0.1709697,5.5246177,6.7361689,20.6139336,37.650341,"Wh08042","WSP Zeroed"
"458","3026","14W30945-1",5.3857565,17.0068359,-0.1550972,7.9538264,8.2072964,25.9420071,48.5144348,"Wh09068","WSP Nulled"
"459","3068","14W31479",23.6214638,23.9667149,-0.1436799,4.2699032,3.9948688,14.5359135,20.3892918,"Wuh09188i","WSP Zeroed"
"460","3123","14W32075",18.9933243,20.1015167,-0.1031268,3.215153,4.7181525,16.9276409,19.8995056,"Wuh09191i","WSP Zeroed"
"461","2483","15W2544-2",35.9806519,38.5259552,-0.1006393,6.0461454,4.8661156,-0.8023224,11.6536217,"A7","WSP Nulled"
"462","3078","14W31546",28.6447315,28.75095845,-0.09855075,4.21245835,3.9551134,12.42168995,21.50685885,"Wuh09170i","WSP Zeroed"
"463","3280","15NY0671",31.0016403,30.6322079,-0.0968838,6.4056201,5.0691123,13.1211395,28.4452038,"Wh10804R","WSP Zeroed"
"464","3327","15W2367-2",17.1616669,23.0411034,-0.0902586,9.2289906,6.7067537,20.0758133,41.7440605,"Wh00033","WSP Zeroed"
"465","2063","15NY0451",18.5754356,18.4522057,-0.085434,10.5538025,7.89079,11.0493202,32.6110458,"IL793a","WSP Zeroed"
"466","3181","15NY0036",26.493969,17.0104885,-0.0848508,3.4539113,4.7214088,15.2639179,33.131958,"Wh09126R","WSP Nulled"
"467","3080","14W31632",23.8617401,24.7950134,-0.0847681,4.6284389,4.1361594,14.701807,22.719059,"Wuh07481i","WSP Zeroed"
"468","2838","14NY0213-2",4.9859314,20.5694466,-0.0768204,6.7475491,7.9480186,22.9880486,24.8918858,"Wh92054","WSP Zeroed"
"469","3060","14W31432-2",1.2353897,18.3349171,-0.0496473,6.3827229,8.8896761,26.3089828,38.2986526,"Wh10046R","WSP Nulled"
"470","3075","14W31542",35.751049,41.3561668,-0.0385447,3.3628995,4.0246077,7.9776287,5.9784431,"Wuh08127i","WSP Zeroed"
"471","1443","14W31679-1",10.488884,12.0541306,-0.0354767,8.8107891,9.8409109,11.6135025,30.5024872,"IL803a","WSP Nulled"
"472","2847","14NY0239-2",13.5992899,23.4172459,-0.0349498,8.7741137,7.3380284,20.3444519,30.3892784,"Wh00033","WSP Nulled"
"473","3344","15W2617-1",11.3272943,21.0965214,-0.0323529,6.9503269,7.3945313,22.106411,41.2561264,"Wh09087","WSP Nulled"
"474","3210","15NY0189",18.2710075,15.0474844,-0.0174503,7.0624914,6.2347298,19.2482147,41.8522682,"Wuh07481i","WSP Zeroed"
"475","3132","14W32121",31.0648155,29.9910889,-0.0109968,3.6720929,3.6749973,11.5853653,22.1043606,"Wuh07422i","WSP Nulled"
"476","3010","14NY0789-1",13.3006887,17.5629349,-0.0075326,7.3127656,7.1819162,21.4494019,37.9651031,"If825","WSP Zeroed"
"477","540","14NY0508",23.32827,NA,NA,11.0399799,7.3504086,-11.1202412,15.27458,"Check1","Sucrose Nulled"
"478","1303","14W31424",5.7211647,23.5886955,19.417366,5.7785239,3.5906,-6.1374702,-0.2743177,"If853","Sucrose Nulled"
"479","194","14NY0163-2",18.4159241,NA,NA,8.6736488,6.7864461,-5.211607,14.4651642,"S4","Sucrose Nulled"
"480","103","14NY0067-1",25.3532047,23.3339882,0,6.8193307,5.5217481,-4.9929733,7.5383472,"Check2","Sucrose Zeroed"
"481","1623","14W32112",20.4764214,32.3341064,9.7544937,4.9643869,2.4465833,-3.8349991,2.0986185,"SC6069","Sucrose Nulled"
"482","952","14NY0873-1",46.0988579,36.0317612,0,6.2647729,7.947413,-3.0304413,10.8873043,"A7","Sucrose Zeroed"
"483","951","14NY0873",45.7703171,35.7124557,0,6.2315307,8.0018387,-2.9234924,11.0519543,"A7","Sucrose Zeroed"
"484","997","14W30468-14",33.9988289,35.884491,0,5.2920036,5.5585756,-2.91259,11.0598011,"A7","Sucrose Zeroed"
"485","1579","14W32026",11.3309784,25.5827141,15.7233887,5.1974201,4.2670498,-2.8831367,2.5452061,"Ind. 5817","Sucrose Nulled"
"486","1722","14W32341",0,24.9099846,26.5711899,5.7542319,3.8084197,-2.4399567,1.3515921,"EP58","Sucrose Zeroed"
"487","1251","14W31249",5.9657478,23.0961876,18.3615799,4.6956534,2.9496324,-2.4296265,4.3794632,"34f","Sucrose Nulled"
"488","996","14W30468-1",35.6438141,36.932518,0,5.2871966,5.667016,-2.416893,10.78619,"A7","Sucrose Zeroed"
"489","336","14NY0316-1",23.30373,27.8362999,3.7167587,4.9207201,4.2181559,-2.3754311,8.1543369,"Wu99811","Sucrose Zeroed"
"490","1201","14W31101-1",9.8096504,22.8179741,11.6821213,4.885211,4.7333422,-2.0142632,12.8048878,"G8","Sucrose Zeroed"
"491","1381","14W31544",18.00967405,41.4604187,22.58335115,3.1598064,3.1083945,-1.71942135,-2.0078993,"IL761a","Sucrose Nulled"
"492","953","14NY0873-2",43.6019287,34.8346405,0,5.6689725,7.1670918,-1.4410934,12.10952,"A7","Sucrose Zeroed"
"493","553","14NY0520-1",44.4026909,42.378067,0,3.6809311,4.5885468,-1.0420151,7.4543858,"ND1","Sucrose Nulled"
"494","2483","15W2544-2",35.9806519,NA,NA,6.0461454,4.8661156,-0.8023224,11.6536217,"A7","Sucrose Zeroed"
"495","1351","14W31503-1",31.1460419,34.5545502,0.1935501,5.6769753,5.4752593,-0.7478561,12.3869705,"A15","Sucrose Zeroed"
"496","1378","14W31530-1",23.6517143,29.2346001,2.4124756,5.1160402,4.7953739,-0.6941109,10.4394741,"257A9","Sucrose Zeroed"
"497","1190","14W31072",17.6831017,38.4880066,19.7562485,2.413213,1.983011,-0.4504585,-0.4677124,"W6366","Sucrose Zeroed"
"498","1331","14W31459-1",14.31848905,22.57730485,5.33182145,6.2731819,6.0024099,-0.42988965,14.8451576,"A685su","Sucrose Zeroed"
"499","1370","14W31521",13.6629677,30.714241,16.1686707,3.2334127,1.7704701,-0.397644,2.090704,"IL773a","Sucrose Zeroed"
"500","1382","14W31545",8.2541656,26.2761955,18.16819,3.457644,1.6663527,-0.3732719,3.5713787,"Check2","Sucrose Zeroed"
"501","1455","14W31712",6.5435104,27.4339027,21.1281204,3.2368002,1.6818528,-0.3015518,3.7713623,"Check2","Sucrose Zeroed"
"502","1577","14W31957-1",6.2032738,9.0125465,2.8073807,8.9097366,7.2727785,-0.223793,20.7932625,"IL773a","Sucrose Zeroed"
"503","1707","14W32321-1",12.1113129,28.9656143,15.7626495,4.9852276,3.8603647,-0.1542244,10.0305023,"C65","Sucrose Zeroed"
"504","1282","14W31319",8.6575661,27.5252914,19.3186035,3.613785,2.0198224,-0.1384392,3.8817329,"Check2","Sucrose Zeroed"
"505","1096","14W30843",11.8816223,26.5445786,14.8952026,3.1265743,1.8730068,-0.1359863,3.1056881,"Check2","Sucrose Zeroed"
"506","69","14NY0048-1",30.4249802,32.7306442,1.3464584,3.2670913,4.5670786,-0.0656357,8.2432938,"W3742","Sucrose Zeroed"
"507","1481","14W31741-1",12.64077,22.7700386,8.9380569,4.7733259,4.0160627,-0.0180054,11.1224098,"Check2","Sucrose Zeroed"
"508","1775","14W32479",15.0120163,32.4831467,17.0258102,2.2680898,1.6401205,-0.0049553,1.7012033,"A10579","Sucrose Nulled"
"509","1079","14W30743",19.4402962,44.4094162,26.1566696,2.01123,2.042697,4.6389046,-0.7899351,"LUTHER HILL","Total.Sugar Nulled"
"510","1190","14W31072",17.6831017,38.4880066,19.7562485,2.413213,1.983011,0,-0.4677124,"W6366","Total.Sugar Zeroed"
"511","906","14NY0846-1",49.9397545,NA,NA,0.3508595,5.3388939,18.6074371,14.4388046,"IL14b","Starch Nulled"
"512","292","14NY0262-1",35.5999908,40.0524139,2.5113983,3.2977962,5.0932722,4.5143318,11.9454708,"P39","Starch Nulled"
"513","3065","14W31456",33.069313,32.8544159,2.0072937,8.7000828,4.3555369,6.5487804,10.0176964,"We08408","Starch Nulled"
"514","178","14NY0141-1",32.3958473,42.9050674,9.0999222,2.6318309,4.1597795,6.4528999,12.4899502,"P39a","Starch Nulled"
"515","1781","15NY0005",45.3232193,55.01828,9.7317505,1.1135014,1.2199035,8.3724403,9.2530155,"V781","Total.Polysaccharides Nulled"
"516","1377","14W31530",42.7086945,51.7158966,7.9605789,4.3253245,4.5780168,9.0419502,10.047224,"257A9","Total.Polysaccharides Nulled"
"517","1736","14W32428-1",2.8017311,5.4576492,0,12.1108341,10.698391,14.6831055,40.4685097,"C27","Glucose Nulled"
"518","3134","14W32122-1",12.9402952,15.2820721,2.9530315,11.3635731,7.1413131,15.7338047,30.4965172,"Wh09075","Glucose Nulled"
"519","540","14NY0508",23.32827,NA,NA,11.0399799,7.3504086,NA,NA,"Check1","Glucose Nulled"
"520","2063","15NY0451",18.5754356,18.4522057,0,10.5538025,7.89079,11.0493202,32.6110458,"IL793a","Glucose Nulled"
"521","3131","14W32116-1",11.4257441,17.7448311,2.2069297,10.5017939,7.4555225,18.0885124,42.6847115,"Wh96015","Glucose Nulled"
"522","1466","14W31722-1",2.3131027,17.051693,12.3264999,10.1232424,9.9689875,21.5029488,40.9565544,"C42","Glucose Nulled"
"523","3022","14W30940-1",18.9186172,NA,NA,10.0497398,6.4050899,18.8405647,44.3476181,"Wh10216V","Glucose Nulled"
"524","122","14NY0078-1",3.0301056,14.6611137,9.4403,10.0210152,9.1223793,21.5512543,41.7272072,"Check1","Glucose Nulled"
"525","18","14NY0011-1",0.2602615,4.0886154,5.5938873,9.9302559,9.6610527,21.3646622,44.6774979,"Check1","Glucose Nulled"
"526","1734","14W32427-2",6.5528603,11.0435104,3.7939682,9.8073931,9.6931725,16.7476578,39.1959305,"SC6069","Glucose Nulled"
"527","2493","15W2558-2",15.3144646,16.2962914,1.3530502,9.7423172,9.2930975,20.4558449,37.8701363,"Check1","Glucose Nulled"
"528","1088","14W30836-1",NA,NA,11.0314255,9.7055206,9.3117638,16.2731667,37.0745468,"Check1","Glucose Nulled"
"529","121","14NY0078",3.8838234,14.9004173,8.9388123,9.7046871,9.392786,21.9288445,41.1137619,"Check1","Glucose Nulled"
"530","1227","14W31128-1",NA,NA,12.1435013,9.6374617,9.3552322,16.1633911,35.7288666,"Check1","Glucose Nulled"
"531","535","14NY0505-1",4.5191689,14.5185623,8.6439133,9.5609379,8.8831911,20.013401,39.2755547,"Check1","Glucose Nulled"
"532","1276","14W31309-1",11.149044,NA,NA,9.5109825,9.6875973,19.9229088,38.3766136,"I45","Glucose Nulled"
"533","1445","14W31702-1",8.895546,18.0045624,6.9575958,9.4365377,9.804244,13.6728363,31.9792976,"Wu00802","Glucose Nulled"
"534","1903","15NY0208",8.5925903,15.3363037,6.2730408,9.4227295,7.741312,9.1873131,29.6093292,"IL773a","Glucose Nulled"
"535","62","14NY0043-2",13.0342026,13.8239708,0.6245193,9.3511963,9.5031538,15.1578674,32.6697311,"Check1","Glucose Nulled"
"536","1736","14W32428-1",2.8017311,5.4576492,0,NA,10.698391,14.6831055,NA,"C27","Fructose Nulled"
"537","1466","14W31722-1",2.3131027,17.051693,12.3264999,NA,9.9689875,21.5029488,NA,"C42","Fructose Nulled"
"538","2309","15NY0857",NA,NA,12.7999344,7.7366085,7.7872467,32.881012,52.0798531,"V775","Sucrose Nulled"
"539","2958","14NY0666-2",2.7438574,NA,0,6.095366,8.301795,32.787262,40.1994553,"Wh01001","Sucrose Nulled"
"540","1927","15NY0247",NA,NA,14.6839752,7.3357692,7.0177236,31.9538651,50.269249,"V775","Sucrose Nulled"
"541","2952","14NY0643-2",8.2037029,0.843261,0,6.4656749,7.9153128,31.6706352,43.8419685,"Wh07061a","Sucrose Nulled"
"542","2890","14NY0330-1",6.2207565,0.7801774,0,4.7788496,7.8681793,30.3776779,38.3469505,"Wh08042","Sucrose Nulled"
"543","2870","14NY0300-1",6.9345694,2.9875,0,5.5098929,7.8087292,30.0195103,39.6964493,"Wh96011","Sucrose Nulled"
"544","2978","14NY0722-1",7.9324541,5.2611527,0,5.9109087,7.9688888,29.8651009,43.9514046,"Wh1095407-2","Sucrose Nulled"
"545","3367","15W3014",9.1720409,14.8291035,2.009891,8.4288092,7.5606928,20.5410309,49.7457008,"Wuh09191i","Total.Sugar Nulled"
"546","2843","14NY0228",11.3597965,8.9886408,0,7.53651115,7.393646,27.1943407,48.83294105,"Wuh09191i","Total.Sugar Nulled"
"547","3386","15W3214-2",20.5919266,NA,NA,8.4537745,6.1819749,24.390461,48.7821007,"Wh10113R","Total.Sugar Nulled"
"548","2895","14NY0344-2",9.1066217,2.2820036,0,8.7082186,7.7162929,30.2405205,48.5610237,"Wuh98032","Total.Sugar Nulled"
"549","882","14NY0830-2",NA,NA,9.08564,7.8060055,8.4419146,29.5237579,48.3681755,"V775","Total.Sugar Nulled"
"550","2912","14NY0564",20.2986169,9.2331913,0,5.7108822,6.0715888,25.14206885,48.34435655,"Wuh09191i","Total.Sugar Nulled"
"551","3048","14W31339-1",3.6461067,11.302947,2.0369306,8.1032495,8.2550526,23.2705421,48.3257217,"Wuh09191i","Total.Sugar Nulled"
