"","Samples","Year","Row","Rep","Starch","Total.Polysaccharides","WSP","Glucose","Fructose","Sucrose","Total.Sugar","Location","NIRBase","Variety","endo"
"1","sc.jz.10001.","sc","jz","10001",10.9621162,19.8207245,8.86203,7.4138179,7.9619884,13.4566689,29.663166,"W","scWjz",NA,NA
"2","sc.jz.10002.","sc","jz","10002",10.3213348,20.8054237,9.4265671,6.2937999,5.7233467,8.1213875,25.0736961,"W","scWjz",NA,NA
"3","sc.jz.10005.","sc","jz","10005",14.4545937,22.1298676,7.1163177,5.5110488,5.5323625,5.3444061,17.6162815,"W","scWjz",NA,NA
"4","sc.jz.10007.","sc","jz","10007",6.65578655,17.6399841,11.7450447,7.2124958,7.18035675,11.41048815,27.96896935,"W","scWjz",NA,NA
"5","sc.jz.10008.","sc","jz","10008",3.330368,19.5805893,17.2652817,5.5235214,4.4148078,8.214695,20.7786751,"W","scWjz",NA,NA
"6","sc.jz.10009.","sc","jz","10009",19.4342308,21.9406242,6.2682419,5.2031975,5.8667507,8.6740913,23.6656609,"W","scWjz",NA,NA
"7","sc.jz.10014.","sc","jz","10014",9.7144356,19.9281425,10.3817444,8.9302149,9.6297722,17.6224518,35.8132935,"W","scWjz",NA,NA
"8","sc.jz.10016.","sc","jz","10016",10.083271,22.6724586,13.1098099,5.96171,6.2060337,14.1183243,29.1543083,"W","scWjz",NA,NA
"9","sc.jz.10017.","sc","jz","10017",6.717968,25.3170853,17.9547577,6.3306203,6.5264854,9.5749702,24.6236305,"W","scWjz",NA,NA
"10","sc.jz.10018.","sc","jz","10018",6.5090141,23.1880074,17.1088562,6.1320677,6.7913694,10.2827644,24.6706352,"W","scWjz",NA,NA
"11","sc.jz.10020.","sc","jz","10020",5.5807762,21.558773,15.71035,6.2319498,6.3705196,10.6508102,26.0827522,"W","scWjz",NA,NA
"12","sc.jz.10021.","sc","jz","10021",11.7265511,26.1815529,13.2903748,5.8118219,4.4862714,7.0569839,19.7658043,"W","scWjz",NA,NA
"13","sc.jz.10026.","sc","jz","10026",9.3813095,18.2053261,8.6113281,5.9155197,6.9332733,11.0723228,25.741848,"W","scWjz",NA,NA
"14","sc.jz.10029.","sc","jz","10029",10.3191032,5.6072807,-6.006424,9.7609272,9.9079542,11.4478188,35.0044823,"W","scWjz",NA,NA
"15","sc.jz.10033.","sc","jz","10033",6.7315598,22.2660484,15.9393616,6.8686399,7.205771,13.0249481,26.1950912,"W","scWjz",NA,NA
"16","sc.jz.10034.","sc","jz","10034",12.303421,21.6829834,8.2786255,6.4434237,6.5661016,8.93647,23.3302841,"W","scWjz",NA,NA
"17","sc.jz.10035.","sc","jz","10035",6.7115707,22.1003342,14.3822632,6.0436211,5.7011776,8.6766968,22.8717728,"W","scWjz",NA,NA
"18","sc.jz.10036.","sc","jz","10036",11.0911064,22.2616348,9.9426804,6.0088673,4.9277039,7.5066414,20.9950943,"W","scWjz",NA,NA
"19","sc.jz.10101.","sc","jz","10101",7.7609177,14.2085495,5.3199539,7.9044337,8.1304302,14.1929932,32.1335411,"W","scWjz",NA,NA
"20","sc.jz.10106.","sc","jz","10106",10.3924599,20.2090454,9.228157,6.6426277,6.1853776,7.7554321,24.4939537,"W","scWjz",NA,NA
"21","sc.jz.10107.","sc","jz","10107",7.4977341,26.0104103,19.8745117,6.6567216,6.7590866,18.1424789,32.1081009,"W","scWjz",NA,NA
"22","sc.jz.10108.","sc","jz","10108",18.0747032,12.3199844,-4.4869995,8.3371258,9.5633554,10.0889854,30.4384346,"W","scWjz",NA,NA
"23","sc.jz.10111.","sc","jz","10111",4.8886871,14.8464737,10.4571304,7.737864,7.2330432,9.7955055,28.4479141,"W","scWjz",NA,NA
"24","sc.jz.10112.","sc","jz","10112",12.6774826,20.5512161,7.33860015,5.72265315,6.21105265,9.52827455,23.79841425,"W","scWjz",NA,NA
"25","sc.jz.10117.","sc","jz","10117",13.1796341,21.5435257,7.4488983,7.0203562,5.2516804,2.9343567,17.942543,"W","scWjz",NA,NA
"26","sc.jz.10120.","sc","jz","10120",11.0620537,20.4342537,10.3467484,7.1196551,8.3294621,14.6683235,30.9508247,"W","scWjz",NA,NA
"27","sc.jz.10123.","sc","jz","10123",8.6600189,21.43969535,11.97096635,6.24216245,6.7280979,9.2116051,23.65649985,"W","scWjz",NA,NA
"28","sc.jz.10124.","sc","jz","10124",4.5850525,24.5568314,19.279686,6.5195808,6.1699557,13.055294,29.483654,"W","scWjz",NA,NA
"29","sc.jz.10125.","sc","jz","10125",1.4654541,20.9016151,20.0019989,6.6873589,6.8183737,16.0405197,31.3064499,"W","scWjz",NA,NA
"30","sc.jz.10129.","sc","jz","10129",11.0729256,12.111248,0.8597565,8.9842873,9.9376392,14.8015213,36.2325935,"W","scWjz",NA,NA
"31","sc.jz.10130.","sc","jz","10130",12.1536598,15.7081032,2.0973511,7.9538007,7.8638525,9.6547966,28.1050758,"W","scWjz",NA,NA
"32","sc.jz.10134.","sc","jz","10134",10.3459702,22.7473755,11.4874344,6.3598619,6.7861691,7.5969696,23.1004829,"W","scWjz",NA,NA
"33","sc.jz.10136.","sc","jz","10136",15.8676147,25.5441589,8.4886246,6.1758566,5.1212225,2.6825562,17.0468082,"W","scWjz",NA,NA
"34","sc.jz.10137.","sc","jz","10137",9.0747452,14.795723,5.3240509,8.7440739,8.4124594,10.2925529,29.1989594,"W","scWjz",NA,NA
"35","sc.jz.10138.","sc","jz","10138",12.3902359,16.4291496,4.742775,6.5981402,7.54076,12.5293732,31.2083321,"W","scWjz",NA,NA
"36","sc.jz.10140.","sc","jz","10140",10.240078,26.4343224,17.03582,5.7305822,6.6647291,17.3711128,30.3599358,"W","scWjz",NA,NA
"37","sc.jz.10201.","sc","jz","10201",7.263298,22.0863419,13.8973618,7.2258086,7.1284337,11.4319191,27.0184784,"W","scWjz",NA,NA
"38","sc.jz.10202.","sc","jz","10202",16.1882172,27.4922791,10.7990112,4.9419956,4.1990137,3.8324432,15.1225967,"W","scWjz",NA,NA
"39","sc.jz.10203.","sc","jz","10203",7.9636955,21.5895844,12.7445679,6.3112364,5.4601893,6.2907944,20.1223412,"W","scWjz",NA,NA
"40","sc.jz.10205.","sc","jz","10205",10.4287071,24.3760262,15.1999054,6.2245102,5.5228543,8.2070122,21.7803421,"W","scWjz",NA,NA
"41","sc.jz.10206.","sc","jz","10206",6.4779587,28.4609489,21.4730148,5.6127033,5.173121,10.6540451,22.5027885,"W","scWjz",NA,NA
"42","sc.jz.10208.","sc","jz","10208",0.4051933,19.9053307,19.9348602,5.3513145,4.6679735,9.615696,22.0270996,"W","scWjz",NA,NA
"43","sc.jz.10209.","sc","jz","10209",6.6128654,16.548584,8.9674377,7.4753799,7.1288238,11.1975822,30.0101967,"W","scWjz",NA,NA
"44","sc.jz.10210.","sc","jz","10210",10.4964218,14.4799614,3.2451324,7.5050507,8.1615658,12.4887924,31.766571,"W","scWjz",NA,NA
"45","sc.jz.10211.","sc","jz","10211",8.0542564,19.4709473,10.5871887,6.7909098,6.7143521,11.6792374,28.3828583,"W","scWjz",NA,NA
"46","sc.jz.10213.","sc","jz","10213",7.5092659,23.4922485,15.4668503,5.7396832,5.0677824,9.7946014,23.2386856,"W","scWjz",NA,NA
"47","sc.jz.10214.","sc","jz","10214",6.2806702,24.6295967,18.7770691,5.9853697,6.4977612,14.5531082,27.4178276,"W","scWjz",NA,NA
"48","sc.jz.10215.","sc","jz","10215",8.4219093,15.2588882,5.4595261,7.0515862,6.309886,11.1570549,28.2817268,"W","scWjz",NA,NA
"49","sc.jz.10216.","sc","jz","10216",3.2386665,24.923275,21.5376129,5.4625254,4.7532873,11.0174179,23.3197632,"W","scWjz",NA,NA
"50","sc.jz.10217.","sc","jz","10217",11.8998337,25.3116074,12.4820328,5.5719132,4.684917,6.7753487,20.8027039,"W","scWjz",NA,NA
"51","sc.jz.10219.","sc","jz","10219",11.0457306,27.8266068,18.2746429,7.312326,6.3082376,13.5137329,28.2012901,"W","scWjz",NA,NA
"52","sc.jz.10220.","sc","jz","10220",10.6290016,20.4293365,9.6238174,6.4602375,7.1478558,12.2255783,27.8854675,"W","scWjz",NA,NA
"53","sc.jz.10221.","sc","jz","10221",4.0751534,14.2734451,9.0563889,8.4306755,8.608552,16.1919632,36.2005424,"W","scWjz",NA,NA
"54","sc.jz.10222.","sc","jz","10222",8.4445839,24.2697868,15.1142502,6.4040103,5.49055,7.2480431,22.1097031,"W","scWjz",NA,NA
"55","sc.jz.10223.","sc","jz","10223",10.9934731,26.1264648,13.932106,6.2328653,5.9934659,8.269989,21.6979446,"W","scWjz",NA,NA
"56","sc.jz.10224.","sc","jz","10224",9.4761734,20.8005676,10.6588135,6.6755123,6.8526225,11.9456024,27.7656593,"W","scWjz",NA,NA
"57","sc.jz.10225.","sc","jz","10225",6.6584625,21.4947815,15.4134293,5.9904013,5.9950509,11.5659676,26.184082,"W","scWjz",NA,NA
"58","sc.jz.10226.","sc","jz","10226",8.1864967,22.8192444,13.345459,6.0332351,5.4135752,8.6491127,21.2415428,"W","scWjz",NA,NA
"59","sc.jz.10227.","sc","jz","10227",8.3912582,28.5607033,19.9682083,5.653635,5.6418362,14.1755981,26.6339722,"W","scWjz",NA,NA
"60","sc.jz.10228.","sc","jz","10228",8.4401169,22.4029198,13.8576965,6.7637777,7.3930125,15.4492416,30.7954369,"W","scWjz",NA,NA
"61","sc.jz.10229.","sc","jz","10229",12.7306633,23.6206322,10.7258148,5.5417089,4.5576935,5.6304703,18.1270638,"W","scWjz",NA,NA
"62","sc.jz.10230.","sc","jz","10230",9.0141068,25.8732262,17.5317307,4.869781,4.3903399,8.9444275,22.0256119,"W","scWjz",NA,NA
"63","sc.jz.10301.","sc","jz","10301",1.9723015,22.4108582,19.7526321,7.0106978,5.9900889,9.3792229,25.1769714,"W","scWjz",NA,NA
"64","sc.jz.10302.","sc","jz","10302",5.1863632,25.2173767,18.9537048,6.0024581,4.8817658,9.7193146,23.9358978,"W","scWjz",NA,NA
"65","sc.jz.10304.","sc","jz","10304",11.72579765,16.84215545,4.04436495,6.62240435,5.9428489,4.55314065,20.43037795,"W","scWjz",NA,NA
"66","sc.jz.10306.","sc","jz","10306",8.2680321,22.349411,14.0662613,5.4545493,4.8259611,9.1074524,23.2802048,"W","scWjz",NA,NA
"67","sc.jz.10307.","sc","jz","10307",5.3237038,25.5030746,20.0207748,5.9334993,4.6839409,9.457386,23.3197975,"W","scWjz",NA,NA
"68","sc.jz.10308.","sc","jz","10308",7.2334557,19.6183548,11.5108032,6.9513841,6.4384584,7.8574829,24.6012001,"W","scWjz",NA,NA
"69","sc.jz.10309.","sc","jz","10309",4.5355568,18.5606194,14.0208435,6.3051858,5.9510021,12.4154396,28.9024239,"W","scWjz",NA,NA
"70","sc.jz.10310.","sc","jz","10310",11.3991013,22.7241859,11.3511429,6.3271379,6.7188854,9.530098,23.4689598,"W","scWjz",NA,NA
"71","sc.jz.10311.","sc","jz","10311",7.3513336,22.407299,15.1358032,5.8804045,6.1139135,14.5294418,29.8036308,"W","scWjz",NA,NA
"72","sc.jz.10312.","sc","jz","10312",5.4641685,19.2884827,13.9802246,6.9664116,6.4570851,11.3429604,28.1414871,"W","scWjz",NA,NA
"73","sc.jz.10313.","sc","jz","10313",11.9704514,24.0828781,11.5202866,5.8871393,4.3033767,3.9178009,16.5394115,"W","scWjz",NA,NA
"74","sc.jz.10314.","sc","jz","10314",11.4007339,23.5142517,12.2298431,5.7000799,6.1627641,11.6372795,26.4192276,"W","scWjz",NA,NA
"75","sc.jz.10315.","sc","jz","10315",16.1452103,27.8255196,10.9808426,5.1024938,5.3485155,7.6432381,19.7159996,"W","scWjz",NA,NA
"76","sc.jz.10316.","sc","jz","10316",13.3519135,24.3252678,12.1921997,7.2621894,6.0561628,6.5276909,22.4592705,"W","scWjz",NA,NA
"77","sc.jz.10318.","sc","jz","10318",7.7496567,11.2528572,3.1395721,7.8653841,8.1204395,12.0817986,33.0213737,"W","scWjz",NA,NA
"78","sc.jz.10319.","sc","jz","10319",5.8111992,13.9761505,7.2260742,8.0335217,8.6086273,16.1532059,37.0095596,"W","scWjz",NA,NA
"79","sc.jz.10320.","sc","jz","10320",8.774559,19.3918381,10.2124252,5.8101568,5.3336697,7.1326294,20.7767448,"W","scWjz",NA,NA
"80","sc.jz.10321.","sc","jz","10321",5.1716232,24.4371376,18.9760284,6.3039007,6.8363786,14.0401459,27.3242264,"W","scWjz",NA,NA
"81","sc.jz.10323.","sc","jz","10323",10.6224136,16.3605423,4.1564484,8.1302528,8.1689291,8.6441002,27.7660713,"W","scWjz",NA,NA
"82","sc.jz.10324.","sc","jz","10324",6.2934418,21.0837402,13.9608536,7.3915262,6.9363751,11.796257,28.2835274,"W","scWjz",NA,NA
"83","sc.jz.10325.","sc","jz","10325",11.6553688,17.9815102,8.5451279,6.3261256,5.7982144,4.609745,22.1175537,"W","scWjz",NA,NA
"84","sc.jz.10326.","sc","jz","10326",9.7495461,23.4044304,12.9696503,5.5953741,4.4156971,6.77005,19.3304939,"W","scWjz",NA,NA
"85","sc.jz.10327.","sc","jz","10327",6.24212265,21.800581,15.70719525,6.79640365,6.52147555,13.0491886,28.58322525,"W","scWjz",NA,NA
"86","sc.jz.10329.","sc","jz","10329",13.0119171,23.3225479,10.7056351,4.7329078,4.4937153,7.8728905,20.8259659,"W","scWjz",NA,NA
"87","sc.jz.10401.","sc","jz","10401",10.6456718,11.355175,0.5576553,8.3438587,8.8338928,8.2539406,28.8222198,"W","scWjz",NA,NA
"88","sc.jz.10403.","sc","jz","10403",12.2013664,11.5121841,-0.3973999,9.1446276,9.2924738,14.779747,36.3215714,"W","scWjz",NA,NA
"89","sc.jz.10404.","sc","jz","10404",11.6713943,25.5208855,15.2811356,5.5543165,5.3999939,8.6823769,20.5421181,"W","scWjz",NA,NA
"90","sc.jz.10405.","sc","jz","10405",4.2791367,17.0460434,11.8059845,7.3981447,6.6580644,10.7033615,28.4027443,"W","scWjz",NA,NA
"91","sc.jz.10406.","sc","jz","10406",12.194191,19.1556702,7.5378647,5.8760548,6.4506636,9.9418716,24.6133347,"W","scWjz",NA,NA
"92","sc.jz.10408.","sc","jz","10408",17.0088539,21.2206573,4.7434769,5.7953625,6.7861705,8.4109039,23.0261688,"W","scWjz",NA,NA
"93","sc.jz.10409.","sc","jz","10409",6.7055435,23.0472221,15.4409332,6.5038505,6.8089199,10.2047844,24.161499,"W","scWjz",NA,NA
"94","sc.jz.10410.","sc","jz","10410",5.8602295,15.4427376,7.6803894,7.6258674,6.6548438,9.7240639,27.7290688,"W","scWjz",NA,NA
"95","sc.jz.10411.","sc","jz","10411",7.5563393,21.3768616,12.573082,6.2287169,5.2839952,11.117218,26.4577637,"W","scWjz",NA,NA
"96","sc.jz.10412.","sc","jz","10412",13.1368523,26.0007362,12.8073807,5.4894371,5.0666447,7.3702354,20.8795166,"W","scWjz",NA,NA
"97","sc.jz.10414.","sc","jz","10414",6.278862,20.8001022,13.8989029,6.8247995,5.1707263,5.4283981,21.3451118,"W","scWjz",NA,NA
"98","sc.jz.10415.","sc","jz","10415",7.3268929,20.1997719,11.9968643,6.5396171,6.6452956,6.3320313,21.9870567,"W","scWjz",NA,NA
"99","sc.jz.10416.","sc","jz","10416",3.2770119,21.3313446,17.8115845,6.0845871,5.6544466,10.2651558,25.0878677,"W","scWjz",NA,NA
"100","sc.jz.10417.","sc","jz","10417",8.6807747,24.3934593,16.0294266,6.0050259,6.8910561,16.5920906,30.9777489,"W","scWjz",NA,NA
"101","sc.jz.10418.","sc","jz","10418",7.539444,13.0991249,4.8021011,7.5858889,7.5883522,10.5923843,29.751606,"W","scWjz",NA,NA
"102","sc.jz.10419.","sc","jz","10419",12.7627716,21.6375084,7.9073715,7.106308,7.2817106,7.9675179,23.5974388,"W","scWjz",NA,NA
"103","sc.jz.10420.","sc","jz","10420",7.3588066,16.6384239,8.3873749,7.878067,8.2703447,14.6520996,33.6125793,"W","scWjz",NA,NA
"104","sc.jz.10421.","sc","jz","10421",7.0614548,20.0388565,12.2706299,6.9487758,5.7220554,9.0404778,25.8295746,"W","scWjz",NA,NA
"105","sc.jz.10422.","sc","jz","10422",5.2087517,26.221386,22.3054047,6.6804891,7.6681318,18.7922859,32.9462433,"W","scWjz",NA,NA
"106","sc.jz.10423.","sc","jz","10423",6.9180222,23.556881,16.7742615,5.875618,4.5284095,9.4705238,22.5413208,"W","scWjz",NA,NA
"107","sc.jz.10424.","sc","jz","10424",7.9457016,22.0059929,12.9669342,6.6427531,5.8607097,8.9983063,24.0102539,"W","scWjz",NA,NA
"108","sc.jz.10426.","sc","jz","10426",9.7711487,21.2199936,12.0781021,6.2213488,6.7728882,16.3410606,32.6466637,"W","scWjz",NA,NA
"109","sc.jz.10429.","sc","jz","10429",15.9147148,14.4941635,-1.1250687,6.6434245,7.4024701,10.6131401,29.0522041,"W","scWjz",NA,NA
"110","sc.jz.10430.","sc","jz","10430",13.147995,12.8262596,-0.7237625,9.1519794,9.1838598,11.1487961,32.1460609,"W","scWjz",NA,NA
"111","sc.jz.10502.","sc","jz","10502",5.9625626,22.1614647,15.4813995,6.9632721,6.127739,8.4654655,23.1911201,"W","scWjz",NA,NA
"112","sc.jz.10504.","sc","jz","10504",10.1260071,15.9919548,6.9757385,7.150301,7.4693666,16.767086,33.9419403,"W","scWjz",NA,NA
"113","sc.jz.10505.","sc","jz","10505",11.5878181,20.2681808,7.7184525,6.767839,6.4798393,10.0536118,25.0304222,"W","scWjz",NA,NA
"114","sc.jz.10506.","sc","jz","10506",10.6541405,15.6030121,4.5354538,7.8643718,6.6503572,1.8094864,19.5827293,"W","scWjz",NA,NA
"115","sc.jz.10508.","sc","jz","10508",8.4228249,16.0408134,6.4994965,7.0301876,6.4582176,9.9206657,27.7419395,"W","scWjz",NA,NA
"116","sc.jz.10510.","sc","jz","10510",7.3849869,17.2390823,9.0988922,6.7716637,6.1518049,9.0824661,26.5606728,"W","scWjz",NA,NA
"117","sc.jz.10511.","sc","jz","10511",15.0629768,23.1408119,8.7578812,5.4264107,5.6592622,7.7975388,21.8990707,"W","scWjz",NA,NA
"118","sc.jz.10512.","sc","jz","10512",11.285778,21.4635124,9.8304977,6.3000531,5.4260411,6.3940773,21.2384949,"W","scWjz",NA,NA
"119","sc.jz.10513.","sc","jz","10513",7.9528809,20.1290398,11.6339493,5.7740183,4.6106596,6.2028046,20.1606483,"W","scWjz",NA,NA
"120","sc.jz.10514.","sc","jz","10514",9.7169456,18.9560471,10.8763046,7.9496326,8.5340881,23.803215,42.0836182,"W","scWjz",NA,NA
"121","sc.jz.10515.","sc","jz","10515",10.6467781,25.4866257,13.2567749,6.0375624,4.272377,5.9713669,18.6330795,"W","scWjz",NA,NA
"122","sc.jz.10519.","sc","jz","10519",8.3621025,24.0849495,14.7189484,6.251605,5.6479177,11.8269463,26.1484146,"W","scWjz",NA,NA
"123","sc.jz.10520.","sc","jz","10520",13.3114891,22.419426,8.6770096,6.1409359,6.6388164,9.5457535,23.8182793,"W","scWjz",NA,NA
"124","sc.jz.10521.","sc","jz","10521",11.4845276,23.4552002,11.8534851,5.4243431,5.4414101,8.5223732,21.5789642,"W","scWjz",NA,NA
"125","sc.jz.10522.","sc","jz","10522",9.1018906,26.7025566,16.6030579,6.1383018,6.0666022,10.2782974,24.1526146,"W","scWjz",NA,NA
"126","sc.jz.10523.","sc","jz","10523",11.5013809,22.1818695,10.5030746,5.9967799,6.6592016,10.2000618,24.2252197,"W","scWjz",NA,NA
"127","sc.jz.10524.","sc","jz","10524",10.329174,25.7919044,16.7860184,6.2489085,5.3281865,12.7206764,25.9457016,"W","scWjz",NA,NA
"128","sc.jz.10526.","sc","jz","10526",7.22015,25.1421432,18.6374664,5.2420864,4.623888,10.9775581,25.3071632,"W","scWjz",NA,NA
"129","sc.jz.10527.","sc","jz","10527",16.0232544,27.9827995,11.6751022,5.2002425,4.6978064,5.5904541,17.3985863,"W","scWjz",NA,NA
"130","sc.jz.10601.","sc","jz","10601",9.0119438,14.7419243,5.214386,6.9976854,6.7965097,8.3128662,27.1188431,"W","scWjz",NA,NA
"131","sc.jz.10603.","sc","jz","10603",12.0507736,24.1877251,10.6314392,6.3336577,5.2334599,7.4026642,21.7841644,"W","scWjz",NA,NA
"132","sc.jz.10604.","sc","jz","10604",9.6497612,25.054184,16.4581451,6.5529885,5.7863789,9.7924118,22.9967232,"W","scWjz",NA,NA
"133","sc.jz.10605.","sc","jz","10605",9.9125824,25.2466393,14.186142,5.5076942,4.278532,5.605629,17.3913326,"W","scWjz",NA,NA
"134","sc.jz.10606.","sc","jz","10606",4.7399826,20.6234436,14.7753143,7.218339,6.2050304,10.333744,25.6598778,"W","scWjz",NA,NA
"135","sc.jz.10609.","sc","jz","10609",12.6513939,24.2757874,14.086525,6.5369687,5.9679513,10.9808044,25.9213104,"W","scWjz",NA,NA
"136","sc.jz.10610.","sc","jz","10610",9.1620941,20.2667274,10.4892578,6.232655,5.771318,9.7442284,25.6727676,"W","scWjz",NA,NA
"137","sc.jz.10611.","sc","jz","10611",4.9995613,21.9390144,16.5518341,7.4438057,7.7730632,17.0813255,34.1179886,"W","scWjz",NA,NA
"138","sc.jz.10612.","sc","jz","10612",14.3675232,18.4477348,3.8230209,6.8502245,7.2956972,11.7436104,29.7300034,"W","scWjz",NA,NA
"139","sc.jz.10613.","sc","jz","10613",8.1400223,20.864109,12.8394012,6.179244,5.7247639,9.1839066,23.106926,"W","scWjz",NA,NA
"140","sc.jz.10614.","sc","jz","10614",10.2419319,14.7181129,3.3325424,7.335659,7.0432453,8.7952003,28.0452042,"W","scWjz",NA,NA
"141","sc.jz.10616.","sc","jz","10616",6.812088,22.735836,15.1309128,6.9908304,6.8913603,12.6317558,28.1038857,"W","scWjz",NA,NA
"142","sc.jz.10617.","sc","jz","10617",4.5892868,14.79216,9.3065491,7.0096922,6.3687105,7.6674385,25.5531998,"W","scWjz",NA,NA
"143","sc.jz.10619.","sc","jz","10619",8.0608788,13.3453369,5.009613,7.6907597,8.0488472,13.8365631,33.1189537,"W","scWjz",NA,NA
"144","sc.jz.10621.","sc","jz","10621",4.7927895,19.6442032,14.3565063,7.4361081,7.9204354,18.5753326,36.7609787,"W","scWjz",NA,NA
"145","sc.jz.10622.","sc","jz","10622",11.4769936,25.5225372,13.1284409,5.3962955,4.2130628,6.2029991,18.2791557,"W","scWjz",NA,NA
"146","sc.jz.10623.","sc","jz","10623",5.368515,18.63974,12.3333588,6.7914639,5.8590016,6.3803902,21.330513,"W","scWjz",NA,NA
"147","sc.jz.10624.","sc","jz","10624",17.6478653,26.5410957,8.6492081,5.0943751,4.8507414,1.4787025,12.8569813,"W","scWjz",NA,NA
"148","sc.jz.10625.","sc","jz","10625",9.7507668,24.8695488,14.4426727,5.4575529,4.9242191,5.7949944,19.5989914,"W","scWjz",NA,NA
"149","sc.jz.10626.","sc","jz","10626",8.3237648,18.5857391,8.2744293,7.7324123,6.7649188,7.3627014,24.8880348,"W","scWjz",NA,NA
"150","sc.jz.10627.","sc","jz","10627",6.0350227,20.224369,13.4051514,6.8751717,6.784657,9.1349525,24.9968491,"W","scWjz",NA,NA
"151","sc.jz.10629.","sc","jz","10629",5.8117752,17.0594788,10.1445847,7.2011805,6.7187839,11.6768227,29.500927,"W","scWjz",NA,NA
"152","sc.jz.10630.","sc","jz","10630",3.8852177,24.76313975,20.84492495,6.13645935,5.35495355,12.62281415,27.1575909,"W","scWjz",NA,NA
"153","sc.jz.10701.","sc","jz","10701",8.7085838,19.9041138,10.3109436,6.3800139,6.1863933,10.8388824,26.8045425,"W","scWjz",NA,NA
"154","sc.jz.10702.","sc","jz","10702",9.173069,12.5125351,3.0431671,7.5107694,7.4718261,7.7078056,26.4841309,"W","scWjz",NA,NA
"155","sc.jz.10703.","sc","jz","10703",8.0667267,18.6835327,9.5683517,6.3164721,5.7938585,8.5586548,24.07584,"W","scWjz",NA,NA
"156","sc.jz.10704.","sc","jz","10704",1.63237,22.7961769,20.9051208,6.2717462,6.3464866,14.0881119,27.7383881,"W","scWjz",NA,NA
"157","sc.jz.10705.","sc","jz","10705",4.9868813,18.9290924,13.3383408,6.5850568,6.3728018,10.8507729,26.1612434,"W","scWjz",NA,NA
"158","sc.jz.10706.","sc","jz","10706",10.0216179,26.4855576,15.6190414,5.1899958,5.0913005,8.7577667,20.6069374,"W","scWjz",NA,NA
"159","sc.jz.10707.","sc","jz","10707",7.0460167,25.7028732,19.2196045,5.9178152,5.3657417,11.2711563,25.1778107,"W","scWjz",NA,NA
"160","sc.jz.10708.","sc","jz","10708",7.7563133,19.8355179,11.1051331,6.0155745,5.2749577,7.5553207,21.9596977,"W","scWjz",NA,NA
"161","sc.jz.10713.","sc","jz","10713",15.2926216,18.6450081,3.2481995,6.3176489,6.4664717,5.7498703,20.5557747,"W","scWjz",NA,NA
"162","sc.jz.10714.","sc","jz","10714",11.1733551,28.337677,17.0730743,4.6102943,3.0740891,8.0471764,19.0697098,"W","scWjz",NA,NA
"163","sc.jz.10719.","sc","jz","10719",6.8058853,26.414669,20.04216,7.1908622,7.72016,19.7899818,34.4386902,"W","scWjz",NA,NA
"164","sc.jz.10721.","sc","jz","10721",9.573307,19.0999413,9.0662766,6.2661991,7.4244027,12.4862137,28.4099617,"W","scWjz",NA,NA
"165","sc.jz.10722.","sc","jz","10722",11.997364,18.024868,5.8911514,6.1785698,6.7141752,9.7756195,25.7999687,"W","scWjz",NA,NA
"166","sc.jz.10723.","sc","jz","10723",9.6235085,28.763195,19.4241791,4.8525934,4.6125927,5.697567,15.9743881,"W","scWjz",NA,NA
"167","sc.jz.10724.","sc","jz","10724",12.8516617,13.6232071,0.2490921,7.5082207,8.1478806,15.2597122,35.745388,"W","scWjz",NA,NA
"168","sc.jz.10726.","sc","jz","10726",10.7973442,24.639431,12.9219437,5.6469173,5.698277,10.7884026,24.6563416,"W","scWjz",NA,NA
"169","sc.jz.10728.","sc","jz","10728",11.175354,22.3227959,11.444931,5.9659243,6.5349884,12.0071335,27.6117249,"W","scWjz",NA,NA
"170","sc.jz.10729.","sc","jz","10729",4.8426323,17.6677704,12.1166687,7.4574194,7.7415061,14.589901,31.7240906,"W","scWjz",NA,NA
"171","sc.jz.10730.","sc","jz","10730",11.0735474,21.7108345,10.1658783,6.5274205,6.1028028,7.7069778,23.3854942,"W","scWjz",NA,NA
"172","sc.jz.10802.","sc","jz","10802",13.5247879,22.7472153,8.3050842,6.1828732,5.5774746,7.3963737,20.7010574,"W","scWjz",NA,NA
"173","sc.jz.10805.","sc","jz","10805",13.5581169,18.63134,4.1269913,6.9878359,6.7745104,8.718483,24.9528313,"W","scWjz",NA,NA
"174","sc.jz.10806.","sc","jz","10806",4.6379433,19.5537109,14.2476273,6.3765736,6.3016148,14.0188637,29.3850479,"W","scWjz",NA,NA
"175","sc.jz.10807.","sc","jz","10807",4.1396446,22.3488083,18.5488968,5.98911,6.3227558,16.644146,30.476841,"W","scWjz",NA,NA
"176","sc.jz.10808.","sc","jz","10808",20.6098976,7.4142532,-9.8349304,7.5326095,10.1638155,14.5838585,38.1538963,"W","scWjz",NA,NA
"177","sc.jz.10809.","sc","jz","10809",8.4703674,19.559597,10.2009201,6.9482303,7.0331974,12.5926056,28.1104393,"W","scWjz",NA,NA
"178","sc.jz.10811.","sc","jz","10811",13.9083099,10.5135155,-3.8376312,7.9120808,8.1128359,9.1341057,30.7128029,"W","scWjz",NA,NA
"179","sc.jz.10812.","sc","jz","10812",8.1969681,23.9735336,15.1853485,5.9352627,5.2646475,6.4310951,19.9408188,"W","scWjz",NA,NA
"180","sc.jz.10813.","sc","jz","10813",13.6016235,31.5448303,17.0698929,4.7661867,3.8758488,8.238308,18.7854538,"W","scWjz",NA,NA
"181","sc.jz.10814.","sc","jz","10814",7.8782234,21.2780724,13.145256,6.3454547,6.9396019,12.4441681,27.6256065,"W","scWjz",NA,NA
"182","sc.jz.10815.","sc","jz","10815",6.8488998,21.9540024,13.9449081,6.7296777,5.5995717,8.4306984,24.3552895,"W","scWjz",NA,NA
"183","sc.jz.10816.","sc","jz","10816",13.1091995,23.481205,10.3312988,5.5228825,4.1838136,6.0306358,18.0714378,"W","scWjz",NA,NA
"184","sc.jz.10818.","sc","jz","10818",9.5008774,20.89370345,11.22714235,6.53766105,6.41852425,12.5866966,28.56649205,"W","scWjz",NA,NA
"185","sc.jz.10819.","sc","jz","10819",13.3216591,22.0643196,7.2707901,6.0155497,4.4822536,6.1210594,19.9889526,"W","scWjz",NA,NA
"186","sc.jz.10822.","sc","jz","10822",6.9996948,23.7000656,15.9514313,6.7215152,5.2576175,6.7669754,22.1009369,"W","scWjz",NA,NA
"187","sc.jz.10824.","sc","jz","10824",8.9601021,22.3177185,13.7879105,6.0712938,6.2283926,12.4604301,26.9886284,"W","scWjz",NA,NA
"188","sc.jz.10825.","sc","jz","10825",13.6961136,24.5461044,11.3251343,6.6334739,6.3352799,10.5789032,24.8306885,"W","scWjz",NA,NA
"189","sc.jz.10826.","sc","jz","10826",9.6822853,25.6615448,15.689415,5.9209566,5.789639,8.4755592,21.9675827,"W","scWjz",NA,NA
"190","sc.jz.10827.","sc","jz","10827",8.8073769,22.2030716,13.4380264,6.322516,6.1025157,10.9585609,26.4376144,"W","scWjz",NA,NA
"191","sc.jz.10828.","sc","jz","10828",7.7168274,23.8467751,16.194725,4.8362274,4.2241325,9.6139336,21.9219627,"W","scWjz",NA,NA
"192","sc.jz.10831.","sc","jz","10831",6.8425827,22.4730797,15.59655,5.9810648,4.6893268,5.6659164,19.323761,"W","scWjz",NA,NA
"193","sc.jz.10901.","sc","jz","10901",12.9915161,24.9859543,12.3666077,6.0569062,5.349721,4.6868286,17.3591957,"W","scWjz",NA,NA
"194","sc.jz.10902.","sc","jz","10902",6.1600342,23.6883392,17.5102997,5.8887167,5.3704548,10.4119377,25.270195,"W","scWjz",NA,NA
"195","sc.jz.10903.","sc","jz","10903",10.4111328,19.6485329,8.9582748,6.0626197,5.9529567,4.6579781,18.6339798,"W","scWjz",NA,NA
"196","sc.jz.10905.","sc","jz","10905",13.3310013,18.7289581,6.5971298,6.2980814,7.681119,13.8701172,31.8311768,"W","scWjz",NA,NA
"197","sc.jz.10906.","sc","jz","10906",5.9456444,20.4282341,13.4428558,6.8335381,6.920454,12.9197197,29.0130081,"W","scWjz",NA,NA
"198","sc.jz.10907.","sc","jz","10907",7.4989777,20.025795,13.4672012,6.6855412,6.6568813,13.0378685,28.6381683,"W","scWjz",NA,NA
"199","sc.jz.10909.","sc","jz","10909",9.0671043,25.783123,15.7360687,6.2169819,5.7116704,9.6128082,22.9867172,"W","scWjz",NA,NA
"200","sc.jz.10910.","sc","jz","10910",8.6665955,20.9459457,11.6650696,6.5079188,4.6994348,7.1012764,22.0329094,"W","scWjz",NA,NA
"201","sc.jz.10911.","sc","jz","10911",19.3458023,20.9242554,3.3222809,6.4760466,7.7115674,9.092186,24.8299904,"W","scWjz",NA,NA
"202","sc.jz.10914.","sc","jz","10914",10.778286,24.5927849,14.1330643,5.0668964,4.7871518,11.3172798,25.8143463,"W","scWjz",NA,NA
"203","sc.jz.10915.","sc","jz","10915",11.0150604,25.6510048,14.6418533,5.7686443,5.3588743,9.1344223,23.6388969,"W","scWjz",NA,NA
"204","sc.jz.10918.","sc","jz","10918",4.7933121,16.5087242,11.3197479,7.7406073,7.664505,11.1180267,28.9216385,"W","scWjz",NA,NA
"205","sc.jz.10919.","sc","jz","10919",0.2788086,14.7028503,13.0304871,7.5208831,7.090519,12.5359764,29.9530983,"W","scWjz",NA,NA
"206","sc.jz.10920.","sc","jz","10920",12.73548695,20.4827957,7.4574318,6.6085901,6.63356495,9.6656418,25.08233645,"W","scWjz",NA,NA
"207","sc.jz.10921.","sc","jz","10921",8.7485771,22.7651672,13.7661972,6.5374565,5.4037962,5.3590851,18.684967,"W","scWjz",NA,NA
"208","sc.jz.10922.","sc","jz","10922",10.1226616,24.7021103,15.6309128,6.7061043,7.320147,16.1994667,29.5773506,"W","scWjz",NA,NA
"209","sc.jz.10923.","sc","jz","10923",10.4685326,23.9194717,12.9931793,6.5308957,6.8873963,12.9138184,27.8311157,"W","scWjz",NA,NA
"210","sc.jz.10924.","sc","jz","10924",6.65097805,20.40830805,13.2371712,6.29133915,5.82023215,8.1700401,22.61579895,"W","scWjz",NA,NA
"211","sc.jz.10925.","sc","jz","10925",4.9058266,22.1394539,17.3212814,6.6927319,7.6133451,14.083725,30.0009766,"W","scWjz",NA,NA
"212","sc.jz.10927.","sc","jz","10927",12.7803268,24.5146141,10.7484665,5.780673,4.7454457,5.901741,19.0467834,"W","scWjz",NA,NA
"213","sc.jz.10928.","sc","jz","10928",12.0530434,29.8165703,17.0301743,5.1633844,3.8989737,6.3731308,16.7859077,"W","scWjz",NA,NA
"214","sc.jz.10929.","sc","jz","10929",11.3371391,24.453907,12.2823868,6.2575974,6.4447699,9.8687057,23.4352913,"W","scWjz",NA,NA
"215","sc.jz.10930.","sc","jz","10930",12.6196556,20.1910095,7.9792175,6.8587828,7.5020123,13.1745758,30.8862495,"W","scWjz",NA,NA
"216","sc.jz.11002.","sc","jz","11002",12.4054871,13.8972473,1.8756256,8.2534294,9.1821957,13.6617317,33.1648216,"W","scWjz",NA,NA
"217","sc.jz.11003.","sc","jz","11003",8.6143036,15.6591339,7.1701431,8.3920517,8.3465519,13.0250778,32.3299751,"W","scWjz",NA,NA
"218","sc.jz.11004.","sc","jz","11004",5.926281,19.6500206,13.9968872,6.9425488,6.0852375,9.1585846,25.1648865,"W","scWjz",NA,NA
"219","sc.jz.11005.","sc","jz","11005",3.9015198,20.8986473,16.8409119,7.706265,7.3516779,14.7743416,29.7765732,"W","scWjz",NA,NA
"220","sc.jz.11006.","sc","jz","11006",3.9399643,16.4079933,10.9250412,7.3687601,6.857965,15.7992401,34.4939156,"W","scWjz",NA,NA
"221","sc.jz.11008.","sc","jz","11008",10.6333313,24.3168564,12.2669754,5.9648314,5.5306435,6.860199,21.0553474,"W","scWjz",NA,NA
"222","sc.jz.11009.","sc","jz","11009",7.0979347,20.3294449,13.2593002,8.1232872,9.1902962,18.8397064,36.0841522,"W","scWjz",NA,NA
"223","sc.jz.11010.","sc","jz","11010",6.9628334,19.5526276,11.1364059,6.5314159,5.7730079,9.1849976,24.0873413,"W","scWjz",NA,NA
"224","sc.jz.11013.","sc","jz","11013",5.8604279,17.6767387,11.6866074,6.2215939,6.8417993,9.0657578,23.7962723,"W","scWjz",NA,NA
"225","sc.jz.11014.","sc","jz","11014",6.7775688,25.57304,19.2859268,7.2706409,7.4204316,12.5881081,25.4471893,"W","scWjz",NA,NA
"226","sc.jz.11016.","sc","jz","11016",5.5657768,14.7620049,8.8536377,9.7399044,9.2339439,16.9224586,38.6990852,"W","scWjz",NA,NA
"227","sc.jz.11017.","sc","jz","11017",6.2536545,13.6287193,7.1575623,8.0864325,7.6890259,7.6649933,27.3998184,"W","scWjz",NA,NA
"228","sc.jz.11018.","sc","jz","11018",5.6979942,18.089035,11.4527588,7.2031207,6.8957424,13.9557304,31.2892609,"W","scWjz",NA,NA
"229","sc.jz.11024.","sc","jz","11024",3.6968651,19.2455635,16.3987427,6.9068837,6.3753099,11.021347,26.7019653,"W","scWjz",NA,NA
"230","sc.jz.11026.","sc","jz","11026",5.444397,22.0668793,15.5455704,6.4210682,6.1875653,10.2682114,24.5464706,"W","scWjz",NA,NA
"231","sc.jz.11027.","sc","jz","11027",8.9589195,14.2061958,3.4837112,8.5151272,8.2056313,6.7807846,24.9704247,"W","scWjz",NA,NA
"232","sc.jz.11030.","sc","jz","11030",6.9431877,15.7642975,6.7743607,8.2861118,8.4771061,12.0168457,31.1192589,"W","scWjz",NA,NA
"233","sc.jz.11031.","sc","jz","11031",9.9690704,16.0124054,5.5239334,7.3589454,6.941783,8.2657013,27.4975014,"W","scWjz",NA,NA
"234","sc.jz.11032.","sc","jz","11032",9.9267197,24.1078033,14.0883865,6.2870889,5.2977986,6.3928909,19.2393951,"W","scWjz",NA,NA
"235","sc.jz.11033.","sc","jz","11033",18.3512688,15.7424316,0.1899261,5.4006996,6.1334147,5.113266,21.037262,"W","scWjz",NA,NA
"236","sc.jz.11035.","sc","jz","11035",15.796299,23.1291008,6.3498154,6.2167945,5.538909,7.6331787,22.0904961,"W","scWjz",NA,NA
"237","sc.jz.11036.","sc","jz","11036",11.0842323,24.1283188,12.2585526,6.2059526,5.2947311,5.3013802,17.4792576,"W","scWjz",NA,NA
"238","sc.jz.11101.","sc","jz","11101",11.7364922,23.8003235,11.3327789,6.1331701,5.3080745,5.433094,18.6648865,"W","scWjz",NA,NA
"239","sc.jz.11106.","sc","jz","11106",6.6790581,19.4974594,12.8749771,7.8414989,7.9917145,14.2539177,31.3021851,"W","scWjz",NA,NA
"240","sc.jz.11107.","sc","jz","11107",7.8793983,15.7621155,7.6623383,9.0556326,9.5496292,16.3229599,36.0399818,"W","scWjz",NA,NA
"241","sc.jz.11108.","sc","jz","11108",11.9339523,24.4228897,12.5165024,4.9414539,4.8326473,8.9524612,19.925415,"W","scWjz",NA,NA
"242","sc.jz.11109.","sc","jz","11109",8.375,20.8552856,10.9489212,7.2896528,6.8171539,7.2741241,24.6187325,"W","scWjz",NA,NA
"243","sc.jz.11110.","sc","jz","11110",6.349514,21.9371986,15.9354401,7.772531,7.6699791,16.7271805,31.5060921,"W","scWjz",NA,NA
"244","sc.jz.11112.","sc","jz","11112",5.2107391,21.96364785,16.1919174,6.4126525,5.91742255,10.58854675,25.6231632,"W","scWjz",NA,NA
"245","sc.jz.11114.","sc","jz","11114",15.7921715,29.3736305,12.4461746,5.9940476,4.6622019,4.7867928,17.3468933,"W","scWjz",NA,NA
"246","sc.jz.11115.","sc","jz","11115",7.8603668,21.2973022,12.5852737,5.7568417,4.4655242,9.0370674,23.6215744,"W","scWjz",NA,NA
"247","sc.jz.11116.","sc","jz","11116",7.7756386,17.0850563,8.668457,8.3180132,8.7907524,15.4027939,32.7940369,"W","scWjz",NA,NA
"248","sc.jz.11122.","sc","jz","11122",7.2400703,23.8625641,15.3190765,6.3311152,5.2624803,9.2958717,24.7845001,"W","scWjz",NA,NA
"249","sc.jz.11123.","sc","jz","11123",13.0225677,21.1859894,11.4623489,5.2060719,5.0626831,6.2470284,20.5343742,"W","scWjz",NA,NA
"250","sc.jz.11124.","sc","jz","11124",12.3795509,23.2738953,9.8341293,6.2081175,6.5958066,9.6339684,23.8414879,"W","scWjz",NA,NA
"251","sc.jz.11125.","sc","jz","11125",8.7472458,23.6000938,14.08564,6.1176987,6.3983126,8.6093063,21.960434,"W","scWjz",NA,NA
"252","sc.jz.11126.","sc","jz","11126",5.1651802,20.4694519,15.1746979,6.8344283,6.5254598,12.0264511,29.0084763,"W","scWjz",NA,NA
"253","sc.jz.11127.","sc","jz","11127",-0.5486069,17.9621773,17.4211044,6.7794867,6.2317486,12.7147675,29.7398186,"W","scWjz",NA,NA
"254","sc.jz.11129.","sc","jz","11129",7.6375809,15.5486107,7.6317902,7.6083016,7.5443144,11.1302681,28.8986053,"W","scWjz",NA,NA
"255","sc.jz.11132.","sc","jz","11132",12.0705376,27.96138,14.9673691,5.3242655,5.3157349,8.2567024,21.259182,"W","scWjz",NA,NA
"256","sc.jz.11133.","sc","jz","11133",-0.1491241,12.8360176,11.4792099,7.2429142,6.1537309,8.0342674,25.6375771,"W","scWjz",NA,NA
"257","sc.jz.11134.","sc","jz","11134",13.5453796,30.7707825,16.0207367,5.4656296,4.105422,8.2775383,19.4644012,"W","scWjz",NA,NA
"258","sc.jz.11136.","sc","jz","11136",4.2927628,20.3053017,15.0260773,6.8747182,6.1787987,16.3034401,32.3312302,"W","scWjz",NA,NA
"259","sc.jz.11137.","sc","jz","11137",0.9149666,15.4381485,14.6078491,6.4133258,5.9602432,10.4257927,25.9018173,"W","scWjz",NA,NA
"260","sc.jz.11138.","sc","jz","11138",11.5797272,23.759819,11.3404694,6.2245154,6.5702138,8.0068474,23.3491478,"W","scWjz",NA,NA
"261","sc.jz.11139.","sc","jz","11139",9.0345306,18.863472,8.5944138,6.9310665,6.9546866,10.604969,25.6199074,"W","scWjz",NA,NA
"262","sc.jz.11140.","sc","jz","11140",5.8978424,17.7050323,10.7473068,6.8281512,7.0302205,10.1754646,25.0776901,"W","scWjz",NA,NA
"263","sc.jz.11189.","sc","jz","11189",7.106636,25.204628,17.4158401,5.3178596,4.9636378,8.577816,20.9088783,"W","scWjz",NA,NA
"264","sc.jz.11201.","sc","jz","11201",3.5642853,23.7091064,20.5099106,6.0579844,6.2731915,15.5051537,29.9054604,"W","scWjz",NA,NA
"265","sc.jz.11202.","sc","jz","11202",10.1412621,27.8351059,17.3920975,5.2514067,3.9113491,7.9580345,19.3909683,"W","scWjz",NA,NA
"266","sc.jz.11203.","sc","jz","11203",6.7256699,27.0925407,20.2850571,5.7388868,5.0382123,10.3308945,23.0451469,"W","scWjz",NA,NA
"267","sc.jz.11204.","sc","jz","11204",5.7703857,20.050705,13.0240784,7.687099,7.4291878,11.5078964,30.0248032,"W","scWjz",NA,NA
"268","sc.jz.11207.","sc","jz","11207",8.3351021,26.7617416,18.4670334,5.232604,5.6575413,12.467968,24.3218346,"W","scWjz",NA,NA
"269","sc.jz.11208.","sc","jz","11208",3.5367851,22.9234924,18.8093338,6.1597257,5.7838073,10.7516251,24.4268951,"W","scWjz",NA,NA
"270","sc.jz.11210.","sc","jz","11210",6.4596176,24.2177925,17.0498581,5.9803514,5.584805,9.5794373,23.5603218,"W","scWjz",NA,NA
"271","sc.jz.11211.","sc","jz","11211",8.2489357,25.7864609,17.0480118,6.0180435,6.298244,10.878788,23.3932343,"W","scWjz",NA,NA
"272","sc.jz.11212.","sc","jz","11212",6.3186417,21.5178947,15.5132599,7.2322974,8.1469469,19.5198059,36.4708405,"W","scWjz",NA,NA
"273","sc.jz.11213.","sc","jz","11213",7.5689545,21.463562,15.2093811,6.0633087,5.7975302,14.4161263,28.8238106,"W","scWjz",NA,NA
"274","sc.jz.11214.","sc","jz","11214",6.6182747,25.4953079,18.4923096,6.1398144,6.3811688,15.3898888,28.1836777,"W","scWjz",NA,NA
"275","sc.jz.11215.","sc","jz","11215",7.8703308,17.4543648,8.5802002,7.023241,6.7648673,9.2514153,26.1537628,"W","scWjz",NA,NA
"276","sc.jz.11216.","sc","jz","11216",9.0071754,26.0746765,16.8124466,5.5693827,4.6418395,6.6345901,19.8919258,"W","scWjz",NA,NA
"277","sc.jz.11217.","sc","jz","11217",5.7059479,24.9070549,18.5449066,6.3481622,5.7859054,11.1160202,24.4362335,"W","scWjz",NA,NA
"278","sc.jz.11218.","sc","jz","11218",8.0697708,19.2479935,11.1716003,6.8256364,6.483243,11.2745476,28.9470673,"W","scWjz",NA,NA
"279","sc.jz.11219.","sc","jz","11219",5.3811836,24.7895889,19.0488129,6.3621244,5.6527133,13.0680771,27.9429817,"W","scWjz",NA,NA
"280","sc.jz.11220.","sc","jz","11220",10.5243149,26.8126335,16.4284744,5.7532063,4.8011026,7.5304146,19.4729424,"W","scWjz",NA,NA
"281","sc.jz.11221.","sc","jz","11221",6.5535889,29.7047844,22.4436798,4.9908619,5.4446449,13.5039673,23.8700256,"W","scWjz",NA,NA
"282","sc.jz.11222.","sc","jz","11222",5.666378,21.1164017,15.4555206,6.497478,6.5843544,13.122036,29.0396347,"W","scWjz",NA,NA
"283","sc.jz.11223.","sc","jz","11223",7.9887161,22.0097542,13.7883987,5.9525833,5.4656706,10.0939407,23.2880287,"W","scWjz",NA,NA
"284","sc.jz.11224.","sc","jz","11224",0.2875519,20.035675,19.4082336,5.810627,4.853529,8.3729172,22.0161705,"W","scWjz",NA,NA
"285","sc.jz.11225.","sc","jz","11225",6.6205788,26.6718941,21.5482712,6.1028719,5.5095906,7.6972618,19.0719795,"W","scWjz",NA,NA
"286","sc.jz.11226.","sc","jz","11226",8.9676056,19.6369553,12.4370804,7.4184213,7.45469,13.9136276,29.9494553,"W","scWjz",NA,NA
"287","sc.jz.11227.","sc","jz","11227",11.5328331,24.7284813,13.2101593,6.2403393,6.9024243,13.4678497,27.8783379,"W","scWjz",NA,NA
"288","sc.jz.11228.","sc","jz","11228",8.1155472,27.6834068,19.1071243,6.0112104,5.9522529,14.6842384,27.9906807,"W","scWjz",NA,NA
"289","sc.jz.11229.","sc","jz","11229",8.4617157,25.0525322,15.6764755,5.7599611,4.7877412,9.1180763,23.0737915,"W","scWjz",NA,NA
"290","sc.jz.11301.","sc","jz","11301",10.5059395,30.7778664,22.2346649,5.5957317,5.1475477,9.9759521,22.4324188,"W","scWjz",NA,NA
"291","sc.jz.11302.","sc","jz","11302",8.9904633,23.5178986,14.2430344,6.440043,6.010407,10.8335304,25.3723526,"W","scWjz",NA,NA
"292","sc.jz.11305.","sc","jz","11305",9.6856842,25.6899605,16.8638611,7.4942455,7.6141081,16.3729248,32.3644409,"W","scWjz",NA,NA
"293","sc.jz.11307.","sc","jz","11307",6.3174629,27.2805824,19.895668,6.5569248,5.7551098,11.3523254,25.8011742,"W","scWjz",NA,NA
"294","sc.jz.11308.","sc","jz","11308",7.4062881,28.5526009,20.5047302,5.4221921,4.5210867,9.9062309,20.7715683,"W","scWjz",NA,NA
"295","sc.jz.11309.","sc","jz","11309",6.0448418,18.4974594,12.4456253,6.6985621,7.3058186,13.2146187,29.3209267,"W","scWjz",NA,NA
"296","sc.jz.11310.","sc","jz","11310",7.6842995,25.0977364,16.5011902,6.2751422,4.9125829,6.0908241,19.1291199,"W","scWjz",NA,NA
"297","sc.jz.11311.","sc","jz","11311",7.8586617,28.1735039,22.9197845,6.4007835,6.4078369,16.5195465,30.0214043,"W","scWjz",NA,NA
"298","sc.jz.11312.","sc","jz","11312",4.549366,28.0594978,22.9051666,6.0212703,5.9980865,13.1036339,25.2444916,"W","scWjz",NA,NA
"299","sc.jz.11313.","sc","jz","11313",6.9442177,27.0251694,19.5583267,4.7301693,3.4099066,8.4164429,19.6245117,"W","scWjz",NA,NA
"300","sc.jz.11314.","sc","jz","11314",8.3842773,25.4450493,16.9123688,6.2453103,6.2987556,14.0908165,29.3536797,"W","scWjz",NA,NA
"301","sc.jz.11317.","sc","jz","11317",6.0746841,26.3619995,20.4283524,5.9516597,5.7526674,12.3149605,25.5681877,"W","scWjz",NA,NA
"302","sc.jz.11318.","sc","jz","11318",7.0500908,18.1306267,10.8155289,7.1533976,6.8847237,11.0073738,28.0472679,"W","scWjz",NA,NA
"303","sc.jz.11320.","sc","jz","11320",8.4994087,24.05262565,15.78804775,7.33153175,7.77140495,13.63652225,29.32930375,"W","scWjz",NA,NA
"304","sc.jz.11321.","sc","jz","11321",12.22826,27.4366493,14.4221268,5.5580649,5.1498418,5.1584091,17.2868061,"W","scWjz",NA,NA
"305","sc.jz.11322.","sc","jz","11322",-0.4666176,23.8926392,24.1491241,6.3096457,6.3216882,13.2292137,27.4385948,"W","scWjz",NA,NA
"306","sc.jz.11323.","sc","jz","11323",1.5119858,25.3861427,23.5945435,6.2462597,6.037015,14.5049286,28.9802742,"W","scWjz",NA,NA
"307","sc.jz.11325.","sc","jz","11325",8.8985481,20.1556396,11.3244553,7.3874192,7.7318316,13.7152328,29.2779655,"W","scWjz",NA,NA
"308","sc.jz.11326.","sc","jz","11326",11.6529236,28.6703339,16.4259338,5.6271868,3.5369899,4.2532349,14.8237667,"W","scWjz",NA,NA
"309","sc.jz.11327.","sc","jz","11327",8.1245422,29.6375809,21.6207123,4.8649993,4.2114892,8.9959564,19.1406288,"W","scWjz",NA,NA
"310","sc.jz.11328.","sc","jz","11328",3.6006927,28.4718895,25.483429,6.4430656,6.510334,18.0613785,31.0205383,"W","scWjz",NA,NA
"311","sc.jz.11329.","sc","jz","11329",3.4208641,23.9423409,20.0343781,6.7919712,6.7749872,16.3653641,29.6629295,"W","scWjz",NA,NA
"312","sc.jz.11330.","sc","jz","11330",8.19109345,27.4577904,17.73837665,5.60407425,5.0526583,8.97617535,21.3512793,"W","scWjz",NA,NA
"313","sc.jz.11401.","sc","jz","11401",7.2627983,21.8001671,13.7327881,7.5774102,6.9387217,10.5758705,27.6933632,"W","scWjz",NA,NA
"314","sc.jz.11402.","sc","jz","11402",7.0959129,21.6179733,14.8102341,6.6514816,6.4891906,11.8429985,28.2807884,"W","scWjz",NA,NA
"315","sc.jz.11403.","sc","jz","11403",8.2315216,23.6879997,15.0216675,5.9667587,4.4048343,4.7444305,19.3232498,"W","scWjz",NA,NA
"316","sc.jz.11404.","sc","jz","11404",6.0579033,14.6573296,7.0806122,8.1441936,8.1187592,13.8587189,34.1886597,"W","scWjz",NA,NA
"317","sc.jz.11405.","sc","jz","11405",9.2823753,28.6320801,18.5284576,5.5746393,3.5929887,6.6612091,17.9862289,"W","scWjz",NA,NA
"318","sc.jz.11406.","sc","jz","11406",4.9856529,18.7138329,12.8053207,7.5522079,8.1202393,14.4949799,32.657814,"W","scWjz",NA,NA
"319","sc.jz.11407.","sc","jz","11407",11.8249969,29.707119,18.5795059,6.788075,5.3917193,8.5393829,21.8171425,"W","scWjz",NA,NA
"320","sc.jz.11409.","sc","jz","11409",5.3709259,22.408638,16.6426392,6.2838321,5.706181,8.4419212,23.3863373,"W","scWjz",NA,NA
"321","sc.jz.11410.","sc","jz","11410",10.1691628,19.5292854,8.9902267,6.2421103,6.1342363,6.3690147,22.527874,"W","scWjz",NA,NA
"322","sc.jz.11411.","sc","jz","11411",6.9769936,25.7730942,17.5728073,6.1762767,4.6736398,7.4795799,21.7850685,"W","scWjz",NA,NA
"323","sc.jz.11412.","sc","jz","11412",8.892807,24.0594025,14.196228,6.094327,6.0011621,6.8940468,20.7124748,"W","scWjz",NA,NA
"324","sc.jz.11413.","sc","jz","11413",4.0688934,27.4832497,22.9766617,6.521111,6.3908439,15.9409866,29.7972527,"W","scWjz",NA,NA
"325","sc.jz.11414.","sc","jz","11414",13.725235,23.6796036,8.4657135,7.2551351,6.5906887,3.7194786,20.0819778,"W","scWjz",NA,NA
"326","sc.jz.11416.","sc","jz","11416",7.3725777,23.777092,15.4196472,6.4566689,5.7138844,7.2973137,21.9427795,"W","scWjz",NA,NA
"327","sc.jz.11417.","sc","jz","11417",6.6384392,20.3759727,13.1813583,7.4367895,7.3330779,12.4528656,28.6912498,"W","scWjz",NA,NA
"328","sc.jz.11419.","sc","jz","11419",8.5961304,17.168396,8.4449997,6.7075915,7.7245941,11.3800812,28.9442711,"W","scWjz",NA,NA
"329","sc.jz.11421.","sc","jz","11421",1.3290825,25.5280342,24.1140213,5.7570252,5.0904503,11.6879807,25.9021034,"W","scWjz",NA,NA
"330","sc.jz.11422.","sc","jz","11422",3.866478,13.0705338,7.5922012,8.1367359,7.057209,7.5070038,26.6123466,"W","scWjz",NA,NA
"331","sc.jz.11423.","sc","jz","11423",7.8847466,21.6763763,14.3026428,7.3879461,6.8686957,15.9680252,31.4747429,"W","scWjz",NA,NA
"332","sc.jz.11425.","sc","jz","11425",1.8322411,25.6744843,23.1861801,6.0044456,5.4270725,12.2607574,26.0908089,"W","scWjz",NA,NA
"333","sc.jz.11426.","sc","jz","11426",3.2073288,22.2029305,18.7740402,6.5359397,6.3196774,11.1863441,26.266407,"W","scWjz",NA,NA
"334","sc.jz.11427.","sc","jz","11427",2.9488487,22.3369598,17.7663498,7.3370285,7.5974312,18.3521309,35.5531311,"W","scWjz",NA,NA
"335","sc.jz.11428.","sc","jz","11428",10.2865868,21.041317,10.5353317,7.5262818,7.66572,11.6308746,28.6189194,"W","scWjz",NA,NA
"336","sc.jz.11430.","sc","jz","11430",9.4792671,23.0985832,12.5540695,6.0953293,5.3580475,6.4157677,21.258606,"W","scWjz",NA,NA
"337","sc.jz.11501.","sc","jz","11501",1.1056786,26.3279915,25.8884583,6.4991241,6.638814,18.0507507,31.7549629,"W","scWjz",NA,NA
"338","sc.jz.11505.","sc","jz","11505",5.8073082,26.7787628,20.3120651,6.1835399,6.2765636,11.5226173,25.0241432,"W","scWjz",NA,NA
"339","sc.jz.11506.","sc","jz","11506",7.5335579,19.992485,11.3063583,6.8958421,6.2184978,6.9072075,23.5043068,"W","scWjz",NA,NA
"340","sc.jz.11507.","sc","jz","11507",2.4573135,24.2292252,21.0726547,6.7351756,6.535614,12.5615158,27.6632767,"W","scWjz",NA,NA
"341","sc.jz.11508.","sc","jz","11508",6.75029945,22.56723975,16.07933045,5.7475834,6.1126337,13.45886995,28.41905975,"W","scWjz",NA,NA
"342","sc.jz.11509.","sc","jz","11509",1.1769066,24.4247284,23.261055,6.1690335,6.1806602,13.8349228,28.8797569,"W","scWjz",NA,NA
"343","sc.jz.11510.","sc","jz","11510",10.3339043,26.767025,17.3403625,6.8614798,5.5730586,7.7965508,21.2009506,"W","scWjz",NA,NA
"344","sc.jz.11511.","sc","jz","11511",5.7079239,30.4808502,23.7830811,5.64466,4.6492138,12.0864449,23.3408241,"W","scWjz",NA,NA
"345","sc.jz.11512.","sc","jz","11512",7.4069519,21.9613953,14.1778717,6.1506696,6.2683601,12.9288177,27.9553185,"W","scWjz",NA,NA
"346","sc.jz.11513.","sc","jz","11513",9.598877,21.204052,11.1694031,6.8710799,7.2243047,13.1975822,29.569397,"W","scWjz",NA,NA
"347","sc.jz.11514.","sc","jz","11514",2.9664268,26.6907921,23.1015701,6.2940922,6.0006137,12.7528229,26.1338387,"W","scWjz",NA,NA
"348","sc.jz.11515.","sc","jz","11515",6.7013855,23.9813995,16.1707153,6.6191683,5.6430397,7.9458313,22.2722435,"W","scWjz",NA,NA
"349","sc.jz.11516.","sc","jz","11516",6.0579681,19.970459,13.5349197,6.3571782,6.309298,11.0670242,26.1292953,"W","scWjz",NA,NA
"350","sc.jz.11517.","sc","jz","11517",9.54335215,15.5205154,5.12734985,7.8060856,8.07724955,11.6316738,31.02371595,"W","scWjz",NA,NA
"351","sc.jz.11518.","sc","jz","11518",3.9099655,16.654213,11.450531,7.8412762,7.4953322,12.4932861,30.2976036,"W","scWjz",NA,NA
"352","sc.jz.11519.","sc","jz","11519",1.5471687,17.4527359,14.5659637,7.1031981,6.5961471,13.3188019,30.1832962,"W","scWjz",NA,NA
"353","sc.jz.11520.","sc","jz","11520",2.0488853,21.8417091,19.0358887,6.6030612,5.8627753,10.7422714,24.3468437,"W","scWjz",NA,NA
"354","sc.jz.11521.","sc","jz","11521",8.9818649,29.5157089,19.0570068,5.4485726,3.7831728,9.2829895,21.584446,"W","scWjz",NA,NA
"355","sc.jz.11522.","sc","jz","11522",1.7741089,24.2976875,22.0009155,6.5474148,6.8736362,13.9902229,27.8037376,"W","scWjz",NA,NA
"356","sc.jz.11523.","sc","jz","11523",2.3615303,16.8499565,14.319252,8.2431183,7.5151482,12.1156273,31.143177,"W","scWjz",NA,NA
"357","sc.jz.11524.","sc","jz","11524",6.916378,28.4714394,20.6278763,5.6986394,5.726913,11.6455803,24.3901291,"W","scWjz",NA,NA
"358","sc.jz.11525.","sc","jz","11525",7.3695641,27.0886497,19.0699768,6.0895748,6.096169,13.2343292,25.6911888,"W","scWjz",NA,NA
"359","sc.jz.11526.","sc","jz","11526",8.3855438,25.3489456,16.9657822,5.8499131,4.9638572,6.1370697,18.2886868,"W","scWjz",NA,NA
"360","sc.jz.11528.","sc","jz","11528",4.92118265,28.74942015,23.3348961,6.29074335,5.30519675,11.5504227,25.45550915,"W","scWjz",NA,NA
"361","sc.jz.11529.","sc","jz","11529",4.8560753,24.8783875,19.2685394,6.2451768,5.5324707,9.545887,23.5325127,"W","scWjz",NA,NA
"362","sc.jz.11530.","sc","jz","11530",10.6916466,18.3575172,7.0744019,7.0324473,7.2434311,8.2684937,25.4864082,"W","scWjz",NA,NA
"363","sc.jz.11538.","sc","jz","11538",6.2316055,15.7776604,9.2934799,7.9435368,7.7078233,7.8039894,25.9137917,"W","scWjz",NA,NA
"364","sc.jz.11601.","sc","jz","11601",5.79533,20.5326004,14.3799133,6.9095902,5.8554463,8.5025024,25.0328674,"W","scWjz",NA,NA
"365","sc.jz.11602.","sc","jz","11602",12.4119835,28.5599518,16.1351242,5.2802029,4.9834261,6.4260864,17.4939289,"W","scWjz",NA,NA
"366","sc.jz.11603.","sc","jz","11603",7.6428413,27.4543839,19.2137833,6.0310583,5.7891388,11.5535622,24.9422569,"W","scWjz",NA,NA
"367","sc.jz.11604.","sc","jz","11604",9.157074,23.5139084,14.52771,6.6431136,5.6946549,5.2900505,19.7860222,"W","scWjz",NA,NA
"368","sc.jz.11605.","sc","jz","11605",5.7658615,15.9436951,8.9244537,7.7260795,8.0919847,12.8822098,30.826889,"W","scWjz",NA,NA
"369","sc.jz.11606.","sc","jz","11606",3.4095001,24.2362785,20.5472488,6.0712614,5.5174327,11.5931053,26.3517952,"W","scWjz",NA,NA
"370","sc.jz.11607.","sc","jz","11607",5.2263145,23.1460075,17.2683716,5.8858957,4.9923472,10.2106209,24.4128494,"W","scWjz",NA,NA
"371","sc.jz.11608.","sc","jz","11608",5.5753059,24.9650536,18.5724792,6.2371473,5.0297184,8.9284096,22.8296814,"W","scWjz",NA,NA
"372","sc.jz.11609.","sc","jz","11609",14.4403229,25.025322,9.2772522,6.2050428,5.6861296,5.3544273,19.6093559,"W","scWjz",NA,NA
"373","sc.jz.11610.","sc","jz","11610",3.3071327,24.3600426,20.7447052,5.6012979,5.3764811,8.0894279,20.2408371,"W","scWjz",NA,NA
"374","sc.jz.11611.","sc","jz","11611",4.5954475,28.1348343,22.9316025,6.1491661,5.6517444,12.8236008,25.3452072,"W","scWjz",NA,NA
"375","sc.jz.11612.","sc","jz","11612",12.1065788,28.270668,15.5382233,5.3351235,3.6130085,4.8624611,15.5420837,"W","scWjz",NA,NA
"376","sc.jz.11615.","sc","jz","11615",9.6711311,22.6995316,12.8156509,5.9260502,6.5326338,11.651947,25.4158783,"W","scWjz",NA,NA
"377","sc.jz.11617.","sc","jz","11617",4.0445938,28.3466377,24.4100037,5.7762895,4.6223869,9.7246208,21.6577911,"W","scWjz",NA,NA
"378","sc.jz.11618.","sc","jz","11618",9.5043335,22.7680931,12.460434,6.5355387,6.1934338,8.0138741,23.9780273,"W","scWjz",NA,NA
"379","sc.jz.11621.","sc","jz","11621",9.0272827,24.7650223,15.1352386,5.9095864,4.4182091,6.2955933,20.0466957,"W","scWjz",NA,NA
"380","sc.jz.11622.","sc","jz","11622",3.2941399,16.2663116,12.5258408,7.0473261,7.5793405,15.0891457,31.9608612,"W","scWjz",NA,NA
"381","sc.jz.11623.","sc","jz","11623",10.5913811,17.6182327,7.1365738,8.4367104,8.6178761,10.5668983,29.3072128,"W","scWjz",NA,NA
"382","sc.jz.11625.","sc","jz","11625",0.4813614,25.3295631,25.0026855,5.9006147,5.5679064,10.5017815,23.038723,"W","scWjz",NA,NA
"383","sc.jz.11627.","sc","jz","11627",8.604496,27.2632637,17.2232361,5.8901873,5.0226536,7.4542465,20.5214844,"W","scWjz",NA,NA
"384","sc.jz.11628.","sc","jz","11628",13.8612976,34.9199524,20.5140915,4.5689311,3.7652528,6.2622833,14.5335693,"W","scWjz",NA,NA
"385","sc.jz.11629.","sc","jz","11629",8.4673653,26.4780006,17.2738342,5.5866933,5.3375659,8.9995003,22.045681,"W","scWjz",NA,NA
"386","sc.jz.11630.","sc","jz","11630",3.2206688,21.2857971,17.1692123,6.6211677,6.2105808,12.4207153,27.8111801,"W","scWjz",NA,NA
"387","sc.jz.11701.","sc","jz","11701",7.134182,19.2416573,11.8967896,6.3332205,4.8547177,6.1227341,20.6385918,"W","scWjz",NA,NA
"388","sc.jz.11702.","sc","jz","11702",5.4537697,27.5524521,23.0012741,6.698163,6.3834662,13.5440903,26.802639,"W","scWjz",NA,NA
"389","sc.jz.11704.","sc","jz","11704",6.4155579,24.139698,17.2655487,6.136508,5.2543368,8.0326729,22.1839066,"W","scWjz",NA,NA
"390","sc.jz.11705.","sc","jz","11705",6.9187012,23.3276024,14.8838425,7.0992727,6.830718,11.0175743,27.1833038,"W","scWjz",NA,NA
"391","sc.jz.11706.","sc","jz","11706",7.671875,29.5479698,21.1202774,5.5243301,4.8340034,10.3857918,22.0763245,"W","scWjz",NA,NA
"392","sc.jz.11707.","sc","jz","11707",7.2842674,21.6075592,13.1390839,7.4028316,7.6146822,11.1614189,28.7507133,"W","scWjz",NA,NA
"393","sc.jz.11708.","sc","jz","11708",1.9137154,25.0223541,22.7672195,7.1068854,7.0353956,16.3985748,32.3040543,"W","scWjz",NA,NA
"394","sc.jz.11709.","sc","jz","11709",4.8680611,23.951355,18.4675903,6.4610186,6.470623,14.1141968,28.4224663,"W","scWjz",NA,NA
"395","sc.jz.11710.","sc","jz","11710",5.1889076,26.88797,21.1334381,5.9025793,6.3628707,17.2166595,30.6217842,"W","scWjz",NA,NA
"396","sc.jz.11711.","sc","jz","11711",8.8248444,25.1799927,15.7333908,5.4873104,4.7074318,6.64814,18.5082741,"W","scWjz",NA,NA
"397","sc.jz.11713.","sc","jz","11713",0.3571167,19.197113,20.1016312,7.4446979,7.0328422,15.3899422,31.0098534,"W","scWjz",NA,NA
"398","sc.jz.11714.","sc","jz","11714",2.5505867,25.8070183,23.4107132,6.135417,6.1621313,15.1570549,29.5143661,"W","scWjz",NA,NA
"399","sc.jz.11715.","sc","jz","11715",6.6054382,19.5050278,11.6594543,7.188693,7.5454698,13.3410454,30.7363396,"W","scWjz",NA,NA
"400","sc.jz.11716.","sc","jz","11716",7.2979202,26.9985161,19.0534973,6.1759434,4.8789673,10.213562,23.6862755,"W","scWjz",NA,NA
"401","sc.jz.11717.","sc","jz","11717",4.9731522,27.616478,22.4614639,6.1259518,5.7198739,14.1228676,26.3255882,"W","scWjz",NA,NA
"402","sc.jz.11718.","sc","jz","11718",2.0216103,14.4892464,12.8947144,8.4162483,9.0792847,19.9569626,41.1909103,"W","scWjz",NA,NA
"403","sc.jz.11720.","sc","jz","11720",6.1005058,22.6148834,15.5929642,7.361259,7.609971,13.2677917,29.3583183,"W","scWjz",NA,NA
"404","sc.jz.11721.","sc","jz","11721",3.6176605,21.8619118,17.9326859,5.7009754,5.7230167,11.7326965,25.6174011,"W","scWjz",NA,NA
"405","sc.jz.11722.","sc","jz","11722",11.8739395,22.5767441,10.2903595,5.9944925,6.0024033,10.3125496,24.531723,"W","scWjz",NA,NA
"406","sc.jz.11723.","sc","jz","11723",3.8772316,22.3752174,17.8943481,5.9667778,4.61973,5.6252327,18.8419266,"W","scWjz",NA,NA
"407","sc.jz.11724.","sc","jz","11724",7.7952232,19.2743378,10.4319611,6.8985372,6.5088887,8.2324562,23.6000938,"W","scWjz",NA,NA
"408","sc.jz.11725.","sc","jz","11725",10.1681137,23.7376823,15.4464569,6.6721697,7.8977413,18.9281082,34.9034271,"W","scWjz",NA,NA
"409","sc.jz.11726.","sc","jz","11726",5.5270462,26.0362473,19.9737473,5.875226,5.9757857,11.1853142,22.9106941,"W","scWjz",NA,NA
"410","sc.jz.11727.","sc","jz","11727",4.2687378,25.0836296,20.1815033,6.9121218,5.6939979,8.6581573,24.4567642,"W","scWjz",NA,NA
"411","sc.jz.11728.","sc","jz","11728",6.2940559,22.8645668,15.7033691,6.8851867,6.5858016,11.178833,27.7762527,"W","scWjz",NA,NA
"412","sc.jz.11729.","sc","jz","11729",2.7786484,25.8161087,24.4808273,6.2764807,5.0228906,9.7298584,21.937252,"W","scWjz",NA,NA
"413","sc.jz.11801.","sc","jz","11801",6.0987854,9.7875366,2.8308411,8.7557716,8.9360752,10.2478485,31.8733978,"W","scWjz",NA,NA
"414","sc.jz.11802.","sc","jz","11802",1.2566643,21.5511589,19.7271805,6.001029,5.9418006,15.5168762,30.1810837,"W","scWjz",NA,NA
"415","sc.jz.11804.","sc","jz","11804",8.07762335,23.68128585,14.9877663,6.34014865,6.0349803,10.5691128,25.4807148,"W","scWjz",NA,NA
"416","sc.jz.11805.","sc","jz","11805",4.5031509,25.518383,20.7264328,6.8913178,6.7461095,12.0844078,26.9590111,"W","scWjz",NA,NA
"417","sc.jz.11806.","sc","jz","11806",5.4614182,27.1855278,21.1113586,5.697999,4.7178936,11.6317673,24.4237251,"W","scWjz",NA,NA
"418","sc.jz.11809.","sc","jz","11809",6.1464996,25.4660072,19.7637787,7.3002062,6.5770884,13.7025032,28.8366051,"W","scWjz",NA,NA
"419","sc.jz.11810.","sc","jz","11810",7.0856056,20.9932175,13.8433456,7.2797046,6.9279623,12.2548943,27.6749878,"W","scWjz",NA,NA
"420","sc.jz.11811.","sc","jz","11811",9.9114456,24.6659584,14.3159485,6.7445703,6.606462,13.1521072,27.75037,"W","scWjz",NA,NA
"421","sc.jz.11812.","sc","jz","11812",-1.7210426,23.3648071,24.238327,6.973814,7.3661737,18.9838333,33.9106674,"W","scWjz",NA,NA
"422","sc.jz.11813.","sc","jz","11813",11.6995087,29.5735245,16.4717636,5.0501757,3.1407108,4.484108,15.1370602,"W","scWjz",NA,NA
"423","sc.jz.11815.","sc","jz","11815",5.2779617,20.8556557,14.4992447,7.0772758,6.8938408,11.1975861,27.053997,"W","scWjz",NA,NA
"424","sc.jz.11816.","sc","jz","11816",4.6281204,20.8542747,15.0489883,7.0117259,7.6275139,17.9194756,35.0653877,"W","scWjz",NA,NA
"425","sc.jz.11817.","sc","jz","11817",7.4697914,26.0090027,18.4202728,5.9855728,4.9958029,8.7424774,22.5063782,"W","scWjz",NA,NA
"426","sc.jz.11818.","sc","jz","11818",3.9800072,24.1043549,19.6786499,5.6507597,5.2052464,11.070137,24.2135391,"W","scWjz",NA,NA
"427","sc.jz.11820.","sc","jz","11820",6.4654427,23.0797195,15.7768021,6.062953,6.3753996,10.1940231,24.6884308,"W","scWjz",NA,NA
"428","sc.jz.11821.","sc","jz","11821",2.9747391,21.4801674,17.4110794,6.8130112,5.6994643,9.730793,25.0867081,"W","scWjz",NA,NA
"429","sc.jz.11822.","sc","jz","11822",5.6611862,22.7593575,17.1371994,6.6386194,7.1203151,15.5941887,30.0458832,"W","scWjz",NA,NA
"430","sc.jz.11824.","sc","jz","11824",6.0054245,18.6493874,12.8604507,8.0607843,7.8222466,12.1816635,31.150013,"W","scWjz",NA,NA
"431","sc.jz.11825.","sc","jz","11825",7.2865105,21.3596191,14.3404083,6.7228537,7.7802682,16.700798,33.5992851,"W","scWjz",NA,NA
"432","sc.jz.11826.","sc","jz","11826",11.7888947,31.0147934,18.3018723,5.060133,4.2853632,7.9453392,18.9085426,"W","scWjz",NA,NA
"433","sc.jz.11827.","sc","jz","11827",6.8537102,23.5799103,16.9759445,5.3528337,5.2329383,10.6997948,25.4544945,"W","scWjz",NA,NA
"434","sc.jz.11828.","sc","jz","11828",4.9458694,27.3790092,21.851944,5.9508371,5.6628456,11.2582626,23.6954422,"W","scWjz",NA,NA
"435","sc.jz.11830.","sc","jz","11830",5.4299202,24.7724838,19.1391983,6.3288674,6.3961587,11.6819458,25.6073952,"W","scWjz",NA,NA
"436","sc.jz.11901.","sc","jz","11901",4.7180138,25.7382469,19.9213409,5.7253237,4.3900542,11.7072029,25.9074211,"W","scWjz",NA,NA
"437","sc.jz.11903.","sc","jz","11903",1.294857,22.2462082,20.4348221,8.1376133,7.9960833,20.0036583,36.5953903,"W","scWjz",NA,NA
"438","sc.jz.11904.","sc","jz","11904",3.0236588,24.1939125,20.567009,7.0835524,7.2396703,19.7452316,35.2802582,"W","scWjz",NA,NA
"439","sc.jz.11905.","sc","jz","11905",7.5612679,19.8158188,11.7484131,6.342061,5.8171268,8.2794113,23.4771118,"W","scWjz",NA,NA
"440","sc.jz.11906.","sc","jz","11906",7.9574585,22.4454994,13.2539215,6.681798,6.6587234,11.7618141,27.0619774,"W","scWjz",NA,NA
"441","sc.jz.11908.","sc","jz","11908",11.5618629,18.375473,6.4165802,7.2548966,8.1600609,11.4508133,29.0977287,"W","scWjz",NA,NA
"442","sc.jz.11909.","sc","jz","11909",5.287838,29.2069588,23.2956009,5.6037827,4.8838177,8.9635582,20.3097,"W","scWjz",NA,NA
"443","sc.jz.11910.","sc","jz","11910",8.1970825,33.1652756,24.1264114,5.3568492,3.9064741,9.1697655,20.0799294,"W","scWjz",NA,NA
"444","sc.jz.11912.","sc","jz","11912",4.079567,22.2714233,17.4122543,6.5978146,6.0003834,12.8958893,28.2721901,"W","scWjz",NA,NA
"445","sc.jz.11913.","sc","jz","11913",2.0709457,26.5711327,23.8913193,6.7100196,5.7287836,15.9741402,31.0191193,"W","scWjz",NA,NA
"446","sc.jz.11914.","sc","jz","11914",2.2414169,25.1838875,22.9964294,6.8491983,6.9553213,18.4961433,33.0246429,"W","scWjz",NA,NA
"447","sc.jz.11915.","sc","jz","11915",3.8744888,25.1513062,20.6849594,6.1815782,4.8545566,10.5478821,24.7649345,"W","scWjz",NA,NA
"448","sc.jz.11916.","sc","jz","11916",6.8153343,29.7776413,21.6570663,5.1250048,3.421648,9.5675278,21.3325386,"W","scWjz",NA,NA
"449","sc.jz.11917.","sc","jz","11917",10.4902191,23.002636,13.6086731,7.8454776,7.7476664,16.9923477,33.7475395,"W","scWjz",NA,NA
"450","sc.jz.11918.","sc","jz","11918",10.8797493,22.0246391,12.6086349,6.8057494,6.6090064,10.9904709,26.5744247,"W","scWjz",NA,NA
"451","sc.jz.11919.","sc","jz","11919",-0.6646805,24.1472702,24.6964493,7.1092029,7.3097014,17.592308,33.4836311,"W","scWjz",NA,NA
"452","sc.jz.11920.","sc","jz","11920",5.2146187,26.2639275,20.084877,5.9136791,5.5208702,12.5444794,24.5786591,"W","scWjz",NA,NA
"453","sc.jz.11921.","sc","jz","11921",9.2833481,27.2428932,17.0115662,5.6124005,4.2533145,6.8815536,19.1563148,"W","scWjz",NA,NA
"454","sc.jz.11922.","sc","jz","11922",4.796669,20.8287582,15.9154892,6.0991306,6.4523263,10.8850632,26.1045876,"W","scWjz",NA,NA
"455","sc.jz.11923.","sc","jz","11923",3.6204567,26.6439018,22.8704529,6.7283816,6.6148067,17.5946236,32.6237144,"W","scWjz",NA,NA
"456","sc.jz.11924.","sc","jz","11924",6.8476715,28.2677689,20.9074326,5.0854201,4.1312027,10.3958054,21.2489128,"W","scWjz",NA,NA
"457","sc.jz.11926.","sc","jz","11926",3.0459328,19.5167084,15.5361938,7.0304098,6.9948635,13.5645866,30.8066597,"W","scWjz",NA,NA
"458","sc.jz.11927.","sc","jz","11927",3.7583656,19.3934517,14.6122437,6.9368567,6.1947746,12.5624008,29.7416611,"W","scWjz",NA,NA
"459","sc.jz.11929.","sc","jz","11929",8.3482933,30.9044342,22.002533,5.0242691,3.7529263,7.0203743,16.8801727,"W","scWjz",NA,NA
"460","sc.jz.16404.","sc","jz","16404",7.6987076,25.515934,17.5384827,5.4856982,4.1800938,8.1781044,19.5972557,"W","scWjz",NA,NA
"461","sc.jz.16406.","sc","jz","16406",9.6543541,24.8950996,15.0987091,5.5433445,5.2835674,7.9241066,20.0083961,"W","scWjz",NA,NA
"462","sc.jz.16407.","sc","jz","16407",4.1856651,18.708065,13.9696655,7.1544142,6.6988211,17.7086792,32.9628983,"W","scWjz",NA,NA
"463","sc.jz.16408.","sc","jz","16408",11.8407631,28.0114059,16.123642,4.5671215,3.4108396,7.8400764,16.5836029,"W","scWjz",NA,NA
"464","sc.jz.16409.","sc","jz","16409",13.2449341,17.6703033,3.9318085,7.6077332,8.5321827,11.7111664,29.1690025,"W","scWjz",NA,NA
"465","sc.jz.16410.","sc","jz","16410",12.9152107,25.3964882,13.3278503,5.0908895,4.451571,9.8797646,21.0417061,"W","scWjz",NA,NA
"466","sc.jz.16411.","sc","jz","16411",7.2267838,26.3963242,19.5857468,5.7002163,4.5705838,6.2699966,18.5642929,"W","scWjz",NA,NA
"467","sc.jz.16413.","sc","jz","16413",7.9481583,22.012989,14.3206558,5.8867893,5.3933711,10.5912933,23.3122673,"W","scWjz",NA,NA
"468","sc.jz.16414.","sc","jz","16414",7.1742477,14.7593803,7.3311615,8.760725,9.3660841,15.7598572,36.5947113,"W","scWjz",NA,NA
"469","sc.jz.16415.","sc","jz","16415",12.8024178,17.5133438,4.9713974,6.5669851,6.8478985,8.9583359,24.6754532,"W","scWjz",NA,NA
"470","sc.jz.16416.","sc","jz","16416",10.0584259,24.8392525,15.0498962,4.8488626,4.5152879,11.7045364,21.6949005,"W","scWjz",NA,NA
"471","sc.jz.16418.","sc","jz","16418",11.3291321,11.1086655,-0.7710495,8.7683382,8.2628746,6.5418434,28.4216805,"W","scWjz",NA,NA
"472","sc.jz.16419.","sc","jz","16419",16.6536255,25.2134438,9.8300018,5.4338942,6.8258085,11.3037987,26.175602,"W","scWjz",NA,NA
"473","sc.jz.16420.","sc","jz","16420",10.4224129,27.8580818,18.3352051,5.3925734,4.7424116,15.2287331,25.5114594,"W","scWjz",NA,NA
"474","sc.jz.16422.","sc","jz","16422",13.4759064,27.1736183,14.1984711,5.273809,3.8981833,6.0147514,15.4575462,"W","scWjz",NA,NA
"475","sc.jz.16424.","sc","jz","16424",12.0453148,27.0563545,15.660408,4.619276,3.5870769,8.1760445,18.1766186,"W","scWjz",NA,NA
"476","sc.jz.16425.","sc","jz","16425",6.4880562,16.0526962,8.3276215,7.8011832,8.0981798,12.9548454,32.4952736,"W","scWjz",NA,NA
"477","sc.jz.16502.","sc","jz","16502",15.5559616,25.136055,9.9190216,5.9181919,4.9776945,4.4812469,18.2094479,"W","scWjz",NA,NA
"478","sc.jz.16503.","sc","jz","16503",12.2514305,25.0105515,13.0694046,4.3118539,3.1804042,9.7857857,18.6134109,"W","scWjz",NA,NA
"479","sc.jz.16504.","sc","jz","16504",8.6617584,23.9863892,15.9265976,5.9647474,6.9492488,14.2273598,27.4385414,"W","scWjz",NA,NA
"480","sc.jz.16507.","sc","jz","16507",4.1129322,24.1201038,21.2315941,5.25324585,5.26388455,12.79048725,22.93848805,"W","scWjz",NA,NA
"481","sc.jz.16509.","sc","jz","16509",12.8678093,26.6178589,14.7456284,5.1106472,5.9179196,10.2905235,22.4232445,"W","scWjz",NA,NA
"482","sc.jz.16511.","sc","jz","16511",8.9393997,19.2677307,10.3184128,6.5837522,6.6279206,9.2102013,24.6344337,"W","scWjz",NA,NA
"483","sc.jz.16512.","sc","jz","16512",14.4364853,14.6514206,-0.5301132,7.3818583,7.1253061,6.2337875,23.1850128,"W","scWjz",NA,NA
"484","sc.jz.16513.","sc","jz","16513",6.6231232,25.6339035,20.2109909,4.6601129,3.2739556,9.188755,18.3375416,"W","scWjz",NA,NA
"485","sc.jz.16514.","sc","jz","16514",14.8934021,24.2865639,9.7310181,4.8605146,4.1795502,9.505455,20.5499191,"W","scWjz",NA,NA
"486","sc.jz.16518.","sc","jz","16518",11.8209801,18.665081,6.5661621,6.5688329,6.7378893,9.6336899,25.3833847,"W","scWjz",NA,NA
"487","sc.jz.16519.","sc","jz","16519",5.9020844,26.4525414,21.4697113,4.6554232,4.5091352,10.1909332,21.9063683,"W","scWjz",NA,NA
"488","sc.jz.16521.","sc","jz","16521",4.7919044,24.9478226,20.2786331,5.8108873,6.2428355,13.1016617,25.8095818,"W","scWjz",NA,NA
"489","sc.jz.16523.","sc","jz","16523",6.7292824,20.8805962,14.3646164,5.9191341,5.3524284,7.7912636,20.5061226,"W","scWjz",NA,NA
"490","sc.jz.16601.","sc","jz","16601",13.548584,18.0391197,4.7679062,6.8178501,6.9196005,9.5526848,27.1803818,"W","scWjz",NA,NA
"491","sc.jz.16602.","sc","jz","16602",14.5645103,27.9585686,13.8739243,5.429018,5.5682688,13.2446518,24.4523315,"W","scWjz",NA,NA
"492","sc.jz.16603.","sc","jz","16603",9.6058006,21.9811172,11.7164993,6.1911802,4.7370081,8.4337769,21.7990913,"W","scWjz",NA,NA
"493","sc.jz.16604.","sc","jz","16604",13.7896767,27.6199684,13.7017212,4.5596409,3.0569911,8.1482353,16.7719841,"W","scWjz",NA,NA
"494","sc.jz.16609.","sc","jz","16609",9.3606033,14.0471535,2.6714859,8.6404486,8.2840719,10.1081734,30.936409,"W","scWjz",NA,NA
"495","sc.jz.16614.","sc","jz","16614",11.3367157,24.0526237,12.9205933,5.1388197,4.2232747,7.5417404,17.8402405,"W","scWjz",NA,NA
"496","sc.jz.16615.","sc","jz","16615",6.3663559,21.1256294,15.2406311,5.8805456,6.6657443,12.6443939,25.5739861,"W","scWjz",NA,NA
"497","sc.jz.16617.","sc","jz","16617",9.116188,27.3005066,18.5503082,4.4938803,3.1498063,9.2553825,17.6278706,"W","scWjz",NA,NA
"498","sc.jz.16618.","sc","jz","16618",13.5513725,16.1617432,2.2483673,7.1952958,6.7574701,6.0110283,22.0420189,"W","scWjz",NA,NA
"499","sc.jz.16620.","sc","jz","16620",11.468502,23.2650337,11.7674866,6.4469094,6.3425169,8.0908928,22.8414574,"W","scWjz",NA,NA
"500","sc.jz.16621.","sc","jz","16621",11.8105888,14.5731621,2.6031723,7.1757216,8.0540085,11.8463936,29.587101,"W","scWjz",NA,NA
"501","sc.jz.16622.","sc","jz","16622",7.5924988,23.1189537,16.0077667,5.0659399,3.9449413,7.1262741,18.0139332,"W","scWjz",NA,NA
"502","sc.jz.16623.","sc","jz","16623",8.6852074,17.6437531,9.2646866,7.6845226,8.306488,17.0709152,35.0261574,"W","scWjz",NA,NA
"503","sc.jz.16624.","sc","jz","16624",13.9459496,23.0336227,8.1612854,5.8897629,4.8707333,4.423008,18.6932602,"W","scWjz",NA,NA
"504","sc.jz.17403.","sc","jz","17403",0.7106285,26.026844,25.4810181,5.6716232,4.3254685,16.0055275,28.0361938,"W","scWjz",NA,NA
"505","sc.jz.17404.","sc","jz","17404",7.7374268,16.5764198,8.048851,7.7484765,7.1235476,13.4007339,32.4982376,"W","scWjz",NA,NA
"506","sc.jz.17405.","sc","jz","17405",2.003006,15.1934242,12.0005875,7.8494697,7.4940219,15.2675133,35.3846359,"W","scWjz",NA,NA
"507","sc.jz.17409.","sc","jz","17409",8.460907,29.3119354,21.4358444,4.3174343,2.4009893,9.7317543,18.0945854,"W","scWjz",NA,NA
"508","sc.jz.17410.","sc","jz","17410",10.4215355,25.122509,14.3300781,6.4567385,6.2007084,12.5857658,26.7001038,"W","scWjz",NA,NA
"509","sc.jz.17412.","sc","jz","17412",8.1575699,19.0202179,10.2171555,7.0561275,6.8609309,11.4864883,28.4009476,"W","scWjz",NA,NA
"510","sc.jz.17413.","sc","jz","17413",8.59161,25.9755173,17.9990387,4.9551334,4.536695,7.0603867,19.1109886,"W","scWjz",NA,NA
"511","sc.jz.17414.","sc","jz","17414",3.1272583,22.0521469,19.0774231,6.6064496,6.304966,12.822834,28.4890442,"W","scWjz",NA,NA
"512","sc.jz.17415.","sc","jz","17415",7.8680267,25.0990524,17.337532,6.1298389,6.6171579,14.3252182,26.9670525,"W","scWjz",NA,NA
"513","sc.jz.17416.","sc","jz","17416",3.9116058,16.0599785,10.86409,7.9498091,7.8329182,15.9469414,35.2966537,"W","scWjz",NA,NA
"514","sc.jz.17417.","sc","jz","17417",10.2104645,24.8220253,13.9697723,5.7373495,4.7064495,8.5491447,21.1217232,"W","scWjz",NA,NA
"515","sc.jz.17418.","sc","jz","17418",10.0051651,30.7602882,21.7459717,4.9877472,4.1350355,10.6033249,20.2518883,"W","scWjz",NA,NA
"516","sc.jz.17420.","sc","jz","17420",2.8500977,14.9312057,14.0653534,8.3512993,7.0540771,13.8469505,33.0579567,"W","scWjz",NA,NA
"517","sc.jz.17423.","sc","jz","17423",9.8615265,19.0358734,8.791832,6.2209244,5.2689452,9.200386,23.8165512,"W","scWjz",NA,NA
"518","sc.jz.17502.","sc","jz","17502",4.6298828,26.4693146,22.1371384,5.3616505,3.8052645,10.5995789,22.353054,"W","scWjz",NA,NA
"519","sc.jz.17504.","sc","jz","17504",4.7380409,30.3778954,26.7090683,4.9403801,4.2498236,10.3192444,21.3931732,"W","scWjz",NA,NA
"520","sc.jz.17506.","sc","jz","17506",2.2230415,23.3762436,22.115921,5.8832226,4.5413218,8.837326,22.3443871,"W","scWjz",NA,NA
"521","sc.jz.17509.","sc","jz","17509",5.6452065,25.1841774,19.5090332,6.6803279,6.7286496,17.2150269,31.9808998,"W","scWjz",NA,NA
"522","sc.jz.17512.","sc","jz","17512",10.8236237,27.4899635,16.6164551,4.8826175,3.7653601,7.3908463,19.0476456,"W","scWjz",NA,NA
"523","sc.jz.17513.","sc","jz","17513",8.3759995,20.245533,11.6626434,5.8454413,4.7814293,7.3688011,20.103035,"W","scWjz",NA,NA
"524","sc.jz.17514.","sc","jz","17514",5.7526093,10.0561676,3.9236603,8.8594093,9.0750189,12.663372,36.9854012,"W","scWjz",NA,NA
"525","sc.jz.17516.","sc","jz","17516",6.6680298,29.989151,23.7735214,4.8915477,3.8632145,9.0600166,19.8148651,"W","scWjz",NA,NA
"526","sc.jz.17518.","sc","jz","17518",6.47710225,19.22768215,12.4640427,6.76720595,6.8817854,12.8452816,29.2931156,"W","scWjz",NA,NA
"527","sc.jz.17520.","sc","jz","17520",10.1886444,29.6287689,19.9283981,4.3663478,3.4239349,8.1240921,16.9958801,"W","scWjz",NA,NA
"528","sc.jz.17522.","sc","jz","17522",7.5686646,26.2040672,19.1657639,4.7653933,3.7744868,14.5508385,25.0729523,"W","scWjz",NA,NA
"529","sc.jz.17525.","sc","jz","17525",10.9031181,19.4184914,7.3710785,7.6362782,6.3834896,12.1638069,29.1128654,"W","scWjz",NA,NA
"530","sc.jz.17601.","sc","jz","17601",11.05439,28.9662361,18.5837784,6.2521067,6.7434883,16.7439003,29.7400513,"W","scWjz",NA,NA
"531","sc.jz.17602.","sc","jz","17602",6.400631,17.8199692,10.3427658,7.2553687,7.3050838,13.9512901,31.8537598,"W","scWjz",NA,NA
"532","sc.jz.17604.","sc","jz","17604",7.2816582,27.7652893,20.8724823,5.4440742,4.3849874,11.6991081,21.6050682,"W","scWjz",NA,NA
"533","sc.jz.17606.","sc","jz","17606",5.2960968,26.7667351,21.9927139,4.9030581,3.4980552,10.2597771,20.5482941,"W","scWjz",NA,NA
"534","sc.jz.17607.","sc","jz","17607",11.2718925,20.896286,9.4339294,6.8708882,5.976378,12.333847,28.6808128,"W","scWjz",NA,NA
"535","sc.jz.17608.","sc","jz","17608",7.1019897,28.261097,21.6644363,5.4551315,4.4505033,10.9626617,22.8061714,"W","scWjz",NA,NA
"536","sc.jz.17610.","sc","jz","17610",6.2346458,17.486351,10.031456,7.0172596,7.1662216,12.558712,28.5890236,"W","scWjz",NA,NA
"537","sc.jz.17611.","sc","jz","17611",10.7232056,20.8269234,9.3762665,6.3428283,5.4715271,7.8556595,21.5840569,"W","scWjz",NA,NA
"538","sc.jz.17612.","sc","jz","17612",6.7346306,22.0686493,15.1470413,6.8198204,8.0548134,19.9241714,35.1307831,"W","scWjz",NA,NA
"539","sc.jz.17614.","sc","jz","17614",7.232605,30.6731911,24.5170746,4.0926929,3.5158451,10.0196342,18.8645821,"W","scWjz",NA,NA
"540","sc.jz.17615.","sc","jz","17615",11.1281281,16.7345772,5.1542435,8.149394,8.6595516,14.0933189,34.1524048,"W","scWjz",NA,NA
"541","sc.jz.17616.","sc","jz","17616",7.0953751,27.5891037,21.2946243,5.060812,4.5915146,10.5463905,22.0942574,"W","scWjz",NA,NA
"542","sc.jz.17617.","sc","jz","17617",5.2896309,18.5457764,12.7262344,7.3955197,6.9983892,10.9652748,28.0862923,"W","scWjz",NA,NA
"543","sc.jz.17620.","sc","jz","17620",11.2328415,28.1421394,16.8770447,4.4833245,2.7009172,10.1666183,18.969986,"W","scWjz",NA,NA
"544","sc.jz.17623.","sc","jz","17623",2.7577782,23.4322205,21.3352051,6.4071507,5.2827621,10.078289,24.3095741,"W","scWjz",NA,NA
"545","sc.jz.17624.","sc","jz","17624",8.2149086,23.3503532,14.8518829,6.0716658,5.4532862,9.5903473,24.4079933,"W","scWjz",NA,NA
"546","sc.jz.17625.","sc","jz","17625",4.3262215,24.3332596,19.4747543,6.2554626,5.6005011,16.7068443,30.4489365,"W","scWjz",NA,NA
"547","sc.jz.1829.2","sc","jz","1829",1.5285759,26.2179337,24.7056198,6.4449282,6.0030179,12.7913551,26.1752243,"W","scWjz",NA,NA
"548","sc.jz.3803.2","sc","jz","3803",-1.5271263,28.6830864,31.8567963,5.0693059,3.0958691,5.9999123,11.911253,"W","scWjz",NA,NA
