"GenoName","Fructose.BLUP"
"2",-1.45553898482169
"257A9",0.55825387388786
"PI358527",-0.988734895433279
"34f",0.402277333222843
"471_U6",0.456922511826518
"PI358531",1.17314481416405
"NSL8581",-0.350302582807509
"83610b",0.152958479653839
"83612b",0.632503915153043
"A10579",1.16811826797797
"A15",-0.254881346851368
"A632",-0.343661617632843
"A648",-0.432829945553778
"A7",0.215990258342939
"AS11",-0.474972302289801
"B5765",0.0583757617971126
"B5870",-0.711727499251442
"B73",-0.432670894229762
"Ames22015",-0.256456924132579
"PI587126",-0.89792680872441
"C15",0.155114128365298
"CI540",-1.01846776742134
"Ames22017",-1.0986905645819
"C2",-0.663143278928688
"Ames22018",-1.14071054337269
"C23_su",-1.27237207521723
"Ames22019",-1.63490814712599
"C27red",-1.4415952097698
"Ames26812",-0.482683335355294
"Ames26815",-1.70943212416341
"Ames22020",-1.98133527271523
"Ames22021",-0.805362588920591
"C4",0.705658255455449
"Ames22022",0.510429613205127
"Ames23507",-1.73054563222963
"Ames26813",-0.534443839370653
"C5_NT",-0.242004399395218
"C65",-1.33181067228485
"C68",-1.38716351914551
"C68Rx_552_63",-1.01190732540669
"C6A",-0.70898462319543
"Ames22012",-0.61991513821717
"Ames22013",-1.52032130275944
"C81",-1.05331717737483
"Ames22014",-0.00627451873099452
"C8w",0.0436349423194528
"Ames22024",-0.211043646917594
"DF14",-0.450717652356233
"EP58",-0.761980804381797
"EP60",-0.0284624235782237
"EP61",0.176192165157369
"EP62",-0.707314379223631
"EP82",-1.27102922898709
"EP83",-1.28094890541834
"EP84",0.754690559927701
"EP85",0.915138153528978
"Fa32B",0.228510121529352
"PI644099",-0.0398401331143089
"G8",0.0779147274265779
"GMBAB",-0.927423892963257
"PI550492",-0.860645403637925
"I45",0.435231888119318
"I817",0.563251082838125
"Ames22028",-0.571098851728074
"Ames22029",-0.693348963009142
"PI587134",-0.806613791075873
"Ia2256",-1.17043804174991
"Ia2730",0.748730292419715
"Ia4189",-1.41053475113163
"Ia45_1",0.879962327014468
"Ia45_2",-0.384085445676146
"Ia45_3",0.00997778922508423
"Ia453",-1.54082317017374
"PI587135",-0.138405230793098
"Ia5220",-0.533927992772915
"Ia5261",-1.64025761606611
"Ia59",-0.0518673220425294
"Ames22025",-1.39978497073812
"Ames22026",-0.0823721757010957
"IaEV3002",0.0750206856726645
"Ames22027",-0.412404765100655
"IaEV3015",0.27147016736277
"If825",1.28214812489087
"If853",1.87307836217671
"IL103a",-0.384715603747407
"IL104g",-0.925316675775585
"IL110K",-0.881294761458316
"IL112t",-1.84510544314955
"IL1171",-1.32693504922598
"IL11D",-0.395535695790324
"IL124a",-0.563483826159933
"IL125b",-0.106685649320647
"IL13B",-1.03464907328881
"IL14b",0.699762769254786
"IL14C",1.06181513248035
"Ames27118",0.537461206703278
"IL18b",-0.397544099203237
"IL200e",-1.20942369852199
"IL21f",-0.52606602318221
"IL279AxRp1d",0.696178351043587
"IL27a",0.356039347461647
"IL303b",-1.24635490175705
"IL318a",-1.86760198536077
"IL31a",-0.866300758355572
"IL323a",-0.903215093539346
"IL325a",-0.0852703865887668
"IL328a",-0.351118588923278
"IL354a",-0.107071176946239
"IL366a",0.203321610701821
"IL368a",0.430409997199112
"IL369b",1.38688155923429
"IL370a",-0.154769971640046
"IL393a",0.11485356584185
"IL395a",-0.674284651434856
"IL430a",-1.5628381756587
"IL437a",-1.40105394952483
"IL442a",-0.293858888806195
"IL44b",0.616732628080482
"IL451b",-0.921511755836511
"IL453b",-1.53008970136061
"IL454a",-0.827586232235306
"IL465a",-0.460256032297358
"IL47A",0.325402883611525
"IL515a",0.00669134875822407
"IL543c",-1.31477823934905
"IL545",-0.751513343771203
"IL557a",-0.945635095295923
"IL607a",0.0871731455730301
"IL611a",-1.04244541541986
"IL615a",-0.158884361634472
"IL618b",-0.944447247241195
"IL648",-0.739011973720822
"IL661a",-1.09542343021961
"IL671a",-1.6161683186353
"IL673a",-1.25584703791089
"IL676a",-0.49012416223917
"IL678a",-1.67077313714403
"IL689a",-1.55775521604219
"IL692c",-0.241913619390534
"IL696a",0.0596043968509
"IL699e",-1.3454877857147
"IL7",-0.720987823622014
"IL701e",-0.772081155424216
"IL707a",-2.01101290144864
"IL713a",-1.19676143467387
"IL729a",-0.648599710725854
"Ames27444",0.844699185543854
"IL733a",0.5820352653725
"IL744a",1.17027467723792
"IL747b",0.790932280909381
"IL751a",0.737893716052814
"IL761a",-0.836818185999469
"IL764b",0.934814753064292
"IL765a",0.876597251721403
"IL766a",0.872252282043731
"Ames27445",2.29716551388744
"IL772a",1.33385328870631
"IL773a",0.704571972190719
"IL775a",2.50324292417188
"IL776a",1.50556683925632
"IL777a",1.2232679405209
"IL778c",0.355340282258934
"Ames27447",-0.172520121663944
"IL788a",-1.07885723559821
"IL789b",1.76060226915553
"IL791a",0.477009082901587
"IL793a",0.466368110436554
"IL794a",0.0107113662761728
"IL795a",0.53744661357327
"IL796a",1.71876238533274
"IL797a",-0.754944549662586
"IL798c",1.19278618918843
"IL799b",0.0685356029727848
"IL801a",2.55985060062195
"IL802b_Ht2",0.196590504787271
"IL803a",1.12801471937169
"IL804a",-0.672943365704885
"IL86e",-0.78220900313945
"IL91j",-0.965577291018106
"ILB5765",0.29369428640432
"ILB5870",-1.12107442387571
"ILB6011",-0.338603410972133
"Ames22032",-1.92861262153106
"Jubileeex9017",-0.0717112950631069
"LUTHERHILL",-0.516100777395123
"Ames22034",-0.494910375848159
"Ames22035",-0.934584956384601
"M5",-0.466828218569943
"M6388",0.387175104143289
"PI506411",0.872065381688996
"M6415",0.987071261014575
"M6421",-0.101808254032663
"M822",-0.617931439964958
"Ma2402",-0.208433493405621
"Ames22036",-1.25988111182711
"Ma401",1.84141276119554
"Ma5125",-0.775383524542353
"Ma609",1.00241166766609
"Ma83608",0.121512301901599
"MDM_1",-1.15939997444664
"MDM_12",0.684329532968674
"MDM_15",-0.174070282664433
"MDM_16",0.297942977179816
"MDM_17",-1.14606052256245
"MDM_18",-0.44520489210053
"MDM_19",-0.82806115371994
"MDM_2",-1.09642023997239
"MDM_20",0.914747267642552
"MDM_21",-0.333471763036851
"MDM_23",-0.443744441539675
"MDM_5",-0.129487345085503
"MDM_6",-0.690860628315535
"MDM_8",0.519082493497352
"MDM_9",-1.34566955990783
"Ames22037",-0.609972409846599
"Ames22038",-0.924619950755109
"Me121_wb",-0.197027037586814
"Ames22040",-0.196898452848562
"Ames22041",-1.30776810518391
"Me2",0.103211725876431
"Ames22043",-1.0472371019483
"Me2rt",-0.731900549710978
"PI558532",0.280533700032736
"MR10",0.0726486604111917
"MR14",1.06471051921204
"ND1",-1.22135953183461
"Ames22044",-0.630118452379966
"Ames22045",-1.07051120941703
"NJ159",-0.466485750631407
"NJ618",-0.33290395179219
"NJ7Y",-0.598410052302713
"Ames19288",-0.608998708229046
"Ames19323",-0.36067183399478
"OLCOTT",-0.539564697847453
"P14",-0.00261701026327619
"P35",-1.6891847700025
"P39",-1.67420800203164
"P39_New",-1.77735992952613
"NSL8583",-1.49419282731246
"P39b",-1.52750516256423
"P39Le_253_60",-1.80187409213716
"P39LE_261_61",-1.14539252002023
"P39M94",-0.73872191688476
"Ames22048",-1.35005798168485
"P39_x_Rp1d",-1.84744548041922
"Ames22049",-1.37068944937397
"NSL8582",-0.788802450989028
"P51xRp1d",-1.1740394443176
"NSL42805",0.936769518366007
"NSL42806",1.14526218314585
"R851",1.09794705230558
"R853",1.26129689880902
"Ames23508",-0.616361655476966
"Ames23510",-0.83369857347177
"SC1441",2.50051033769662
"SC6069",1.2622326582491
"SD176",0.0966956020341382
"SD226",1.03845624587144
"SD245",-0.628401728994805
"SD277",-0.175258570647724
"SD42",-1.60788704651673
"SD469",-1.26104329941559
"SD592",-1.04664841973452
"SD789",-1.0577553566176
"SD829",-0.623787946641211
"SD883",-1.32083281232733
"SD884",-0.435283101346517
"SD908",-2.0948751046315
"SD909",-1.73214401114179
"PI358534",-0.807112833120285
"PI358536",-0.492623902659292
"PI358537",-0.687140280193499
"PI358538",-1.25933435342798
"PI358539",-0.268979939758535
"T625",1.58927396364283
"PI509045",0.621652622817065
"V775",2.61962382194254
"V781",-1.52660873649853
"VIA5492",-0.623379684378831
"Vineland576",-1.30850287513411
"W1736",-1.24684485035931
"Ames22053",-0.940634734413281
"Ames22054",-1.30215736352417
"Ames22055",-0.797037093278161
"Ames22056",-1.2896003706897
"Ames22057",-1.20704322126064
"Ames22058",-0.878383423305221
"Ames22059",-0.129704865942297
"Ames22060",-0.770924587556572
"PI587152",-0.035339091876006
"Ames22061",-0.377571627041961
"Ames22062",-0.981305626999783
"W6728",-1.31037029134997
"Ames22065",-0.843054756240449
"W6786",-1.25663522730165
"Ames22067",-0.966453748116692
"W822GSE",-0.170733880379432
"W85",0.185919482978479
"We01407",1.64152042752984
"We02404",1.86045226199
"We02406",1.32706430673325
"We02412",1.13665812560344
"We03418a",2.0169762172051
"We05401",1.89545750841133
"We05407",1.62971756733789
"We05408",1.62820461011653
"We05410",2.26493226278417
"We05411",0.911242582526923
"We06409b",0.372796210657737
"We06410",1.54540285756439
"We08408",0.242033467465341
"We08414a",-0.563586355381295
"We08417a",-0.641567724986139
"We09402",0.874034984282303
"We09413",0.970421948315093
"We09425",-0.482485945947488
"We10401",0.553948716642788
"Wh00033",1.04197815725262
"Wh00050",1.03986869844274
"Wh00051",0.699677935174408
"Wh00065",1.62901117825372
"Wh01001",1.06408695675143
"Wh03031",1.22029722596024
"Wh04020a",1.13215967925314
"Wh04036V",1.25799152168738
"Wh05032a",1.49974598207543
"Wh05051",1.58505195171042
"Wh05066a",2.19578179531482
"Wh05081a",1.38935704235685
"Wh07013",2.02791466679906
"Wh07020a",1.69269427995024
"Wh07051",0.802729375616129
"Wh07061a",1.38083658773677
"Wh07165R",1.3235240194394
"Wh07166R",1.50447438535631
"Wh08022",1.19271776746469
"Wh08042",1.15611570342326
"Wh08091",0.836131564325612
"Wh08092",1.34996346560561
"Wh08115b",1.12001770968373
"Wh09009",1.18239016189148
"Wh09033",1.19306466226818
"Wh09061",1.1844229087246
"Wh09068",1.58243156884409
"Wh09075",1.13177192166849
"Wh09083",1.30661780357823
"Wh09087",0.831905100174266
"Wh09117R",1.51630235982986
"Wh09126R",0.881006415018953
"Wh09137R",1.41695549703255
"Wh09141R",0.863806847927685
"Wh10006R",0.481075451146019
"Wh10034R",1.12175156717795
"Wh10035R",1.10476101174486
"Wh10046R",1.80372348879498
"Wh10049R",1.40152421537036
"Wh10080",1.05570219940956
"Wh10110R",1.3666735089807
"Wh10113R",1.64131267567158
"Wh10140R",1.5376991078253
"Wh10163",0.681098221417446
"Wh10173V",0.753160374606482
"Wh10216V",1.26873474950053
"Wh10231V",1.06555767275957
"Wh10802R",0.457296994732952
"Wh10804R",0.180794746370295
"Wh1095407_2",0.998098455430715
"Wh92047",0.60720139395176
"Wh92054",1.29593926391163
"Wh9261",0.895863782906043
"Wh93006",0.999553183747331
"Wh93016",0.922042825377315
"Wh93017",1.15285679340767
"Wh94053",1.08202883063316
"Wh95016a",0.897448387973918
"Wh96011",1.64684377689378
"Wh96034",0.750224639282417
"Wh98044",1.04483148577617
"Wh98063",0.862871308687462
"Wu00801",-0.00668411689793174
"Wu00802",-0.552668629355867
"Wu04401",0.775927172092881
"Wu04806",0.175294126429538
"Wu04819",-0.0410758084009913
"Wu99811",-0.844548006799099
"Wu99823",-0.459354582375782
"Wuh07177i",-0.099194735658829
"Wuh07182i",0.651557657355368
"Wuh07183i",0.970972005431111
"Wuh07186i",0.269495845311967
"Wuh07413i",1.16862391886349
"Wuh07422i",0.848023697826217
"Wuh07429i",0.302918525077706
"Wuh07466i",0.408415172058041
"Wuh07469i",-0.0935546655605326
"Wuh07481i",1.06639162624074
"Wuh08127i",0.14809609121875
"Wuh09093i",1.06607193246169
"Wuh09097i",0.69417630115261
"Wuh09098i",0.965255671979306
"Wuh09144i",1.26514453925666
"Wuh09149i",0.547448241911799
"Wuh09150i",0.849133468166439
"Wuh09153i",0.614879764332945
"Wuh09164i",1.29837257278935
"Wuh09170i",0.9914006293351
"Wuh09174i",0.610322140978973
"Wuh09183i",0.568966831121994
"Wuh09188i",0.328172027058178
"Wuh09191i",1.24502614955254
"Wuh98032",1.62267822734618
"WVG3",-1.60125725588461
