"GenoName","Total.Sugar"
"2",16.210644725
"257A9",14.104302875
"34f",29.47397295
"471_U6",22.0429361666667
"83610b",25.97488785
"83612b",26.54287758
"A10579",27.5588293
"A15",13.6582018555556
"A632",21.1399191090909
"A648",13.2579436125
"A7",10.6359738333333
"Ames19288",20.154456875
"Ames19323",19.22264765
"Ames22012",15.9971575111111
"Ames22013",14.5290352
"Ames22014",18.5878006
"Ames22015",17.03707046
"Ames22017",13.94780162
"Ames22018",15.1065879363636
"Ames22019",14.910802125
"Ames22020",12.7995153285714
"Ames22021",15.3056101272727
"Ames22022",24.1147586428571
"Ames22024",19.296408175
"Ames22025",16.7183730625
"Ames22026",21.830383775
"Ames22027",22.3755926428571
"Ames22028",14.76208076
"Ames22029",18.13116885
"Ames22032",12.6949200111111
"Ames22034",18.05581075
"Ames22035",14.733366
"Ames22036",15.5217275666667
"Ames22037",17.3597058
"Ames22038",15.12086038
"Ames22040",18.1495576571429
"Ames22041",13.8841130875
"Ames22043",14.1845267666667
"Ames22044",20.7952651888889
"Ames22045",12.090296775
"Ames22048",12.6508158375
"Ames22049",13.7890538333333
"Ames22053",18.544476025
"Ames22055",15.5550429111111
"Ames22056",14.9361251
"Ames22057",15.27480164
"Ames22058",16.13656162
"Ames22059",16.9492673
"Ames22060",19.7393582555556
"Ames22061",21.8169027285714
"Ames22062",17.4276955
"Ames22065",14.0867426714286
"Ames22067",18.6558549925
"Ames23507",9.67279308333333
"Ames23508",16.38344404
"Ames23510",19.14715735
"Ames26812",17.9187841333333
"Ames26813",17.4760311714286
"Ames26815",13.1541156714286
"Ames27118",24.3745035142857
"Ames27119",16.7384096636364
"Ames27444",28.3117310428571
"Ames27445",33.9949978285714
"Ames27447",20.5972584818182
"AS11",18.0470564714286
"B5765",22.5851953125
"B5870",16.3102039888889
"B73",20.467882552381
"C15",18.5695724
"C2",18.4614575666667
"C23_su",16.8962976777778
"C27red",14.8064319142857
"C4",21.19130815
"C5_NT",17.2929792375
"C65",12.7002283888889
"C68",12.0055682285714
"C68Rx_552_63",15.73351765
"C6A",17.788061625
"C81",13.5978393333333
"C8w",23.9057789
"CI540",16.2081082125
"DF14",20.74239314375
"EP58",15.361514825
"EP60",15.4485022
"EP61",19.25138045
"EP62",19.0660953666667
"EP82",16.2310636916667
"EP83",15.89784354
"EP84",30.59866026
"EP85",32.6776242
"Fa32B",26.03702735
"G8",18.5603203333333
"GMBAB",17.2765824875
"I45",19.2843506
"I817",22.1134346888889
"Ia2256",11.7662213666667
"Ia2730",18.5440216
"Ia4189",14.6454870333333
"Ia45_1",24.654879575
"Ia45_2",18.50869484
"Ia453",17.0020617785714
"Ia5220",17.1268242
"Ia5261",16.14094248
"Ia59",21.8276171625
"IaEV3002",25.7788452857143
"IaEV3015",26.60546494
"If825",35.3517778
"If853",38.6480097
"IL103a",20.5177199875
"IL104g",18.8098966777778
"IL110K",12.97737008
"IL112t",14.6393032125
"IL1171",15.2707742111111
"IL11D",17.17233264375
"IL124a",18.7199116777778
"IL125b",21.36874645
"IL14b",22.5746689
"IL14C",27.103074575
"IL18b",22.199743025
"IL200e",15.7330482125
"IL21f",20.6726678333333
"IL279AxRp1d",23.2268766
"IL27a",21.9512905444444
"IL303b",12.743897425
"IL318a",12.4614207
"IL31a",15.859669
"IL323a",15.19436352
"IL325a",20.8555336
"IL328a",20.5948391
"IL354a",20.7546219222222
"IL366a",24.06892472
"IL368a",27.30850855
"IL369b",24.62850418
"IL370a",18.5586107857143
"IL393a",19.2034049
"IL395a",17.3752279333333
"IL430a",16.2892693142857
"IL437a",14.2877068703704
"IL442a",21.065065
"IL44b",31.2878231875
"IL451b",17.6516350666667
"IL453b",16.8588543
"IL454a",15.4395705571429
"IL465a",20.2842736857143
"IL47A",23.0097341375
"IL515a",18.1634164571429
"IL543c",17.6282278
"IL545",18.4686336571429
"IL557a",17.8298880222222
"IL607a",24.2188502714286
"IL611a",17.1995910166667
"IL615a",20.32393455
"IL618b",21.3775456666667
"IL648",20.0780287
"IL661a",17.7448670285714
"IL671a",12.19568125
"IL673a",15.6575419
"IL676a",16.53705
"IL678a",12.6008263875
"IL689a",13.0444995222222
"IL692c",18.845144025
"IL696a",22.37609252
"IL699e",17.257366175
"IL7",21.23665542
"IL701e",17.239603525
"IL707a",13.6556173833333
"IL713a",14.4972054571429
"IL729a",18.0400452625
"IL733a",22.6253493142857
"IL744a",31.2330773666667
"IL747b",22.1066360470588
"IL751a",27.4811411
"IL761a",18.708778875
"IL764b",31.0379855
"IL765a",26.0936292083333
"IL766a",28.688182545
"IL772a",25.45961513
"IL773a",17.58323174
"IL775a",38.9920311
"IL776a",25.5954930357143
"IL777a",34.3003807222222
"IL778c",28.9769411125
"IL788a",16.05257452
"IL789b",26.9295222
"IL791a",23.2882433
"IL793a",20.4146543285714
"IL794a",22.0765000916667
"IL795a",26.240780575
"IL796a",33.4965682125
"IL797a",20.85794563
"IL798c",31.0946602
"IL799b",23.6767881222222
"IL801a",35.0949721375
"IL802b_Ht2",26.1924851777778
"IL803a",29.3523436777778
"IL804a",20.0502360666667
"IL86e",17.7927923166667
"IL91j",17.1696578571429
"ILB5765",22.8348127
"ILB5870",15.9869342444444
"ILB6011",18.4868891571429
"Jubileeex9017",25.0103569
"LUTHERHILL",20.27523117
"M5",21.707595825
"M6388",25.4109807
"M6415",30.85449334
"M6421",22.68974876
"M822",19.7374706125
"Ma2402",19.03436949
"Ma401",29.8678019285714
"Ma5125",18.2832393571429
"Ma609",26.8313535
"Ma83608",17.6960021222222
"MDM_1",17.28124734
"MDM_12",21.6774809714286
"MDM_15",17.8724844857143
"MDM_16",17.8091586555556
"MDM_17",11.87325180625
"MDM_18",14.1327937
"MDM_19",16.8376870166667
"MDM_2",16.02005195
"MDM_20",15.2952428714286
"MDM_21",21.3031812285714
"MDM_23",18.8311615
"MDM_5",19.21281413
"MDM_6",10.43405055
"MDM_8",21.4518947625
"MDM_9",12.3268860555556
"Me121_wb",15.012169125
"Me2",18.2771975333333
"Me2rt",16.379107475
"MR10",22.2077451285714
"ND1",10.628296075
"NJ159",16.3585250625
"NJ618",17.5428940242857
"NJ7Y",18.0227642
"NSL42805",33.8199861125
"NSL42806",35.89734675
"NSL8581",17.0937071
"NSL8582",18.3747373285714
"NSL8583",12.77847661
"OLCOTT",17.6742464666667
"P14",20.5333097277778
"P35",14.18287945
"P39",13.4981438384615
"P39_New",12.7807149875
"P39_x_Rp1d",12.7010948909091
"P39b",13.7959260833333
"P39Le_253_60",11.6876167777778
"P39LE_261_61",12.9266715
"P39M94",14.5156095
"P51xRp1d",17.2588753875
"PI358527",15.1985525636364
"PI358531",24.81891862
"PI358534",15.5729217444444
"PI358536",18.5135080666667
"PI358537",20.079951025
"PI358538",14.06130636
"PI358539",19.2045754
"PI506411",29.57627144
"PI509045",22.917477125
"PI550492",17.2659973666667
"PI558532",25.50706786
"PI567792",16.28872945
"PI567793",14.9510438375
"PI567794",12.8360252333333
"PI587126",14.7713269375
"PI587134",15.67666892
"PI587135",17.3038697166667
"PI587152",22.403409565
"PI644099",23.34776845
"R851",33.3674674777778
"R853",44.6164691
"SC1441",32.5233840888889
"SC6069",28.65263216
"SD176",19.5592498722222
"SD226",24.07659646
"SD245",16.7467842
"SD277",18.853263
"SD469",14.4994047111111
"SD592",14.5465174888889
"SD789",16.2688285142857
"SD829",19.43758317
"SD883",15.434599875
"SD884",16.5273105285714
"SD908",12.2751986222222
"SD909",11.6682536
"T625",27.3201870444444
"V775",37.6163288666667
"V781",13.07708664
"VIA5492",19.2942853
"Vineland576",15.141862025
"W1736",19.09789392
"W6728",19.5084977857143
"W6786",16.1314873625
"W822GSE",19.4869105545455
"W85",24.9163284444444
"We01407",27.0388842777778
"We02404",33.4071731571429
"We02406",26.16520234
"We02412",26.4319155571429
"We03418a",37.3354002666667
"We05401",32.8376178555556
"We05407",32.4856774875
"We05408",33.780044075
"We05410",34.89642906
"We05411",26.4661651863636
"We06409b",22.658063875
"We06410",28.5540895375
"We08408",25.271329625
"We08414a",20.76342851
"We08417a",18.8342487875
"We09402",28.49353484
"We09413",27.02282984
"We09425",19.9669369818182
"We10401",25.8903901625
"Wh00033",32.8087122222222
"Wh00050",33.920638075
"Wh00051",31.8263024222222
"Wh00065",38.91896934
"Wh01001",32.1714363
"Wh03031",34.7528414388889
"Wh04020a",36.5295216571429
"Wh04036V",31.946769225
"Wh05032a",36.0884831666667
"Wh05051",40.4662121428571
"Wh05066a",41.60370254
"Wh05081a",35.2177813125
"Wh07013",38.9017764428571
"Wh07020a",39.4743399625
"Wh07051",35.81318665
"Wh07061a",31.2551517333333
"Wh07165R",37.2807640444444
"Wh07166R",37.38703308
"Wh08022",35.77800865
"Wh08042",35.13366175
"Wh08091",34.8541317
"Wh08092",39.23292162
"Wh08115b",33.0375785666667
"Wh09009",34.1716507428571
"Wh09033",35.4896367277778
"Wh09061",36.9926457375
"Wh09068",37.58670975
"Wh09075",36.5190954166667
"Wh09083",31.6506544666667
"Wh09087",32.0312055
"Wh09117R",34.15169335
"Wh09126R",33.9991152571429
"Wh09137R",36.7814203
"Wh09141R",32.8404566333333
"Wh10006R",30.18566286
"Wh10034R",32.92558145
"Wh10035R",30.764882075
"Wh10046R",38.4395167
"Wh10049R",34.57905196
"Wh10080",37.1698177928571
"Wh10110R",37.5024948285714
"Wh10113R",41.4053015625
"Wh10140R",34.0922641666667
"Wh10163",32.3445078666667
"Wh10173V",33.8057234
"Wh10216V",35.6446127285714
"Wh10231V",35.15026855
"Wh10802R",29.38047944
"Wh10804R",26.7170042875
"Wh1095407_2",31.6541347333333
"Wh92047",28.3103466
"Wh92054",32.8063667857143
"Wh9261",32.876765725
"Wh93006",36.230413425
"Wh93016",33.14319114
"Wh93017",36.6635078888889
"Wh94053",34.3438252444444
"Wh95016a",33.3100166428571
"Wh96011",34.3315315166667
"Wh96034",31.8505806
"Wh98044",36.0030029857143
"Wh98063",33.83659935
"Wu00801",20.1640396333333
"Wu00802",16.697722425
"Wu04401",25.54573898
"Wu04806",24.77132722
"Wu04819",20.9626960666667
"Wu99811",15.4313757714286
"Wu99823",21.2058445959184
"Wuh07177i",26.4653249571429
"Wuh07182i",37.972908025
"Wuh07183i",32.0370900285714
"Wuh07186i",26.68782735
"Wuh07413i",33.58975905
"Wuh07422i",30.4581223555556
"Wuh07429i",30.699839625
"Wuh07466i",30.95034255
"Wuh07469i",22.83473205
"Wuh07481i",32.1404677857143
"Wuh08127i",23.8364386583333
"Wuh09093i",33.1290909857143
"Wuh09097i",35.174662125
"Wuh09098i",34.1703535666667
"Wuh09144i",33.5308867785714
"Wuh09149i",30.475169425
"Wuh09150i",32.3142779833333
"Wuh09153i",28.94159935
"Wuh09164i",37.22050858125
"Wuh09170i",31.56316319
"Wuh09174i",28.1792465214286
"Wuh09183i",31.0758190181818
"Wuh09188i",27.081604475
"Wuh09191i",36.4577960928571
"Wuh98032",40.7527217875
"WVG3",12.70377044
