"GenoName","Starch.BLUP","Total.Polysaccharides.BLUP","WSP.BLUP","Glucose.BLUP","Fructose.BLUP","Sucrose.BLUP","Total.Sugar.BLUP"
"PI358527",-1.67212876996305,4.9870957572594,5.82677193217725,-0.686439781051642,-0.988734895433279,-4.54120961382052,-6.65621134402635
"34f",-3.11882067533658,-4.94002584268856,-1.04323993949829,0.429796789241902,0.402277333222843,3.78528430122549,5.79575619516163
"471_U6",-4.33092131796458,1.42346200187646,6.47141455912964,0.1409124105192,0.456922511826518,0.111710370553205,-0.55694742712467
NA,-1.13992722340681,-2.24964837131975,-2.59457002420564,0.814033265526859,1.17314481416405,-1.95312001691504,1.28429668026519
"NSL8581",-3.88783988533476,3.57074506596927,8.74325317398562,-0.35941956778422,-0.350302582807509,-0.416599962357995,-1.72913928195034
"83610b",-4.53883422030382,0.152671574931711,5.10717218023496,0.42482165083176,0.152958479653839,0.38932133774171,2.41057385068267
"83612b",-3.97016104991921,-0.289521217901871,4.19298317766533,0.268492241558624,0.632503915153043,1.93249569234459,3.26738864633608
"A10579",0.13599674007521,-1.8815247084848,-3.16905011357399,-0.132416189706258,1.16811826797797,0.977838907029409,3.21541963449551
"A15",15.8331998763148,11.8723737559927,-7.01309531087558,-0.361548292661447,-0.254881346851368,-9.03997799632884,-8.63266961896825
"A632",10.9816209235344,4.55511656240167,-10.3187721695466,-0.356035665950884,-0.343661617632843,-0.887942802776902,-1.70323544766028
"A648",23.0211449785049,18.6851300560408,-9.11560168168832,-0.520782590671123,-0.432829945553778,-8.18754376984175,-9.4222907260296
"A7",22.6918462366707,10.9988738768092,-9.5917767476613,-0.27424907620918,0.215990258342939,-11.0495267530745,-11.6031863546196
"AS11",1.18958710260449,5.54131122535777,4.50370045786892,-0.597468181727758,-0.474972302289801,-3.27908466108623,-4.66364262345177
"B5765",-5.5974352499013,-0.318815156179248,5.73910422056466,0.184789506535403,0.0583757617971126,-0.209342381043869,-0.704257142158832
"B5870",3.91730384610885,4.51486259437574,0.361083474207039,-0.587790687962349,-0.711727499251442,-4.58029499581165,-5.99325474240068
"B73",11.9684561024106,4.62103569221984,-9.88891960417292,-0.404006733056171,-0.432670894229762,-1.03945881335018,-1.99748639279678
"Ames22015",1.85913489926257,4.3873813880711,1.56783959270385,-0.137683044565369,-0.256456924132579,-5.04102104013683,-4.86000838678806
"PI587126",2.67211276091022,6.02340777556405,2.61730338237558,-0.356408684868581,-0.89792680872441,-7.14360341242636,-7.83197808015332
"C15",2.53702154620989,3.65140010728731,-1.13374437460113,0.174784270818728,0.155114128365298,-1.45542679143807,-0.913265308907236
"C1540",14.4111820157983,8.26993326382383,-8.41701419210606,-0.854831484048664,-1.01846776742134,-5.67889959793611,-7.74983542219419
"Ames22017",-0.628390579875828,5.72912644217561,6.19434871204285,-0.874862751423654,-1.0986905645819,-4.79742795747356,-6.94838055397609
"C2",0.0423079649932024,5.54875591669859,4.77994531001723,-1.08413618928761,-0.663143278928688,-0.874334982424876,-4.32836214569367
"Ames22018",4.39124571476439,8.03830637032996,1.88269533774625,-0.826100937128642,-1.14071054337269,-5.05315570859684,-7.12659397905621
"C23_su",0.640005923603566,6.62770524773935,5.46883461696612,-1.2498434287421,-1.27237207521723,-2.37671235666311,-5.74710197465721
"Ames22019",0.642248996719022,3.19551414565813,2.28051325863704,-0.845214798144132,-1.63490814712599,-4.14175900328369,-7.22431323610319
"C27red",2.38778784214656,6.12152685777914,3.19773208744642,-0.960363925691743,-1.4415952097698,-6.42377192004178,-7.64103837923446
"C3",4.57115009938247,3.30376830446528,-2.18363475944181,-0.479844123935806,-0.482683335355294,-5.24241888183491,-5.33689626466625
"C30",0.797794231155766,8.55300599993439,7.49572166472644,-1.25582875675484,-1.70943212416341,-5.37663814521964,-8.87295487712805
"Ames22020",3.46606075932594,10.6124727391448,7.14185933480427,-1.94108034255812,-1.98133527271523,-3.47399664727145,-8.75736506667656
"C38",5.13986608222509,4.03093409263437,-2.59297158994518,-0.343828337486005,-0.805362588920591,-6.41582355870943,-6.4273766264791
"C4",5.34932744449871,0.0469092030206291,-6.33254704720521,0.502696732787278,0.705658255455449,-4.20391950594313,-0.908447881847331
"C40",0.287275539350082,-0.447739963056242,-1.49353346766994,0.630774941420547,0.510429613205127,-1.70279494595496,0.634401280583079
"Ames23507",5.23939449922415,11.2644428658267,4.89074791773123,-1.89794167505095,-1.73054563222963,-4.77242047922462,-12.81828711738
"Ames22011",0.224301621269762,3.52880880741174,2.89321679779809,-0.397832172630737,-0.534443839370653,-4.13628088676092,-4.66726731269832
"C5_NT",-0.131213635720657,-1.48075961946316,-1.80431782081744,-0.133681440614032,-0.242004399395218,-5.03897392755521,-4.40951217836798
"C65",1.91483159197763,7.13872873822785,4.74520438283649,-0.82873141818283,-1.33181067228485,-7.04330754348466,-9.48508157742314
"C68",2.27540135808889,8.20976219185495,5.22661242545052,-1.12796377547705,-1.38716351914551,-7.08182052494793,-9.99631166626212
"C68Rx_552_63",1.23515761019904,7.02637055617881,5.9496701899689,-0.550471072571355,-1.01190732540669,-4.5147504034704,-6.22347651884649
"C6A",1.50982402225651,8.48614725826511,5.41613773935384,-0.552372511099434,-0.70898462319543,-2.8820962215976,-3.98241561320532
"Ames22012",2.11713033804743,5.84746883277779,2.65818831644661,-0.291388953092267,-0.61991513821717,-5.18474707942275,-6.28575167965583
"Ames22013",0.983430267456312,8.46983522242607,6.99394665731961,-1.27083635133521,-1.52032130275944,-4.36663099819476,-7.30300948408023
"C81",8.01515630182437,7.7629884131593,-1.68539644127696,-0.949212652545036,-1.05331717737483,-5.63109300858928,-7.96814101080261
"Ames22014",6.91006052345177,6.6808565123411,-2.34074397051849,-0.226585250654694,-0.00627451873099452,-3.27486508967102,-3.72846236591448
"C8w",-3.02059275727304,-0.962373825084629,1.53742093313002,0.749630354800135,0.0436349423194528,-2.38963040999718,-1.52748925299795
"Ames22024",0.984871127133901,6.35799035055281,3.61183981770571,-0.277199849352676,-0.211043646917594,-4.11619579639464,-4.84605505069611
"We05407",-1.28420101693832e-10,5.08288280092078e-10,-1.70110196649468e-10,2.12254356068309e-11,-3.70905097640088e-11,-3.44990311431082e-10,1.54216434126986e-10
"W_5579",4.22494532620909e-12,3.92070467073967e-11,1.53787184836098e-11,8.0842797280754e-13,7.93242536569654e-13,-7.24602363764809e-12,5.8257568667944e-12
"PI587135",7.87090104812853e-12,2.63056056452652e-11,1.4569825628141e-11,8.25655980857344e-15,4.89994108654492e-13,4.6746728685147e-12,6.00754225871621e-12
"IL125b",1.58059042740709e-12,2.48534875538245e-12,-2.03926077216852e-12,-5.2934484828157e-14,-1.83082825350627e-15,-1.89473664468505e-12,1.88831501791311e-12
"CI540",12.16176959344,5.92465166714023,-7.01668605970427,-0.380293506006848,-0.893249097157635,-5.59807740830924,-7.30516770607394
"DF14",12.1468817800042,2.87846762541166,-9.50448656346216,-0.62545792471015,-0.450717652356233,-1.33869481728867,-2.36693551544642
"EP58",-0.999580788310884,4.51766442559665,6.32126025989359,0.0930602115282374,-0.761980804381797,-4.93865772794205,-6.66825251119437
"EP60",2.98571226285678,6.08971934387429,4.36851807465863,-0.388532238356795,-0.0284624235782237,-1.14695262455946,-3.60775940653396
"EP61",-0.0364933027199166,1.42901567636523,0.836735999090054,-0.123183358798559,0.176192165157369,-3.28709067982859,-1.86321633790406
"EP62",-2.40942380527723,2.24564841266366,4.30266194241679,-0.817386374997638,-0.707314379223631,-2.08833173620403,-3.24352189297731
"EP82",-0.719360266163523,2.73919480228689,3.1013498037023,-0.962710745610098,-1.27102922898709,-3.24655767507311,-5.27856736144114
"EP83",1.65007000491812,6.32447224763997,4.33830635431699,-1.26094617713831,-1.28094890541834,-2.56153642966299,-5.59626885782949
"EP84",2.28780662886976,-9.41615177120551,-9.43846100528797,0.449792975996376,0.754690559927701,5.77796787994804,7.44017220855536
"EP85",-0.293933025191255,-11.2571503564329,-9.22676757620576,0.65759413270236,0.915138153528978,6.66890925279521,8.46529596714888
"PI257506",1.9059984398532,-2.70946080378106,-9.28051860652316,0.96207520295243,0.720304534237863,2.92890242660256,4.88135289749232
"PI257507",3.96081682817977,-1.60297364248409,-9.00949390540408,0.866825232494096,0.463757279769844,2.22703132733881,3.94781331221563
"Fa32B",3.56313251667547,-4.58163325020995,-9.1320039272177,0.363418104923256,0.228510121529352,3.26515982793978,4.44010183456361
"PI644099",8.86295688060653,-1.28412154487332,-10.2184689747556,-0.297319691870554,-0.0398401331143089,1.80131630973811,1.49181389942838
"G8",0.632273655074156,0.933503749618853,-0.812013250647934,-0.0961819013142797,0.0779147274265779,-4.5227428609192,-3.07508845203558
"GMBAB",4.0068879566455,8.20034352712967,3.40509318908494,-0.962119518998458,-0.927423892963257,-2.26914461063835,-4.54996040744053
"PI550492",0.115599082242557,6.28019613111783,6.17413983878495,-0.777211616170967,-0.860645403637925,-2.38025714844171,-4.60210591104627
"HotevillaAzwhitesweetcorn_1",3.54537839049305,4.41777577596012,-0.782126248301804,0.398752252961717,0.323280402263755,-6.49561440368605,-4.76254149063125
"I45",-3.87928110456713,1.25441074716352,5.59417390928672,-0.373276856909431,0.435231888119318,-0.247523626251387,-2.14756526170977
"I817",1.34997149311211,-1.41075427666358,-2.35351284063217,0.998528886183428,0.563251082838125,-3.64031983667938,-0.679501964076766
"ames22028",-0.244592521818625,4.49055628429644,4.65816722054216,-0.296438205160589,-0.571098851728074,-4.99484657135809,-6.73534505152279
"ames22029",-1.78245199168813,3.3478752621252,4.23162850557215,-0.158960796568079,-0.693348963009142,-3.75363005679817,-4.2819366336779
"PI587134",0.102719057345865,2.83029338719929,3.00820684993347,-0.731079452974666,-0.806613791075873,-5.0237836696143,-6.81202482475912
"Ia2256",0.609003525741704,4.8140735230889,4.20102588283079,-1.35553855020514,-1.17043804174991,-5.70146146040965,-9.84542247042563
"Ia2730",4.06963917911472,-1.87547644216355,-7.40224784295975,0.690917997532262,0.748730292419715,-7.82374614734008,-4.19245800031913
"Ia4189",3.38244567908112,8.70652083479838,5.56286072237825,-0.695449942724531,-1.41053475113163,-2.76224372749163,-6.79138467886399
"Ia45_1",-2.1523646257258,-1.6860073799062,-0.882170680801134,0.528641658471595,0.879962327014468,0.112118361975411,1.56279300085285
"Ia45_2",-2.98173878112161,2.00875669445014,4.16590495493264,-0.407210262388938,-0.384085445676146,-2.66232576244045,-2.84616473109674
"Ia45_3",-2.5844115887658,2.52297398253964,4.22242616035351,-0.139873925183725,0.00997778922508423,-2.78917452100344,-3.51751314297382
"Ia453",-2.21511421257828,5.62535459028139,8.31337402920459,-1.50567066333706,-1.54082317017374,-2.39113655815952,-6.17843785862937
"Ia5220",-3.14910747564791,4.27007127591078,8.26227840031263,-0.701409044061475,-0.533927992772915,-0.436572018675785,-2.67084149362157
"Ia5261",0.223895887417273,8.4459538038426,8.18491201769899,-1.31917601507485,-1.64025761606611,-2.63450483005836,-6.6316866804482
"Ia59",0.329151480454084,2.9913705237653,2.28929674694148,-0.277015574514497,-0.0518673220425294,-0.954098181636785,-1.17351369372211
"Ia_CG4189",3.2033363745175,8.47787084793644,5.6953734257206,-0.718436602331201,-1.39978497073812,-2.76812557170124,-6.2202391182173
"IaEV3002",-2.97621740920377,-0.100031960380993,3.9528232825328,0.489625873641576,0.0750206856726645,0.140217786506859,1.33361883337672
"IaEV3015",-2.78696883918184,2.28414639473365,5.40043148871081,0.839599246997417,0.27147016736277,-0.326493586760111,1.24231957649148
"If825",-1.93388458844013,-11.4255830768745,-9.80612180527766,1.17000551176788,1.28214812489087,8.19138754376887,11.0457815710494
"If853",-7.71626595053197,-10.5537885498108,-0.91194703427782,1.85673165571632,1.87307836217671,8.48695199270655,14.123069038607
"IL103a",-2.16700899494729,1.99496009374245,3.43950433637466,-0.339905644096831,-0.384715603747407,-1.69269012954669,-2.28035302202478
"IL104g",-0.130242129932851,5.47172148232239,4.91877801449064,-0.807891857185055,-0.925316675775585,-2.07592448656743,-4.31272195027358
"IL110K",10.4790476157478,9.09104683147676,-4.06065905540442,-1.07966928812473,-0.881294761458316,-6.38340720110794,-8.90376308617036
"IL112t",0.446020309123591,5.38127659882027,4.68492275523724,-1.35255362763876,-1.84510544314955,-4.80385279091676,-8.1612556432928
"IL1171",-0.363024936856592,7.17328210372924,7.89724400531673,-1.1197832979914,-1.32693504922598,-3.92152521085592,-6.97327960684195
"IL11D",-0.595650198220764,1.12134935083023,2.61804777865949,0.412774351586397,-0.395535695790324,-4.95327877127153,-5.21036037007158
"IL124a",-1.72902980550851,4.66141383890356,5.79851095236904,-0.267454050235131,-0.563483826159933,-2.36608821636512,-3.69406578460457
"IL13B",-0.392940899466334,6.49363833834468,7.48265986654257,-1.02058097018345,-1.03464907328881,-2.53978484470881,-5.51356970439346
"IL14b",-2.083480809649,-0.397256313752333,0.954526430682236,0.188322044011292,0.699762769254786,-0.397603534700216,-0.902258535346916
"IL14C",-3.35216326457689,-0.111765301011721,3.30563064341997,1.3906116253111,1.06181513248035,0.76055407345024,3.82020687705492
"PI690323",-1.25578534129579,0.666955978132505,1.80964893850512,0.759469904602117,0.537461206703278,-0.46886741262731,0.922883802162392
"IL18b",-4.18099903519285,2.43098654094899,7.92440706436943,-0.0525608149262001,-0.397544099203237,-0.787828130340972,-1.2277295081305
"IL200e",2.35756974328777,10.6216749179871,8.95997329982986,-1.37402200568956,-1.20942369852199,-2.34010852767635,-6.50914716589548
"IL21f",0.0489686652878107,5.61528018006778,6.13626076416383,-0.610000567022425,-0.52606602318221,-0.0774373135921105,-2.6735731615551
"IL279AxRp1d",3.46118751751716,0.611097608231202,-3.45456485633805,0.572992831876007,0.696178351043587,-1.58567317601776,-0.0455605352663308
"IL27a",5.35043727091911,1.32030920569499,-4.1689411877946,0.508821381869461,0.356039347461647,-3.17858886517442,-0.884318746704384
"IL303b",5.93472093197779,9.95270335411387,2.01741848812544,-1.12032901234956,-1.24635490175705,-5.82445769384898,-8.60946620529932
"IL318a",-2.15252111893601,3.92236952462914,7.92807209351519,-1.51362064780552,-1.86760198536077,-2.41775418994728,-7.38291455085206
"IL31a",0.626013080891112,4.36380031851719,4.1499089344289,-0.546142927878473,-0.866300758355572,-4.31450214636882,-5.8365845648043
"IL323a",3.15791543938855,7.66424057866657,4.04747463813403,-1.07885277609932,-0.903215093539346,-4.22133737667671,-6.96919698491296
"IL325a",-3.35181460485107,-0.313181221194438,4.04864952424196,0.644505030726625,-0.0852703865887668,-2.45725483214742,-1.44383856794519
"IL328a",0.362063658370174,5.55961583900177,4.67400619504718,-0.531067848397009,-0.351118588923278,-1.14200067057398,-2.27043067158789
"IL354a",-2.81185388408546,3.17801523903848,5.68296244117538,0.585178760377389,-0.107071176946239,-2.27749709072403,-1.81186983860948
"IL366a",-0.131683575514848,0.997659845703503,2.243727896793,0.374435179595137,0.203321610701821,-0.152107586841734,1.7121870966395
"IL368a",-4.56368971243197,2.59005819375347,8.32843525522234,-0.0193985436854731,0.430409997199112,5.0441609855866,4.26407871387706
"IL369b",-1.02865474029508,-6.70436733403435,-5.31405968100691,0.968980418144793,1.38688155923429,-2.1645383774149,1.58162668599723
"IL370a",5.1706716230588,8.14519776775015,2.71958139594561,-0.6087557115333,-0.154769971640046,-1.38929859951655,-3.83590774037613
"IL393a",0.835578833965052,5.81605473430824,4.19077824339207,0.0396141843688792,0.11485356584185,-2.1086300743465,-2.68238755576628
"IL395a",-4.76893810376454,1.30025525162125,5.77818854269774,-0.0533379349713018,-0.674284651434856,-4.19453954865498,-4.93548477442795
"IL430a",0.577846896866938,6.30805863752074,5.84394252630228,-1.39113274293032,-1.5628381756587,-3.47763077150228,-6.80243612363336
"IL437a",2.38798548795394,4.70729469894283,2.09613566392925,-1.26360034545607,-1.40105394952483,-5.77752559173717,-8.28715533447199
"IL442a",-2.11234852039149,3.80981754062531,5.73909727600758,0.0453593461964022,-0.293858888806195,-1.27819403087894,-0.844175282887852
"IL44b",-6.59598740203508,2.47174972246639,10.0922454645812,0.766617084878717,0.616732628080482,5.5587651106154,6.78173269419288
"IL451b",4.85592123937331,5.2812032716333,-0.721252794096815,-0.850098349628953,-0.921511755836511,-4.36350595328163,-4.71330828228314
"IL453b",-1.68999907375885,6.00874604066381,7.98832950899261,-1.48086911241626,-1.53008970136061,-2.38331428213071,-5.79771944765839
"IL454a",-2.10501899947916,1.95211782878994,4.04673548755267,-0.766949775750844,-0.827586232235306,-4.04139755584066,-6.03333254039008
"IL465a",-1.97986573615312,0.375591355602821,1.98330866209206,-0.266611262996536,-0.460256032297358,-1.51122486858672,-2.21771613099546
"IL47A",0.560531616355715,2.10698387139695,1.39064766027882,0.254525267154828,0.325402883611525,-0.337075951753115,-0.401251735132867
"IL515a",3.91051169560366,1.68884927203217,-2.25085036258872,-0.380199735989102,0.00669134875822407,-5.02673289451374,-5.18375768004247
"IL543c",-4.31053690667425,3.36294953552189,8.47457511443414,-0.676368069307763,-1.31477823934905,-3.37982059687685,-5.71714560654246
"IL545",-1.25414018627344,4.90120691838088,5.23509217462686,-0.497120868358043,-0.751513343771203,-2.55387453783657,-3.93544271782584
"IL557a",-2.92246521988691,2.07626360166355,4.93131397844947,-0.70139017087532,-0.945635095295923,-3.22229649258247,-4.64781987911381
"IL607a",-4.73242763983984,1.99102804134638,6.24283268024422,-0.0853834355423564,0.0871731455730301,1.0831875606644,1.39749999441125
"IL611a",-1.88002872747265,4.67469224841263,7.16832345716737,-1.05700817356657,-1.04244541541986,-2.54515628218675,-5.29501176871551
"IL615a",0.516649154639222,3.55194441784999,1.99359539029987,-0.269910761578449,-0.158884361634472,-3.13638071347033,-3.0040686980026
"IL618b",-2.41423778044475,4.2390980587907,6.2399913076065,-0.421221850748833,-0.944447247241195,-1.30856613127825,-2.49240372053929
"IL648",-1.22065279691779,7.35186354026891,8.15752666661834,-0.795321801559929,-0.739011973720822,-0.878049873913357,-2.73501131160843
"IL661a",-5.75257285716697,3.45251065833519,9.87684212398452,-1.10577510493489,-1.09542343021961,-2.38824239491667,-5.0935712097687
"IL671a",6.10474434491615,10.1491585575499,2.6804820573898,-1.23491040918046,-1.6161683186353,-5.89865211135387,-8.93568528153177
"IL673a",3.44373871558988,5.29560808454165,2.45985191462723,-1.2199847463894,-1.25584703791089,-2.96160491714283,-5.80183961864192
"IL676a",3.78970478149874,5.86371843110608,0.455234279531507,-0.614919825489696,-0.49012416223917,-4.97899176732049,-5.88166644143978
"IL678a",-1.78396261686147,4.72322633976401,7.36832782369933,-1.62701596259058,-1.67077313714403,-4.54444809751601,-9.31187344573374
"IL689a",-1.23684804867032,6.37248047504634,7.48831583522584,-0.85492009789117,-1.55775521604219,-6.45417776586868,-8.56885987107
"IL692c",1.1892272387148,2.40352711612786,0.758027641105601,0.209305126744836,-0.241913619390534,-4.32785766257783,-3.78526193642917
"IL696a",-8.12207201049249,-2.54719561571763,5.62250636547571,0.110035761857057,0.0596043968509,0.0100591104928522,-0.3081873508439
"IL699e",0.709967386225464,6.08097655122848,5.3122807504242,-0.806781523876899,-1.3454877857147,-4.8708467947043,-6.20811807093067
"IL7",0.567697713925605,7.08960956246308,6.66889650013176,-0.851272472328491,-0.720987823622014,-0.815420528819867,-1.92451960760101
"IL701e",0.579453919552079,4.00003067122156,2.26544541762251,-0.703953887902387,-0.772081155424216,-4.13964285731197,-5.24097789205092
"IL707a",-1.35096303949783,5.53900652023161,7.05084767029403,-1.90000715437329,-2.01101290144864,-4.34288216555204,-9.0637681577939
"IL713a",4.90882075124227,7.15182662743986,1.04134047933104,-0.911918146377672,-1.19676143467387,-5.87211017290486,-8.0479305224702
"IL729a",-3.18704905445321,2.57921406964513,5.11028127263795,-0.631049193113753,-0.648599710725854,-2.54697476440554,-4.43246779569976
"Ames27444",-11.8527962923626,-2.89480270520142,10.0900858115378,0.540361702620177,0.844699185543854,5.06611463185749,6.39551331368467
"IL733a",-5.45694693497631,-2.96922448626838,2.3890809385188,0.333658650384672,0.5820352653725,-1.66478432704721,0.164736144215628
"IL744a",-9.12749768241419,-4.42970300872281,4.88405551910549,1.05147697703911,1.17027467723792,4.41691757401382,7.02855948806558
"IL747b",-6.864373339044,-2.77673594622879,4.61532968790245,0.7032900783996,0.790932280909381,0.261119749237573,1.57258225707999
"IL751a",-5.47061566285132,-7.27024744261308,-0.87670796494063,0.590867403288212,0.737893716052814,1.09688862454915,2.39242361364831
"IL757b",-5.79476777851891,-1.72624159890734,5.05631866656341,0.357980321482883,-0.124272676645142,-2.09120682780215,-1.52393441462978
"IL761a",1.80893049513498,7.72934831740117,5.39954701670501,-0.419841469146473,-0.836818185999469,-4.17423342184713,-4.79739462070734
"IL764b",-9.90378712805108,-2.83293223039822,7.31519114122902,0.910302899102033,0.934814753064292,4.7056965855674,7.06407531745476
"IL765a",-7.75180424550965,-0.0467106885814734,7.86732174140309,1.26788255250431,0.876597251721403,1.9823584055105,3.34829348343977
"IL766a",-7.71927050713598,-2.1162123809337,5.94039044764673,0.473241366056873,0.872252282043731,4.32643840912418,5.7022386027568
"Ames27445",-6.94334761778754,-7.64352319175828,-1.42652451783231,2.47632396279046,2.29716551388744,3.87782443032857,9.79273610402073
"IL772a",-3.5115514626876,-0.908053532274737,2.35611118539642,0.70895738455143,1.33385328870631,1.77892662431418,2.31369369836599
"IL773a",-4.06179284496929,-7.05598688760583,-3.34493547331203,1.19823838326849,0.704571972190719,-7.13909390609525,-4.31216595469378
"IL775a",-9.58221867787817,-11.1569190168949,-0.6908675505601,1.97206583017855,2.50324292417188,8.11076758971538,13.9235892567448
"IL776a",-6.60270584524751,-4.60843218568663,2.04099474484862,1.89107058295954,1.50556683925632,0.0327868618216406,3.35550658041793
"IL777a",-5.97721719269672,-0.999811851772776,6.48555973362559,1.42388896464646,1.2232679405209,7.66989044820429,10.2871699835186
"IL778c",-10.2716369804136,-3.28218869970679,8.94996088650715,0.185924971187751,0.355340282258934,4.66839214950855,5.42793828739681
"Ames27447",-4.73413404198801,-0.670650059512142,5.51708364201262,-0.785990619331906,-0.172520121663944,-1.07562316084006,-1.77541393166981
"IL788a",2.78581122570957,8.08101918040021,5.62247623737046,-1.30984628490771,-1.07885723559821,-2.57624303987193,-6.54608502788908
"IL789b",-3.12316214287157,-7.05507415633838,-3.72863988045279,1.45315087767143,1.76060226915553,-2.01137815477522,4.77075951617743
"IL791a",-4.04953454019747,3.29602759811984,8.01502479766418,0.27168165499219,0.477009082901587,3.62654797160271,2.91662207810013
"IL793a",-0.0927833680952367,-1.42259397018749,-1.73623476134088,0.198095311480926,0.466368110436554,-3.59745946301252,-2.75817856222093
"IL794a",-1.5998397542284,0.518489863035442,1.61642858241505,-0.0393594274261626,0.0107113662761728,-1.36763115553194,-1.19803133039039
"IL795a",-7.41048519461993,-0.0754834364622187,8.4370647904659,0.0906523080993562,0.53744661357327,3.2242858261644,4.28382490344773
"IL796a",-9.93010350403511,-7.77103931864066,2.35087540673821,1.57400661449846,1.71876238533274,4.39321270072671,9.00574877905381
"IL797a",-6.75029210938227,2.39553436751984,9.27344035483223,-0.331101239631881,-0.754944549662586,-1.14776069269832,-2.37512672640962
"IL798c",-9.10858659363555,-5.64734893998667,3.77058966172419,1.08772467397958,1.19278618918843,4.73186621851056,7.29277845474217
"IL799b",-4.29217606506559,1.5160146730373,6.33698148912002,-0.600728899941427,0.0685356029727848,1.61025987912246,0.174159083855688
"IL801a",-8.41392171844115,-8.13131108345646,-0.0337814864687708,3.0090517756484,2.55985060062195,3.29449571858745,10.7141103063808
"IL802b_Ht2",-8.06692140274392,-1.56400411312828,7.36009489449412,0.115375007019069,0.196590504787271,2.76394122931349,3.39624178901048
"IL803a",-7.39028841739356,-6.53386129581743,2.36268766428494,1.32564804411198,1.12801471937169,2.8189993430316,5.69563429479567
"IL804a",-8.93115727223717,-0.543832444156811,10.543627438922,-0.00800323355262665,-0.672943365704885,-1.33075739345479,-1.76415068944084
"IL86e",1.16860062233617,2.36771925893407,0.567559895206122,-0.488760570564931,-0.78220900313945,-3.48718333413845,-5.25387129275978
"IL91j",-0.225615583504741,6.87665916792487,6.04484802653792,-0.802585461301392,-0.965577291018106,-4.15388992241311,-5.67929570095877
"ILB5765",-5.52417784415598,-1.02974424218686,4.99281864382921,0.198258849727256,0.29369428640432,0.452095203788345,0.133062055689778
"ILB5870",1.77222061729902,6.79517804606144,4.53984243584864,-1.43822625971449,-1.12107442387571,-4.02882986079375,-6.97256875235089
"ILB6011",0.248876445652713,2.58574446928847,1.53828856484976,-0.550924665376391,-0.338603410972133,-3.63750286515709,-4.54664745524856
"IP_39",4.47136627168029,9.89045400221175,4.22022158354016,-1.51799660909654,-1.92861262153106,-5.28038355390388,-9.33407945917747
"Jubileeex9017",-4.02454821635306,-1.0056660333658,2.74344729380597,-0.128844335416565,-0.0717112950631069,3.12075345312264,1.51513843411662
"LUTHERHILL",0.619356185369867,8.87467557801925,8.70084497971862,-0.700499625015647,-0.516100777395123,0.230968117899635,-1.76248035165494
"Ames22034",2.11817733739373,6.63839147031384,3.42826310867085,-0.670004851018404,-0.494910375848159,-2.71663583243173,-4.03890856716623
"Ames22035",2.91708660270783,6.74434288628655,3.28806502851943,-1.28560067524547,-0.934584956384601,-3.41623701968994,-6.41647948946477
"M5",-3.46674250161494,5.82741853856187,9.32343085520117,0.051312044938904,-0.466828218569943,0.379230173447073,-1.04414306577915
"M6388",5.72229042047727,-3.31516070402704,-9.91796978330991,0.222009797601777,0.387175104143289,2.11396289924885,2.7486526488861
"PI506411",1.04856106763775,-8.16284233279318,-8.70245839651757,0.83432418544885,0.872065381688996,4.15641362366988,6.48338295634147
"M6415",0.447568366056569,-8.6249439228954,-8.89345772845278,1.01481612221854,0.987071261014575,4.97153814697416,8.0317056421582
"M6421",8.0237555858057,-1.49486139634596,-9.49932086684336,-0.283525021254518,-0.101808254032663,0.536997669320174,0.319348790848984
"M822",-0.990669821963658,4.79443245670617,5.60981955332375,-0.224580345301139,-0.617931439964958,-2.73319355970955,-3.59668829594274
"Ma2402",0.636000491403435,3.81317175459052,2.92317994254929,-0.0919708609370914,-0.208433493405621,-3.31966534780816,-3.4588141828841
"Ma2410",-1.58903239153865,-0.772901159033118,1.40466407443173,-0.0750100197398097,-0.215070749425244,-4.46552742097415,-3.62069816070834
"Ames22036",4.21540835338645,8.5502779284687,3.21460937818179,-0.977431436614028,-1.25988111182711,-5.01509997595381,-7.4520998785108
"Ma401",-4.60578220882067,-6.71519183567619,-2.50526631917301,1.66210153657904,1.84141276119554,2.40454717363457,6.14721849537278
"Ma5125",-0.393226760333613,6.32649259128438,6.2690986594342,-0.637789575389748,-0.775383524542353,-4.52491327722035,-5.21436015426735
"Ma609",-7.82505346976727,-14.5182332429175,-4.35151113389483,1.8266638618454,1.00241166766609,0.601584645817344,5.99130070441624
"Ma83608",0.696703103904538,1.99038748686408,0.609255544293096,0.0902564597131982,0.121512301901599,-4.86464761543426,-4.6658349573064
"MDM_1",0.471335263506784,7.28159390403699,6.21261496857459,-0.58918603192416,-1.15939997444664,-3.60123227037478,-5.53699000826526
"MDM_12",-2.89398034238269,0.827987095304461,3.30430679293252,0.321713744370803,0.684329532968674,-2.18942445377867,-0.905561308590702
"MDM_15",2.33910267225518,5.10804266817335,1.64825343717458,-0.533002950440829,-0.174070282664433,-2.91564873668863,-4.45408558150471
"MDM_16",3.11364295348215,2.30049396779405,-2.92242120348728,0.535887729407725,0.297942977179816,-6.55159258350529,-4.88346674887468
"MDM_17",6.44058722502295,6.36794822598746,-0.764654013372022,-1.1043384481206,-1.14606052256245,-5.85278421521424,-9.23554483014068
"MDM_18",5.83808277265851,6.52974992626716,-1.07513294653088,-0.835257478624068,-0.44520489210053,-5.87359542821858,-7.76070206010739
"MDM_19",0.354609760109661,6.79643885102332,6.89551153011932,-0.594512410594874,-0.82806115371994,-3.51230949332575,-5.48992004332678
"MDM_2",-1.62618368038423,4.12715806249365,5.38048416800333,-0.513977694334462,-1.09642023997239,-4.96550318150496,-6.16868248364011
"MDM_20",10.0178049770961,4.21163400990122,-6.43686175043964,-0.27745056069306,0.914747267642552,-5.5619674573589,-8.07506042114773
"MDM_21",-0.412128709721373,4.97183119405004,5.67137580345232,-0.066957397639903,-0.333471763036851,-1.66419682171729,-1.78703129895778
"MDM_23",-3.43246695936038,2.51956916374783,5.97320897597933,-0.524695408916898,-0.443744441539675,-2.26428299070337,-4.01440849426546
"MDM_5",0.917894515443337,3.0002537347133,1.03933284816926,-0.38748495528928,-0.129487345085503,-3.00265386237731,-3.32924801073042
"MDM_6",-0.539265654591242,2.04851092155532,2.68267977700602,-0.495213188432822,-0.690860628315535,-5.96911672675982,-7.15637623856991
"MDM_8",-1.57175516403328,0.326354040774072,1.46139596297024,0.527897872973288,0.519082493497352,-3.34049202797514,-1.94493112647592
"MDM_9",3.17657929985441,6.23424044954715,2.15368557713457,-1.65525702358258,-1.34566955990783,-6.33262656165739,-9.875176233337
"Ames22037",2.5341225418624,4.5067681976402,1.26809485645092,-0.590316177294681,-0.609972409846599,-3.62757678948723,-3.91629739072604
"Ames22038",5.27672528200194,7.69427150950421,1.04530584284485,-0.689074012519054,-0.924619950755109,-4.56836683204072,-6.83462807916998
"Me121_wb",2.29856018712459,2.928812262868,-0.443292722727208,-1.0862507804537,-0.197027037586814,-5.46346984027648,-7.18346381430282
"Ames22040",1.68217603359394,2.46453623018524,-0.23992008825829,-0.0722170229852487,-0.196898452848562,-3.82399249676263,-3.97447765300892
"Ames22041",5.05579783385055,7.89810638008183,1.30081394332352,-0.795355126220692,-1.30776810518391,-5.6843982544148,-7.91325070619562
"Me2",-0.651771223136788,1.46998913109644,1.22398750921,-0.228693169180454,0.103211725876431,-3.19180087122583,-3.81415313736523
"Ames22043",4.82307534957293,5.44158139399954,-0.123570059707556,-1.00247439226457,-1.0472371019483,-5.39357190801349,-6.98268134843498
"Me2rt",2.53214985345839,3.9907431690486,0.280312307161664,-0.591491368287513,-0.731900549710978,-4.04411755532329,-5.43196531688114
"PI558532",6.50765249025019,-0.644912516053668,-9.53049884347598,0.405305735780424,0.280533700032736,0.239438247456763,1.44099589038461
"MR10",9.52431050004216,3.07242680654927,-9.73992670490261,0.114116063486663,0.0726486604111917,-0.161454242511232,0.468736940507932
"MR14",16.307933654042,7.91152768880417,-11.9029317554524,0.362244224141568,1.06471051921204,-4.63824038011378,-3.67155043759098
"ND1",22.8982121139405,15.7696090271466,-9.05357350853091,-1.01965971812505,-1.22135953183461,-7.45940376060919,-9.98616781723398
"NJ_112",-0.938140723749838,3.6880421809098,5.10366591460258,-0.764571501953637,-0.630118452379966,-1.12531823689411,-2.29178235936932
"Ames22045",0.842634322286265,0.695728456994844,0.343956859896074,-1.2543748837612,-1.07051120941703,-4.12978047074847,-6.24451321998824
"NJ159",4.02868443281552,2.3873911254299,-2.15447762150165,-0.811773789968116,-0.466485750631407,-4.20658709638711,-5.68324618964842
"NJ618",1.59475142348696,4.07986600581907,1.28140004120429,0.0166585410773531,-0.33290395179219,-4.47250316899256,-4.53312266338678
"NJ7Y",-5.41891024272587,2.21449494063681,8.25843436647521,-0.192203464551167,-0.598410052302713,-3.39498797977061,-3.3324259414177
"PI690332",13.2636416152086,3.6853696035089,-9.35170280243262,-0.70969807487587,-0.608998708229046,-1.71832303357059,-3.14339842571337
"PI690331",10.0789178636498,3.85865344243868,-7.17792203602824,-0.173181450197268,-0.36067183399478,-1.54877330953841,-1.82257579068481
"OLCOTT",-1.4016601220899,6.12453562573353,7.6664512414074,-0.169250011033013,-0.539564697847453,-2.9977769836534,-4.49988082475001
"P14",0.6823907393955,4.19792884812512,3.18007677607041,-0.5065615785685,-0.00261701026327619,-0.377759530362618,-2.06461722506473
"P35",1.51743582035169,10.1900695929309,7.74024258394772,-1.17904851109389,-1.6891847700025,-6.2767381551008,-9.25925439389867
"P39",2.62146541018446,9.15166631163274,5.83830363215035,-1.53064425705564,-1.67420800203164,-5.20844402891105,-9.23410233546453
"P39_New",4.64920742628428,10.6109371200077,4.88955951782442,-1.51927895348683,-1.77735992952613,-6.11527778001361,-10.0796470831991
"NSL8583",3.13492727670938,9.4488099684007,4.78381984262015,-1.26026454448787,-1.49419282731246,-5.38610978499263,-9.0227383956019
"P39b",4.59827728044041,10.1261454333257,4.43028449365675,-1.44090191358533,-1.52750516256423,-4.82681880953619,-8.93539336047785
"P39_GoodmanBuckler",-3.30377523072289,5.97047240990783,9.77981663054095,-1.54610379561249,-1.47743643367416,-3.86790084097756,-7.87789571049886
"P39Le_253_60",2.29142921648833,7.94150442221927,4.49173930297058,-1.4103954268084,-1.80187409213716,-4.58219435360249,-8.56199089468494
"P39LE_261_61",0.477797729788143,6.74740474298437,5.5442970770767,-0.789274221698981,-1.14539252002023,-4.58165857082304,-6.920305726358
"P39M94",6.84170019905794,9.01235228269911,0.0197296266676554,-1.07338930050291,-0.73872191688476,-5.27849520602629,-8.0867139937846
"Ames22048",7.30972834953578,11.6157398646451,2.94105309258376,-1.32923163945875,-1.35005798168485,-4.74548655491639,-9.27888769487486
"P39_x_Rp1d",2.27480727109324,9.56986135977166,7.08268354812412,-1.63118709529657,-1.84744548041922,-4.79925633067681,-9.3739430271374
"Ames22049",1.93295783822029,7.17499405619479,4.98958088414136,-1.15421787045973,-1.37068944937397,-4.34023634768833,-7.9190928028438
"NSL8582",0.249019375495717,6.1066881213669,5.25259094937228,-0.833066468750828,-0.788802450989028,-2.67501449479828,-3.97875298434995
"P51xRp1d",1.29346853219524,7.39056137448206,5.77532803427903,-1.00353513520633,-1.1740394443176,-2.6164166271803,-5.2868221015348
"NSL42805",1.15254697738514,-9.39141497871559,-9.61284086254711,0.777768054836639,0.936769518366007,7.68745765905263,10.0081238769742
"NSL42806",-1.30056922505746,-13.3884147958912,-9.54222541472211,1.01718243557992,1.14526218314585,9.30146896162545,11.865678790536
"R851",-1.06655449584038,-10.2339356370817,-9.33165323904988,1.20543823108272,1.09794705230558,6.9472238750487,9.81731511123424
"R853",-5.07242756113288,-18.4133860111666,-7.54026622257253,1.15896491978257,1.26129689880902,14.0751294607075,16.6702252223972
"Ames23508",-0.407704281589013,5.67906243449105,6.48807906591688,-0.475090136852698,-0.616361655476966,-3.19841487803373,-5.82461422172587
"Ames23510",-5.33637679909394,0.366073345491408,5.9676275598735,-0.520973481273455,-0.83369857347177,-2.05545139118975,-2.96073389107789
"SC1441",-1.37415408204649,-7.52514492976405,-6.3999396235783,1.91955259097922,2.50051033769662,3.84535165879839,8.74301132881015
"SC6069",-0.693709633006333,-4.76529993705388,-4.35843498029263,0.857715313288213,1.2622326582491,0.945321680619606,3.52185337585398
"SD176",-0.0834949696039178,2.64087504746608,2.34336923772246,-0.063544135084194,0.0966956020341382,-3.06557480407462,-3.11323439703491
"SD226",1.50811631625416,0.883966488891354,-1.57532492264443,1.19620384587008,1.03845624587144,-1.25552173373581,1.27028969751298
"SD245",-1.37624282527752,1.11247122590219,2.7958978997408,-0.537185591744161,-0.628401728994805,-3.17734625044286,-3.80771665907198
"SD277",2.46983136672806,3.62290279264909,0.191918683220313,-0.285112190184971,-0.175258570647724,-4.77586419972516,-4.08880694147836
"SD42",3.12336383926363,5.27757684692055,3.81165860451755,-1.26302979744901,-1.60788704651673,-1.21979957852066,-6.21693478952215
"SD469",1.80228034126108,6.30140786135332,4.07735117264552,-0.919468205186042,-1.26104329941559,-4.44637944360649,-7.37728595843975
"SD592",1.85649809334099,8.98819684825347,6.66187240866074,-0.949716860570573,-1.04664841973452,-4.90666328957027,-7.81289607187188
"SD789",2.53848231689625,7.36809590241231,3.91954281607433,-1.00062128022333,-1.0577553566176,-3.74914638944745,-6.43709213220094
"SD829",1.19192235337813,5.76843047849632,3.54375849074724,-0.445533928161732,-0.623787946641211,-2.81382367768079,-3.89580625539025
"SD883",4.14201621170971,9.2127665761573,4.15260519164512,-1.03915336000339,-1.32083281232733,-5.28504339289518,-7.59456141468582
"SD884",-0.382583204538585,5.43372773537214,5.08296209747416,-0.576459473875921,-0.435283101346517,-2.64719698869442,-4.03428225552392
"SD908",-2.63911633976831,7.97322998802806,11.5574215876937,-1.67913294429514,-2.0948751046315,-4.84470015689391,-9.99595717623325
"SD909",2.73931215482692,8.00832004369592,4.47319684477629,-0.957065937831145,-1.73214401114179,-6.96772141989038,-9.78650688973371
"PI358534",3.22927184981167,6.26449412254407,1.89988542967822,-0.65627575359132,-0.807112833120285,-4.04691856816884,-6.43489415341839
"PI358536",-5.67269694456264,1.39730111400876,7.65594440467328,-0.0464598936460426,-0.492623902659292,-2.9649115282495,-3.06364890630669
"PI358537",-2.84286633746184,3.4648844811919,6.44606861598271,-0.52180041310181,-0.687140280193499,-1.9287326385439,-2.87119790364031
"PI358538",5.88029747723407,9.65226907992949,2.403518610082,-1.30934950334926,-1.25933435342798,-4.52285470369979,-8.22562560837607
"PI358539",-0.229169556586962,4.8213457709762,4.06786037672759,-0.615038984061865,-0.268979939758535,-2.67895097474848,-3.45771758674285
"PI509045",-5.75902539761795,-7.4044419406979,-2.50782215822757,2.38963656686373,1.58927396364283,-1.72986746319638,3.67499177012594
"V775",-8.04704294646168,-10.3460960563719,-0.656229543265417,2.14994839529941,2.61962382194254,10.3685543869916,14.9220477561168
"V781",11.5576717983316,8.3217991565304,-0.236302104442728,-1.32929766020168,-1.52660873649853,-5.49451230959161,-9.53108704591794
"VIA5492",-3.39419506798798,4.20114077757291,7.51479475839053,-0.566351000978039,-0.623379684378831,-1.4578375433385,-3.14195904582227
"Vineland576",-0.976004708978738,4.70133033232619,5.90749748684479,-1.26203818814726,-1.30850287513411,-3.54406723590854,-6.65157879295773
"W1736",-2.55833651320289,5.22246839714684,8.24073640620474,-1.08672846360722,-1.24684485035931,0.159340061415377,-2.75542789806191
"W3647",-1.11841820844773,7.274044644873,7.43150242997228,-0.707961557583335,-0.940634734413281,-1.1154760388158,-3.10341714991309
"Ames22054",1.35367524421085,-0.253789874560014,-1.12907965531602,-0.567214900233721,-1.30215736352417,-1.81275590440932,-4.65885772017486
"Ames22055",2.59791539883106,4.91451565434894,1.15350494412865,-0.766875940669718,-0.797037093278161,-5.35419366571058,-6.44443063445052
"Ames22056",1.12829986073529,6.61105231535676,4.19666137878489,-0.649546073841431,-1.2896003706897,-5.84167209721339,-7.14363010446157
"Ames22057",-2.15048057274498,4.87853230356589,6.53074438711081,-0.769760459253279,-1.20704322126064,-4.60221003770453,-6.5507012161428
"Ames22058",0.468354451816731,4.32962494495971,3.30743829514779,-0.425300264225924,-0.878383423305221,-4.57491167696826,-5.736728758052
"Ames22059",0.479973487384434,3.31461412299451,1.94318091677891,-0.627076546797461,-0.129704865942297,-2.99576856353699,-4.257280650745
"Ames22060",-2.32643588704654,6.37024944905815,8.62816072355425,-0.948328621352533,-0.770924587556572,-0.936944584936926,-2.77169177895401
"PI587152",8.57609711238715,2.3457334180884,-9.66967924038192,0.236518123180234,-0.035339091876006,-0.332873047338628,0.180782970434226
"Ames22061",-1.0230229762938,5.01448485167989,5.69526735127801,-0.0549925160908685,-0.377571627041961,-0.861127695373864,-0.865163340357278
"Ames22062",-0.837003906215667,6.15424019242285,6.07764141014358,-0.760286439438672,-0.981305626999783,-2.28636188644745,-4.49243328672851
"W6728",-2.50827891505823,6.47495442881786,8.73977765507106,-1.05232962043304,-1.31037029134997,-0.539282819308024,-3.43430514807649
"Ames22065",3.67394858532343,6.46913664886052,0.652699566333596,-0.641815138707632,-0.843054756240449,-6.80870023941202,-8.49484826916484
"W6786",0.52172059972754,6.66259339102293,5.53514401330565,-0.986847980725093,-1.25663522730165,-4.09199379342424,-6.24246525705091
"Ames22067",-1.26596974575652,5.34773808063246,5.5152111527837,-0.335541469619878,-0.966453748116692,-2.56993200460722,-3.52449226258403
"W822GSe",3.93481197968341,5.91437323537246,-0.643807839302439,0.209842506898675,-0.170733880379432,-3.34942457486206,-2.43616891803431
"W85",6.05287087276637,0.788162773712595,-9.13650087366271,0.628829075577592,0.185919482978479,0.981544327327168,2.08202509408541
"We01407",-7.06537669536745,-5.3818833470697,1.61617939131928,1.05217174432112,1.64152042752984,2.63108572820935,5.12692716995318
"We02404",-7.00206380021489,-3.71269500595916,3.76182166714455,1.10065817424016,1.86045226199,5.27318639833365,7.74657070877686
"We02406",-4.27574495169573,-0.8651169147919,3.34981447143302,0.699404674518729,1.32706430673325,1.4650773355902,1.95473199821273
"We02412",-5.41960842139864,-6.38311801647738,-0.495155962379973,0.697382958268199,1.13665812560344,1.88227464841617,3.89487400175511
"We03418a",-8.87672940723832,-8.28927783454168,1.01978602842042,1.88729904791927,2.0169762172051,6.40134084920172,11.3876808064974
"We05401",-11.6563125183046,-7.7805625686341,4.04042935890477,1.62247006006877,1.89545750841133,5.38566154008606,10.0577908915805
"We05408",-8.73376683598009,-3.87656464077393,4.29504080430557,2.00235866589109,1.62820461011653,4.74159225808352,8.40530622743108
"We05410",-7.01501853950045,-6.9667788837301,0.876285421259076,1.91137634331465,2.26493226278417,7.25613210413263,11.5655223725011
"We05411",-4.25722235363874,-0.881173408672907,2.93133656467703,0.828373881424687,0.911242582526923,2.58469637856091,4.23005696383102
"We06409b",-3.76644115440557,0.0876975284458819,3.11317389311422,0.341854236100218,0.372796210657737,0.47716219652521,0.0802851310959886
"We06410",-7.54234661069949,-5.60099063904561,1.46285840155655,1.32912676988664,1.54540285756439,2.60480980133415,5.93003389049769
"We08408",-0.96742388423009,0.855488844536254,-0.0815931871094543,-0.273186339658741,0.242033467465341,1.15371783946664,0.893285747934686
"We08414a",-4.39623402245603,2.45630266983028,6.40860425965682,-0.590988873809684,-0.563586355381295,0.171072168372937,-1.41196769965636
"We08417a",-3.93726617620402,3.33442829243403,6.76550737906278,-0.282552111148484,-0.641567724986139,-3.29089158447008,-3.85894192892862
"We09402",-7.14262860282407,-4.17085686013197,2.92984024146698,0.868752789423477,0.874034984282303,3.30941932016494,5.7401182740179
"We09413",-8.40637186976812,-3.52262202458172,3.97700028434232,0.713875578583409,0.970421948315093,4.84500279584353,5.62872702110995
"We09425",-2.77305891448317,2.90219653267906,5.66210082503873,-0.673634037904569,-0.482485945947488,-0.341138949302535,-2.05929516925396
"We10401",-6.64132345419661,-1.08068114908766,5.54837237084288,0.974420166579774,0.553948716642788,-0.65093946860033,2.17095508598633
"Wh00033",0.30158890292466,-6.30821680471296,-10.561733203895,1.07637207596285,1.04197815725262,6.71141066558737,8.90969070614655
"Wh00050",-0.410137049375878,-7.35941184062732,-10.2990966664703,0.65210468518522,1.03986869844274,8.22229713142456,9.60334747401724
"Wh00051",2.78525340223278,-6.1439699421257,-10.3673104867131,0.540951246438705,0.699677935174408,6.51266982176761,7.68437690142865
"Wh00065",-2.10477606893596,-12.0584371777934,-10.6386076121579,1.16977421727057,1.62901117825372,11.4711830321571,14.6386043011402
"Wh01001",-0.415293538416486,-9.89542244164211,-9.66882784674387,0.795223379976258,1.06408695675143,6.41343084852123,8.29360304237155
"Wh03031",-1.79430506345687,-13.0355169201412,-9.48147026386958,1.05493388026307,1.22029722596024,8.36593620436948,11.4329687078816
"Wh04020a",-1.02145413432654,-12.7773754251568,-9.45156697057483,0.954317345946346,1.13215967925314,8.23706409606355,10.9642179731791
"Wh04036V",1.04651726688449,-6.68126543537196,-7.57340608634458,0.950181469090424,1.25799152168738,6.32612072188029,8.5991168336471
"Wh05032a",0.710692091854152,-11.4277187591648,-10.4522669260706,0.973987495357958,1.49974598207543,10.0503937857175,12.897094006188
"Wh05051",-3.74298100570085,-17.0177306709805,-9.66280332467476,1.10259118640254,1.58505195171042,11.6932582996354,15.1127687480102
"Wh05066a",-2.13475209647413,-16.0266339999401,-8.17731831991565,1.4034481987129,2.19578179531482,13.2352525312186,17.2294321756173
"Wh05081a",0.403947075517659,-10.3028991909999,-8.67159095292928,0.919474723190008,1.38935704235685,8.56050566422153,10.9913112373549
"Wh07013",-3.40929498271376,-15.9538981947719,-7.52097566785988,1.55600821096724,2.02791466679906,10.2436946452938,14.2873052213018
"Wh07020a",-2.92608316201118,-16.038654649991,-9.38237706385018,1.38765688011922,1.69269427995024,10.8514022022272,14.6665168258303
"Wh07051",1.51481653211889,-10.4157587971006,-9.78040504072447,0.224808514859433,0.802729375616129,8.96242824278155,9.43691479482769
"Wh07061a",0.669376601129301,-11.6704967948687,-6.34123025792799,0.684859980625534,1.38083658773677,9.59586997434537,11.6811049881081
"Wh07165R",-1.88389247511399,-10.6758114671568,-10.2856305018272,1.04664673368349,1.3235240194394,9.8175800621854,12.5346534092224
"Wh07166R",0.734499909535042,-12.3942553390289,-8.67022148137474,0.909032365005543,1.50447438535631,9.03318574746527,11.6666670113472
"Wh08022",-0.272094938432875,-13.6296684655932,-9.63203460357822,0.995409069470461,1.19271776746469,8.44486496437511,11.5632477735506
"Wh08042",-1.55456875642725,-11.8594830403282,-9.06780534771312,1.1216203429671,1.15611570342326,7.39943747925076,10.2071700351389
"Wh08091",0.0574056383401204,-9.80304753440624,-8.2428635100824,0.718246465722134,0.836131564325612,7.97829597273144,9.85128216428419
"Wh08092",-2.14329081667228,-12.8891903896511,-8.49084340631405,1.22791114514622,1.34996346560561,9.8808407002952,13.2912005974445
"Wh08115b",-2.37607283147261,-9.65620429507611,-7.84285999200581,1.25066991007988,1.12001770968373,6.75502728647139,10.2827820520313
"Wh09009",1.51976730887885,-11.3753094067818,-9.2146500053163,0.747701932803774,1.18239016189148,8.10613503873176,10.5949819857768
"Wh09033",-0.789171545793217,-12.0825750994264,-9.4819474407753,1.04487362182711,1.19306466226818,8.14260954863316,10.9293732336139
"Wh09061",-0.569251837571094,-13.5801903753238,-9.60689769679502,0.81053406828678,1.1844229087246,8.81907232069599,11.6905722439682
"Wh09068",0.827305212073518,-11.6750844114748,-9.98660201370303,0.922422231117688,1.58243156884409,11.6070543753556,14.2628876981024
"Wh09075",-0.210062474979419,-12.4386994723097,-8.8792659122488,0.824334720119824,1.13177192166849,8.58497085599659,11.3212722715582
"Wh09083",0.251611272310786,-9.82819151965379,-8.34641705461421,0.83823359916705,1.30661780357823,6.50811431737163,8.7168622153609
"Wh09087",0.260033594684275,-5.46525489935487,-9.39384127658303,0.694984569535002,0.831905100174266,6.65981552941494,7.85049259079726
"Wh09117R",-3.50680733334923,-13.1571606510692,-8.62867628013367,1.62701339092766,1.51630235982986,7.68715719114598,11.5496325343563
"Wh09126R",1.23387494411263,-13.2264269167161,-9.42867415175345,0.604580108251334,0.881006415018953,7.31751014943631,9.35665485709924
"Wh09137R",-3.26157646187278,-14.52780628653,-8.5443534055439,1.21405480491044,1.41695549703255,8.81805400455772,12.0717475848394
"Wh09141R",0.859387756130195,-6.64907932217754,-10.1791641973318,0.523846261469297,0.863806847927685,7.70701980907718,8.86214373045869
"Wh10006R",3.24734597363191,-5.50349886723386,-9.29757392177655,0.295738912566565,0.481075451146019,4.22600609242725,4.80207302613981
"Wh10034R",-1.40943845751801,-11.7672640899248,-8.86313125903647,0.96361571907865,1.12175156717795,6.55238480218951,9.47741366942596
"Wh10035R",-0.0979947294894885,-10.2844114651727,-6.75500897996899,1.1394511219267,1.10476101174486,7.09450974670001,9.4518448241604
"Wh10046R",-3.88519183129886,-14.1820299832289,-9.47320765006217,1.30557024941903,1.80372348879498,11.3663916933173,14.0271903991915
"Wh10049R",-3.39254622052663,-12.9987913262529,-8.0839332455142,1.22354669526974,1.40152421537036,10.0473303240686,10.9705933335925
"Wh10080",2.5023322747536,-12.254720268022,-9.93063929552755,0.404772892588224,1.05570219940956,11.7050392098036,12.9146863988376
"Wh10110R",-2.49442825486631,-10.8749635789199,-9.55684912484099,1.19461242802045,1.3666735089807,9.82359706098556,12.7812332514372
"Wh10113R",-1.29104894204974,-9.34105916947972,-9.80425192895191,0.830313036523421,1.64131267567158,13.2347992821019,15.8755930008183
"Wh10140R",0.774410844546996,-9.7007417548079,-9.85524656774216,1.18116986391681,1.5376991078253,7.96110104442609,10.9092432563974
"Wh10163",-1.40003826695228,-4.97865615967695,-8.7028062514301,1.049435947931,0.681098221417446,5.97780799995348,7.62516196869024
"Wh10173V",0.480324710643579,-8.31017142064334,-8.79134656239576,0.641466037009903,0.753160374606482,6.65330413213764,8.2937661716404
"Wh10216V",0.548338781182652,-12.00959060925,-8.3940019721925,0.876487732628935,1.26873474950053,9.30728811497049,11.8729464050282
"Wh10231V",1.24918391528725,-6.3232155492743,-10.1119882101262,0.746592686091227,1.06555767275957,8.80934437776987,10.6477939081923
"Wh10802R",0.110916876717254,-2.60581132320808,-8.6045473658785,0.973756952341293,0.457296994732952,3.96140588302391,5.29050321467131
"Wh10804R",6.36510790664111,-0.521207858122766,-8.88302689786972,0.0925756942947692,0.180794746370295,1.52733543163825,2.00167139236885
"Wh1095407_2",-2.80667603613475,-8.81462542785311,-8.16384319279188,1.18579104566288,0.998098455430715,4.90632326243661,7.06892275142167
"Wh92047",0.399236105083345,-8.39991691403529,-9.2292733705597,0.858043749442221,0.60720139395176,2.32357985259958,4.55241164692587
"Wh92054",1.73957268605918,-8.81981016747022,-9.90725392906285,0.902585515984034,1.29593926391163,6.71751773956688,9.0460607897232
"Wh9261",1.11321458697332,-10.9234497361418,-9.44820096733647,0.774548341335041,0.895863782906043,5.79623787787367,8.18433138298774
"Wh93006",-1.90921827037355,-9.81006256396823,-9.01593383152093,0.92754469575164,0.999553183747331,8.88386744263664,10.9976359755932
"Wh93016",1.69431862083634,-10.3073129592563,-9.98086645838293,0.413095227945138,0.922042825377315,7.68094397550768,9.40948816242443
"Wh93017",0.725572565201456,-13.1170268061131,-9.18084606875656,0.6714828581842,1.15285679340767,9.75096580736212,12.084910819318
"Wh94053",-1.37164801684921,-8.57539768476542,-10.4315954097219,1.10797046891306,1.08202883063316,7.77477610651148,10.0685844399696
"Wh95016a",0.119032396087124,-11.346526055409,-8.96042968450143,0.744914444550391,0.897448387973918,6.69246113571154,9.05786099803207
"Wh96011",-3.11484884626358,-13.8416213323128,-9.08582282599622,1.55070041369967,1.64684377689378,7.6623813706299,11.3059876545107
"Wh96034",0.399822400330553,-5.80111166539073,-9.8650885467764,0.782534400076349,0.750224639282417,6.08617815415757,7.42972352950818
"Wh98044",-0.322324570446231,-9.97440129037604,-8.60506551866099,0.802520236619459,1.04483148577617,10.0203821940499,12.3377029853419
"Wh98063",1.13927139714167,-10.8953466171252,-9.62868579430287,0.625445449533311,0.862871308687462,7.1768663677383,9.05756692694917
"Wu00801",-0.435278754560605,0.996713792327509,0.939364943176906,-0.288599117959454,-0.00668411689793174,-3.04431615036485,-3.40842119587244
"Wu00802",-2.34165493274569,2.13332943447856,4.29508632642366,-1.03321713371144,-0.552668629355867,-2.13759612666147,-6.49049219950881
"Wu04401",-5.68650002132758,-1.01512163355608,5.11491892891625,0.704803223600439,0.775927172092881,0.664403628493543,1.97431395466769
"Wu04806",-4.33478048831621,1.11852925854814,5.08184147608682,0.221759171978234,0.175294126429538,-0.499846943021725,0.995755578394868
"Wu04819",-1.83539713063614,3.10925692601447,4.347969198422,-0.102942608080741,-0.0410758084009913,-1.54213826432311,-0.805111628637141
"Wu99811",-0.253064088563823,3.59236839440894,3.90132207822389,-0.429321513556436,-0.844548006799099,-6.65030825328391,-7.40126382354137
"Wu99823",-4.07168509430062,1.37312403737297,4.75683903274916,-0.702388159883169,-0.459354582375782,-1.43945028787601,-2.8696805665101
"Wuh07177i",9.52548266109648,3.17268927291391,-9.11579705758482,-0.333291313205951,-0.099194735658829,2.24062036835765,0.529727387625099
"Wuh07182i",0.0832557960675882,-10.8770687368697,-7.45028077250925,0.449372975143431,0.651557657355368,8.87965482551116,9.77511216139894
"Wuh07183i",0.808808435295358,-9.21607262487858,-9.77416195065683,0.83231788927256,0.970972005431111,7.6198751325389,9.81350340386377
"Wuh07186i",5.93717388011926,-4.7672197640933,-8.7819407029376,0.00877223175824337,0.269495845311967,4.314704001708,5.05028566511732
"Wuh07413i",-2.29179351423522,-10.7595073311617,-6.25579291496608,1.13888562174036,1.16862391886349,5.82746103341677,7.47889075704826
"Wuh07422i",0.710914062535275,-10.7297662992714,-7.89592554259357,0.576614375208159,0.848023697826217,5.85853629644443,7.72634766758433
"Wuh07429i",0.462817814628864,-9.4202186335359,-7.04235690347201,0.378170506057686,0.302918525077706,3.65477572553892,4.04962255946471
"Wuh07466i",3.4506289155301,-12.4638807234969,-8.22800004638096,0.119120272121161,0.408415172058041,7.56320989789304,8.08133065190969
"Wuh07469i",3.71633320847782,-4.37570156946888,-5.6107046540723,-0.417444657842132,-0.0935546655605326,1.66209939256082,1.37539789580779
"Wuh07481i",-3.28241215223893,-10.1528855603046,-5.31111467253326,0.872395487143356,1.06639162624074,5.32620496163385,6.99441358178056
"Wuh08127i",9.15362145251459,5.10343823261267,-9.89147687150278,0.0960609661418808,0.14809609121875,2.59215109878333,2.27698086346703
"Wuh09093i",-0.291784163795218,-8.41904185009674,-8.95021309001373,0.816516311367402,1.06607193246169,6.33916318271318,7.31123136724403
"Wuh09097i",1.68919149875679,-14.6243689365532,-8.49616132327263,0.554389265881586,0.69417630115261,5.90105833509224,6.33005468571665
"Wuh09098i",0.943598221406898,-7.60930539459549,-9.92883465819201,0.762041512129963,0.965255671979306,8.94226380987054,10.8247997560815
"Wuh09144i",-3.27518785539658,-10.0417551782963,-5.56729296565706,1.31859938376175,1.26514453925666,6.36323815259936,8.9949470272295
"Wuh09149i",-2.04340884870748,-8.26313512878716,-6.45652289779717,0.740538124519037,0.547448241911799,2.99909747392908,4.11035337143403
"Wuh09150i",1.80537782225808,-11.70376289486,-7.39375424189243,0.284270136336951,0.849133468166439,7.19242483277905,6.89604001250069
"Wuh09153i",0.707135194761336,-7.07516702971017,-7.4359451668584,0.537967760652743,0.614879764332945,4.28703807982808,5.19062073280837
"Wuh09164i",-1.94405633816506,-15.2342742866485,-9.07910062897829,0.916258221374946,1.29837257278935,9.14092843944034,11.345501522228
"Wuh09170i",-1.42991339538328,-11.5392309996387,-8.50415853661693,1.00759550260764,0.9914006293351,4.72278742685693,6.63147445434465
"Wuh09174i",3.35259384646134,-4.57105655117315,-6.8989867329202,0.119744798000809,0.610322140978973,5.44025715517278,6.20607115265791
"Wuh09183i",3.76537499547671,-8.62098337954524,-9.81138472035598,0.32576357329161,0.568966831121994,6.41788192743243,7.78052194924647
"Wuh09188i",-5.15840532057849,-10.8073458331391,-4.45512824800701,0.583507760069286,0.328172027058178,5.32304753175078,5.98625526078284
"Wuh09191i",-1.46276697358967,-13.1756499599436,-9.70628817269797,0.952829934811906,1.24502614955254,10.359783519401,12.9554850080157
"Wuh98032",-1.9996699915398,-14.5723237279696,-9.73731623838464,1.13849098020129,1.62267822734618,11.9158707511042,15.2795929675582
"WVG3",1.0098241930636,5.99868149442796,5.29980171704683,-1.49989808111797,-1.60125725588461,-4.34360398058068,-7.9695754035796
