"GenoName","Total.Sugar.BLUP"
"2",-6.05000893276716
"257A9",-5.12411810398839
"PI358527",-6.65621134402635
"34f",5.79575619516163
"471_U6",-0.55694742712467
"PI358531",1.28429668026519
"NSL8581",-1.72913928195034
"83610b",2.41057385068267
"83612b",3.26738864633608
"A10579",3.21541963449551
"A15",-8.63266961896825
"A632",-1.70323544766028
"A648",-9.4222907260296
"A7",-11.6031863546196
"AS11",-4.66364262345177
"B5765",-0.704257142158832
"B5870",-5.99325474240068
"B73",-1.99748639279678
"Ames22015",-4.86000838678806
"PI587126",-7.83197808015332
"C15",-0.913265308907236
"CI540",-7.74983542219419
"Ames22017",-6.94838055397609
"C2",-4.32836214569367
"Ames22018",-7.12659397905621
"C23_su",-5.74710197465721
"Ames22019",-7.22431323610319
"C27red",-7.64103837923446
"Ames26812",-5.33689626466625
"Ames26815",-8.87295487712805
"Ames22020",-8.75736506667656
"Ames22021",-6.4273766264791
"C4",-0.908447881847331
"Ames22022",0.634401280583079
"Ames23507",-12.81828711738
"Ames26813",-4.66726731269832
"C5_NT",-4.40951217836798
"C65",-9.48508157742314
"C68",-9.99631166626212
"C68Rx_552_63",-6.22347651884649
"C6A",-3.98241561320532
"Ames22012",-6.28575167965583
"Ames22013",-7.30300948408023
"C81",-7.96814101080261
"Ames22014",-3.72846236591448
"C8w",-1.52748925299795
"Ames22024",-4.84605505069611
"DF14",-2.36693551544642
"EP58",-6.66825251119437
"EP60",-3.60775940653396
"EP61",-1.86321633790406
"EP62",-3.24352189297731
"EP82",-5.27856736144114
"EP83",-5.59626885782949
"EP84",7.44017220855536
"EP85",8.46529596714888
"Fa32B",4.44010183456361
"PI644099",1.49181389942838
"G8",-3.07508845203558
"GMBAB",-4.54996040744053
"PI550492",-4.60210591104627
"I45",-2.14756526170977
"I817",-0.679501964076766
"Ames22028",-6.73534505152279
"Ames22029",-4.2819366336779
"PI587134",-6.81202482475912
"Ia2256",-9.84542247042563
"Ia2730",-4.19245800031913
"Ia4189",-6.79138467886399
"Ia45_1",1.56279300085285
"Ia45_2",-2.84616473109674
"Ia45_3",-3.51751314297382
"Ia453",-6.17843785862937
"PI587135",-5.79843393659582
"Ia5220",-2.67084149362157
"Ia5261",-6.6316866804482
"Ia59",-1.17351369372211
"Ames22025",-6.2202391182173
"Ames22026",-0.729046765288308
"IaEV3002",1.33361883337672
"Ames22027",-1.37283900365121
"IaEV3015",1.24231957649148
"If825",11.0457815710494
"If853",14.123069038607
"IL103a",-2.28035302202478
"IL104g",-4.31272195027358
"IL110K",-8.90376308617036
"IL112t",-8.1612556432928
"IL1171",-6.97327960684195
"IL11D",-5.21036037007158
"IL124a",-3.69406578460457
"IL125b",-2.37720144735501
"IL13B",-5.51356970439346
"IL14b",-0.902258535346916
"IL14C",3.82020687705492
"Ames27118",0.922883802162392
"IL18b",-1.2277295081305
"IL200e",-6.50914716589548
"IL21f",-2.6735731615551
"IL279AxRp1d",-0.0455605352663308
"IL27a",-0.884318746704384
"IL303b",-8.60946620529932
"IL318a",-7.38291455085206
"IL31a",-5.8365845648043
"IL323a",-6.96919698491296
"IL325a",-1.44383856794519
"IL328a",-2.27043067158789
"IL354a",-1.81186983860948
"IL366a",1.7121870966395
"IL368a",4.26407871387706
"IL369b",1.58162668599723
"IL370a",-3.83590774037613
"IL393a",-2.68238755576628
"IL395a",-4.93548477442795
"IL430a",-6.80243612363336
"IL437a",-8.28715533447199
"IL442a",-0.844175282887852
"IL44b",6.78173269419288
"IL451b",-4.71330828228314
"IL453b",-5.79771944765839
"IL454a",-6.03333254039008
"IL465a",-2.21771613099546
"IL47A",-0.401251735132867
"IL515a",-5.18375768004247
"IL543c",-5.71714560654246
"IL545",-3.93544271782584
"IL557a",-4.64781987911381
"IL607a",1.39749999441125
"IL611a",-5.29501176871551
"IL615a",-3.0040686980026
"IL618b",-2.49240372053929
"IL648",-2.73501131160843
"IL661a",-5.0935712097687
"IL671a",-8.93568528153177
"IL673a",-5.80183961864192
"IL676a",-5.88166644143978
"IL678a",-9.31187344573374
"IL689a",-8.56885987107
"IL692c",-3.78526193642917
"IL696a",-0.3081873508439
"IL699e",-6.20811807093067
"IL7",-1.92451960760101
"IL701e",-5.24097789205092
"IL707a",-9.0637681577939
"IL713a",-8.0479305224702
"IL729a",-4.43246779569976
"Ames27444",6.39551331368467
"IL733a",0.164736144215628
"IL744a",7.02855948806558
"IL747b",1.57258225707999
"IL751a",2.39242361364831
"IL761a",-4.79739462070734
"IL764b",7.06407531745476
"IL765a",3.34829348343977
"IL766a",5.7022386027568
"Ames27445",9.79273610402073
"IL772a",2.31369369836599
"IL773a",-4.31216595469378
"IL775a",13.9235892567448
"IL776a",3.35550658041793
"IL777a",10.2871699835186
"IL778c",5.42793828739681
"Ames27447",-1.77541393166981
"IL788a",-6.54608502788908
"IL789b",4.77075951617743
"IL791a",2.91662207810013
"IL793a",-2.75817856222093
"IL794a",-1.19803133039039
"IL795a",4.28382490344773
"IL796a",9.00574877905381
"IL797a",-2.37512672640962
"IL798c",7.29277845474217
"IL799b",0.174159083855688
"IL801a",10.7141103063808
"IL802b_Ht2",3.39624178901048
"IL803a",5.69563429479567
"IL804a",-1.76415068944084
"IL86e",-5.25387129275978
"IL91j",-5.67929570095877
"ILB5765",0.133062055689778
"ILB5870",-6.97256875235089
"ILB6011",-4.54664745524856
"Ames22032",-9.33407945917747
"Jubileeex9017",1.51513843411662
"LUTHERHILL",-1.76248035165494
"Ames22034",-4.03890856716623
"Ames22035",-6.41647948946477
"M5",-1.04414306577915
"M6388",2.7486526488861
"PI506411",6.48338295634147
"M6415",8.0317056421582
"M6421",0.319348790848984
"M822",-3.59668829594274
"Ma2402",-3.4588141828841
"Ames22036",-7.4520998785108
"Ma401",6.14721849537278
"Ma5125",-5.21436015426735
"Ma609",5.99130070441624
"Ma83608",-4.6658349573064
"MDM_1",-5.53699000826526
"MDM_12",-0.905561308590702
"MDM_15",-4.45408558150471
"MDM_16",-4.88346674887468
"MDM_17",-9.23554483014068
"MDM_18",-7.76070206010739
"MDM_19",-5.48992004332678
"MDM_2",-6.16868248364011
"MDM_20",-8.07506042114773
"MDM_21",-1.78703129895778
"MDM_23",-4.01440849426546
"MDM_5",-3.32924801073042
"MDM_6",-7.15637623856991
"MDM_8",-1.94493112647592
"MDM_9",-9.875176233337
"Ames22037",-3.91629739072604
"Ames22038",-6.83462807916998
"Me121_wb",-7.18346381430282
"Ames22040",-3.97447765300892
"Ames22041",-7.91325070619562
"Me2",-3.81415313736523
"Ames22043",-6.98268134843498
"Me2rt",-5.43196531688114
"PI558532",1.44099589038461
"MR10",0.468736940507932
"MR14",-3.67155043759098
"ND1",-9.98616781723398
"Ames22044",-2.29178235936932
"Ames22045",-6.24451321998824
"NJ159",-5.68324618964842
"NJ618",-4.53312266338678
"NJ7Y",-3.3324259414177
"Ames19288",-3.14339842571337
"Ames19323",-1.82257579068481
"OLCOTT",-4.49988082475001
"P14",-2.06461722506473
"P35",-9.25925439389867
"P39",-9.23410233546453
"P39_New",-10.0796470831991
"NSL8583",-9.0227383956019
"P39b",-8.93539336047785
"P39Le_253_60",-8.56199089468494
"P39LE_261_61",-6.920305726358
"P39M94",-8.0867139937846
"Ames22048",-9.27888769487486
"P39_x_Rp1d",-9.3739430271374
"Ames22049",-7.9190928028438
"NSL8582",-3.97875298434995
"P51xRp1d",-5.2868221015348
"NSL42805",10.0081238769742
"NSL42806",11.865678790536
"R851",9.81731511123424
"R853",16.6702252223972
"Ames23508",-5.82461422172587
"Ames23510",-2.96073389107789
"SC1441",8.74301132881015
"SC6069",3.52185337585398
"SD176",-3.11323439703491
"SD226",1.27028969751298
"SD245",-3.80771665907198
"SD277",-4.08880694147836
"SD42",-6.21693478952215
"SD469",-7.37728595843975
"SD592",-7.81289607187188
"SD789",-6.43709213220094
"SD829",-3.89580625539025
"SD883",-7.59456141468582
"SD884",-4.03428225552392
"SD908",-9.99595717623325
"SD909",-9.78650688973371
"PI358534",-6.43489415341839
"PI358536",-3.06364890630669
"PI358537",-2.87119790364031
"PI358538",-8.22562560837607
"PI358539",-3.45771758674285
"T625",3.67499177012594
"PI509045",-0.318107625854181
"V775",14.9220477561168
"V781",-9.53108704591794
"VIA5492",-3.14195904582227
"Vineland576",-6.65157879295773
"W1736",-2.75542789806191
"Ames22053",-3.10341714991309
"Ames22054",-4.65885772017486
"Ames22055",-6.44443063445052
"Ames22056",-7.14363010446157
"Ames22057",-6.5507012161428
"Ames22058",-5.736728758052
"Ames22059",-4.257280650745
"Ames22060",-2.77169177895401
"PI587152",0.180782970434226
"Ames22061",-0.865163340357278
"Ames22062",-4.49243328672851
"W6728",-3.43430514807649
"Ames22065",-8.49484826916484
"W6786",-6.24246525705091
"Ames22067",-3.52449226258403
"W822GSE",-2.43616891803431
"W85",2.08202509408541
"We01407",5.12692716995318
"We02404",7.74657070877686
"We02406",1.95473199821273
"We02412",3.89487400175511
"We03418a",11.3876808064974
"We05401",10.0577908915805
"We05407",7.57322812142158
"We05408",8.40530622743108
"We05410",11.5655223725011
"We05411",4.23005696383102
"We06409b",0.0802851310959886
"We06410",5.93003389049769
"We08408",0.893285747934686
"We08414a",-1.41196769965636
"We08417a",-3.85894192892862
"We09402",5.7401182740179
"We09413",5.62872702110995
"We09425",-2.05929516925396
"We10401",2.17095508598633
"Wh00033",8.90969070614655
"Wh00050",9.60334747401724
"Wh00051",7.68437690142865
"Wh00065",14.6386043011402
"Wh01001",8.29360304237155
"Wh03031",11.4329687078816
"Wh04020a",10.9642179731791
"Wh04036V",8.5991168336471
"Wh05032a",12.897094006188
"Wh05051",15.1127687480102
"Wh05066a",17.2294321756173
"Wh05081a",10.9913112373549
"Wh07013",14.2873052213018
"Wh07020a",14.6665168258303
"Wh07051",9.43691479482769
"Wh07061a",11.6811049881081
"Wh07165R",12.5346534092224
"Wh07166R",11.6666670113472
"Wh08022",11.5632477735506
"Wh08042",10.2071700351389
"Wh08091",9.85128216428419
"Wh08092",13.2912005974445
"Wh08115b",10.2827820520313
"Wh09009",10.5949819857768
"Wh09033",10.9293732336139
"Wh09061",11.6905722439682
"Wh09068",14.2628876981024
"Wh09075",11.3212722715582
"Wh09083",8.7168622153609
"Wh09087",7.85049259079726
"Wh09117R",11.5496325343563
"Wh09126R",9.35665485709924
"Wh09137R",12.0717475848394
"Wh09141R",8.86214373045869
"Wh10006R",4.80207302613981
"Wh10034R",9.47741366942596
"Wh10035R",9.4518448241604
"Wh10046R",14.0271903991915
"Wh10049R",10.9705933335925
"Wh10080",12.9146863988376
"Wh10110R",12.7812332514372
"Wh10113R",15.8755930008183
"Wh10140R",10.9092432563974
"Wh10163",7.62516196869024
"Wh10173V",8.2937661716404
"Wh10216V",11.8729464050282
"Wh10231V",10.6477939081923
"Wh10802R",5.29050321467131
"Wh10804R",2.00167139236885
"Wh1095407_2",7.06892275142167
"Wh92047",4.55241164692587
"Wh92054",9.0460607897232
"Wh9261",8.18433138298774
"Wh93006",10.9976359755932
"Wh93016",9.40948816242443
"Wh93017",12.084910819318
"Wh94053",10.0685844399696
"Wh95016a",9.05786099803207
"Wh96011",11.3059876545107
"Wh96034",7.42972352950818
"Wh98044",12.3377029853419
"Wh98063",9.05756692694917
"Wu00801",-3.40842119587244
"Wu00802",-6.49049219950881
"Wu04401",1.97431395466769
"Wu04806",0.995755578394868
"Wu04819",-0.805111628637141
"Wu99811",-7.40126382354137
"Wu99823",-2.8696805665101
"Wuh07177i",0.529727387625099
"Wuh07182i",9.77511216139894
"Wuh07183i",9.81350340386377
"Wuh07186i",5.05028566511732
"Wuh07413i",7.47889075704826
"Wuh07422i",7.72634766758433
"Wuh07429i",4.04962255946471
"Wuh07466i",8.08133065190969
"Wuh07469i",1.37539789580779
"Wuh07481i",6.99441358178056
"Wuh08127i",2.27698086346703
"Wuh09093i",7.31123136724403
"Wuh09097i",6.33005468571665
"Wuh09098i",10.8247997560815
"Wuh09144i",8.9949470272295
"Wuh09149i",4.11035337143403
"Wuh09150i",6.89604001250069
"Wuh09153i",5.19062073280837
"Wuh09164i",11.345501522228
"Wuh09170i",6.63147445434465
"Wuh09174i",6.20607115265791
"Wuh09183i",7.78052194924647
"Wuh09188i",5.98625526078284
"Wuh09191i",12.9554850080157
"Wuh98032",15.2795929675582
"WVG3",-7.9695754035796
