"GenoName","Starch"
"2",17.2202034
"2",17.1103401
"2",19.8493271
"2",15.6468201
"2",15.9086037
"2",16.3063087
"2",18.6026649
"2",14.4348946
"257A9",30.5207138
"257A9",26.7004147
"257A9",23.6517143
"257A9",42.7086945
"PI358527",17.4754181
"PI358527",13.3467865
"PI358527",9.0905609
"PI358527",12.3215561
"PI358527",19.1029243
"PI358527",14.6336212
"PI358527",10.714489
"PI358527",12.8267975
"PI358527",9.4836349
"PI358527",13.6319923
"PI358527",18.680439
"34f",7.4916496
"34f",5.9657478
"34f",15.1262627
"34f",11.2114182
"34f",10.8281555
"34f",17.2399445
"34f",11.3495979
"471_U6",11.6695213
"471_U6",8.5181351
"471_U6",7.9351082
"471_U6",9.8904419
"471_U6",10.9881668
"471_U6",9.6425247
"PI358531",8.9123077
"PI358531",21.0996208
"PI358531",15.8722763
"PI358531",11.9222603
"PI358531",16.7374191
"NSL8581",7.2383194
"NSL8581",6.424427
"83610b",10.0166473
"83610b",7.5374947
"83610b",17.8600655
"83610b",10.9574547
"83610b",10.3306808
"83610b",4.8031158
"83612b",11.9621582
"83612b",14.5246315
"83612b",11.1445313
"83612b",11.3628311
"83612b",12.3152885
"83612b",12.6464767
"83612b",8.0098839
"83612b",10.0546684
"83612b",6.4627953
"83612b",8.0385971
"A10579",16.4495544
"A10579",14.0478134
"A10579",11.0870132
"A10579",14.7834206
"A10579",15.0120163
"A10579",14.5845222
"A10579",20.1004677
"A10579",14.5135193
"A10579",16.5848846
"A15",38.43647
"A15",28.3575172
"A15",32.924202
"A15",34.5119476
"A15",30.2768383
"A15",31.2367821
"A15",31.1460419
"A15",36.1517715
"A15",34.3187485
"A632",31.6264954
"A632",17.1294937
"A632",29.5997505
"A632",23.4534798
"A632",35.9399643
"A632",28.7398224
"A632",30.3568497
"A632",16.2419434
"A632",39.3981819
"A632",23.4976425
"A632",32.5146408
"A648",40.0570793
"A648",43.2494965
"A648",41.6122208
"A648",43.3311691
"A648",40.8171806
"A648",44.4178772
"A648",41.4795494
"A648",39.5680809
"PI567792",17.6899643
"PI567792",15.2309151
"PI567792",19.2636757
"PI567792",15.7927055
"PI567792",17.959137
"PI567792",20.9210663
"PI567792",22.0149574
"PI567792",23.5157242
"PI567793",22.5826187
"PI567793",18.1876602
"PI567793",18.3636322
"PI567793",19.4627609
"PI567793",14.31848905
"PI567793",29.4216766
"PI567793",18.2806931
"PI567793",18.0875092
"PI567794",15.3956871
"PI567794",21.9768944
"PI567794",23.544136
"PI567794",23.3839188
"PI567794",14.634491
"PI567794",15.9140663
"A7",56.9475784
"A7",35.9806519
"A7",42.6485138
"A7",46.0988579
"A7",44.3792419
"A7",35.6438141
"A7",45.7703171
"A7",43.6019287
"A7",33.9988289
"AS11",6.6271324
"AS11",13.0976601
"AS11",14.9023399
"AS11",15.243309
"AS11",28.0386257
"AS11",10.6184235
"AS11",24.97612
"B5765",9.3420105
"B5765",5.9244194
"B5765",8.9558487
"B5765",12.1199875
"B5765",8.4422379
"B5765",5.8031387
"B5765",11.7886772
"B5765",8.2254715
"B5870",23.5464211
"B5870",18.3379364
"B5870",22.1418991
"B5870",14.3083992
"B5870",16.2133369
"B5870",15.8317528
"B5870",24.0715828
"B5870",17.9711685
"B5870",19.2574654
"B73",33.1952095
"B73",39.4364039
"B73",19.4675255
"B73",30.464077
"B73",33.6652584
"B73",35.4671173
"B73",16.7144356
"Ames22015",18.3109322
"Ames22015",20.4823608
"Ames22015",15.348259
"Ames22015",16.7696991
"Ames22015",18.9761391
"PI587126",25.989933
"PI587126",17.7624626
"PI587126",13.0909576
"PI587126",20.9926186
"PI587126",20.4875641
"PI587126",18.30690575
"PI587126",12.7336884
"PI587126",19.638382
"PI587126",18.90720555
"PI587126",21.1323395
"PI587126",20.3406525
"PI587126",17.6772232
"C15",17.8001137
"CI540",34.4545898
"CI540",37.9005394
"CI540",43.1080017
"CI540",29.2816086
"CI540",31.3072128
"CI540",37.0561028
"CI540",27.8174934
"CI540",30.2839584
"Ames22017",13.8098335
"Ames22017",15.1398811
"Ames22017",13.6843796
"Ames22017",14.8969879
"Ames22017",11.7958145
"C2",12.5421677
"C2",20.7151642
"C2",20.16436
"C2",20.5554962
"C2",17.1259499
"C2",13.52093315
"Ames22018",20.1926651
"Ames22018",22.0669746
"Ames22018",19.7292938
"Ames22018",20.9893494
"Ames22018",16.9907837
"Ames22018",22.4766045
"Ames22018",18.1455956
"Ames22018",21.4624176
"Ames22018",15.9768753
"Ames22018",24.160183
"Ames22018",19.9207191
"C23_su",20.0500908
"C23_su",18.1610451
"C23_su",13.6156082
"C23_su",22.0337524
"C23_su",17.6859779
"C23_su",15.9509125
"C23_su",11.4769974
"C23_su",14.531929
"C23_su",12.5954361
"Ames22019",16.0904198
"Ames22019",2.8017311
"Ames22019",14.8338089
"Ames22019",24.2915154
"Ames22019",18.2690277
"Ames22019",12.1969414
"Ames22019",7.7628746
"Ames22019",18.1375198
"Ames22019",19.6466255
"C27red",11.9428139
"C27red",19.3176651
"C27red",18.4621506
"C27red",17.6685448
"C27red",22.6069717
"C27red",14.2284508
"C27red",22.2937813
"Ames26812",12.7565536
"Ames26812",29.68799975
"Ames26812",24.4800072
"Ames26812",19.928093
"Ames26812",15.6113319
"Ames26812",29.0357056
"Ames26815",20.1114731
"Ames26815",14.4971466
"Ames26815",23.0593643
"Ames26815",12.3866119
"Ames26815",14.5676956
"Ames26815",18.8468132
"Ames26815",17.2643433
"Ames22020",14.1545334
"Ames22020",21.2945671
"Ames22020",17.6130905
"Ames22020",18.6275482
"Ames22020",20.7819366
"Ames22020",19.6484222
"Ames22020",17.8205452
"Ames22021",27.6553593
"Ames22021",14.3966064
"Ames22021",17.5268555
"Ames22021",27.1001644
"Ames22021",25.2661705
"Ames22021",14.7821007
"Ames22021",23.4565887
"Ames22021",22.9915619
"Ames22021",19.7870598
"Ames22021",18.3229065
"Ames22021",21.4497795
"C4",20.7249413
"C4",26.0973091
"C4",21.8494072
"C4",26.3837242
"C4",18.56781005
"C4",16.5370789
"C4",19.7421951
"C4",22.6399078
"Ames22022",13.4623947
"Ames22022",22.2638359
"Ames22022",17.00079535
"Ames22022",15.5888443
"Ames22022",16.0100708
"Ames22022",12.6555595
"Ames22022",14.1485863
"Ames23507",27.0435562
"Ames23507",28.8059616
"Ames23507",25.0690441
"Ames23507",2.3131027
"Ames23507",21.0267906
"Ames23507",22.1264915
"Ames23507",25.5624924
"Ames26813",14.2845345
"Ames26813",17.4842796
"Ames26813",19.4212074
"Ames26813",13.8695984
"Ames26813",13.9427071
"Ames26813",10.8519936
"Ames26813",13.5165596
"C5_NT",13.1377144
"C5_NT",17.4180489
"C5_NT",11.0012054
"C5_NT",21.0025291
"C5_NT",14.3230171
"C5_NT",14.5315857
"C5_NT",10.2185707
"C5_NT",11.3741837
"C65",15.9887924
"C65",21.8085976
"C65",20.7499657
"C65",12.1113129
"C65",15.022747
"C65",15.5131721
"C65",19.1741219
"C65",12.6861076
"C65",19.5308342
"C68",20.1999283
"C68",19.6695251
"C68",10.3859215
"C68",21.8149376
"C68",18.3345528
"C68",16.8295174
"C68",18.8700409
"C68Rx_552_63",12.6345787
"C68Rx_552_63",19.3788681
"C68Rx_552_63",17.9353752
"C68Rx_552_63",17.9910088
"C68Rx_552_63",12.6295433
"C68Rx_552_63",18.2009621
"C68Rx_552_63",16.5055656
"C68Rx_552_63",15.9148216
"C6A",13.7992973
"C6A",15.2368507
"C6A",16.3548126
"C6A",28.5065403
"C6A",15.0894356
"C6A",14.8907242
"C6A",20.642025
"C6A",13.7125015
"Ames22012",17.0115166
"Ames22012",15.191967
"Ames22012",19.310276
"Ames22012",17.9240608
"Ames22012",16.6813011
"Ames22012",15.6556091
"Ames22012",17.9681244
"Ames22012",15.0511208
"Ames22012",22.1413498
"Ames22013",17.9983902
"Ames22013",18.5177326
"Ames22013",18.2231407
"Ames22013",16.3721123
"Ames22013",19.6001816
"Ames22013",19.3324699
"Ames22013",12.2215309
"Ames22013",11.8012123
"Ames22013",10.3405876
"Ames22013",14.5988998
"C81",18.541851
"C81",33.652256
"C81",23.0664597
"C81",20.2366753
"C81",25.0915184
"C81",25.6111794
"C81",28.553793
"C81",18.8379555
"C81",21.8159256
"Ames22014",17.7031326
"Ames22014",17.6413612
"Ames22014",22.1757431
"Ames22014",24.9439869
"Ames22014",22.5036621
"C8w",10.9420013
"C8w",6.2888031
"Ames22024",14.9152756
"Ames22024",15.4667168
"Ames22024",19.9975624
"Ames22024",21.9537811
"DF14",21.039856
"DF14",29.6328545
"DF14",27.18369485
"DF14",28.0665264
"DF14",39.1485176
"DF14",27.7883606
"DF14",37.8144646
"DF14",21.4643345
"EP58",18.4596024
"EP58",17.6619682
"EP58",0
"EP58",23.5837135
"EP60",16.8305016
"EP60",15.0858612
"EP60",17.6695824
"EP61",15.5269699
"EP61",13.4177589
"EP61",13.6846085
"EP61",14.5283623
"EP62",16.525032
"EP62",7.8275414
"EP62",15.4568253
"EP82",7.23653985
"EP82",21.0468025
"EP82",13.7472916
"EP82",13.4439316
"EP82",14.3608818
"EP82",9.8452606
"EP83",17.0321465
"EP83",17.7929115
"EP83",18.10209465
"EP83",15.0789604
"EP83",16.535038
"EP84",9.1786156
"EP84",17.6682129
"EP84",7.8609276
"EP84",27.1161346
"EP84",27.3423004
"EP85",6.6660147
"EP85",26.4148521
"EP85",21.1886635
"EP85",9.7058792
"Fa32B",8.0306396
"Fa32B",30.6087074
"Fa32B",23.4334831
"Fa32B",5.553236
"Fa32B",10.1892939
"Fa32B",35.1623497
"PI644099",29.7191658
"PI644099",33.5749969
"PI644099",26.7291489
"PI644099",34.1928825
"PI644099",18.7969971
"PI644099",11.2828493
"G8",11.2811012
"G8",18.5133972
"G8",9.8096504
"G8",23.3388519
"G8",19.2522812
"G8",13.299778
"G8",13.7086983
"G8",19.004406
"G8",16.2859535
"GMBAB",25.13737775
"GMBAB",16.7004585
"GMBAB",19.4385147
"GMBAB",20.8033371
"PI550492",14.0427246
"PI550492",11.0725365
"PI550492",20.9566383
"PI550492",10.8876152
"PI550492",13.5516968
"PI550492",12.4538727
"PI550492",23.2426186
"PI550492",15.2383423
"PI550492",8.9047585
"I45",11.149044
"I45",13.23748244
"I45",8.3357048
"I45",6.4404564
"I45",6.1830978
"I817",23.7851334
"I817",21.4728622
"I817",13.7375984
"I817",14.2279129
"I817",14.560791
"I817",19.8715782
"I817",9.7726364
"I817",16.0625992
"I817",16.8699074
"Ames22028",15.9802055
"Ames22028",18.1244659
"Ames22028",14.7833481
"Ames22028",12.8626366
"Ames22028",10.8525658
"Ames22029",16.137989
"Ames22029",17.5334435
"Ames22029",16.0537682
"Ames22029",5.5259438
"Ames22029",14.756855
"Ames22029",15.0743523
"Ames22029",7.442112
"Ames22029",17.843895
"PI587134",10.2823715
"PI587134",18.4581413
"PI587134",16.6437416
"PI587134",17.9456367
"PI587134",15.4696045
"PI587134",17.1634827
"PI587134",24.0018654
"PI587134",16.9004326
"PI587134",12.3986702
"PI587134",13.222126
"PI587134",16.9496346
"PI587134",12.8050499
"PI587134",18.6955414
"PI587134",20.0179062
"PI587134",9.8949509
"PI587134",9.7542801
"Ia2256",17.1752892
"Ia2256",15.6449051
"Ia2256",12.1736679
"Ia2256",13.3736649
"Ia2256",18.6523438
"Ia2256",13.6899719
"Ia2256",19.6317101
"Ia2256",15.4026222
"Ia2256",17.9000397
"Ia2256",17.9837761
"Ia2256",8.7190666
"Ia2256",15.1224213
"Ia2256",14.0286446
"Ia2730",19.0556488
"Ia2730",17.6342087
"Ia2730",16.7711868
"Ia2730",28.7173443
"Ia4189",19.8159828
"Ia4189",18.7003517
"Ia4189",21.8157539
"Ia4189",14.6132355
"Ia4189",17.0833588
"Ia4189",21.1994362
"Ia4189",18.6418152
"Ia4189",12.4269867
"Ia4189",22.726944
"Ia45_1",11.1304932
"Ia45_1",12.4888992
"Ia45_1",7.6766701
"Ia45_1",22.4284821
"Ia45_2",11.8913651
"Ia45_2",9.8935547
"Ia45_2",9.6767387
"Ia45_2",17.9206047
"Ia45_2",9.0261993
"Ia453",14.4919739
"Ia453",6.6263885
"Ia453",11.8333702
"Ia453",6.3957558
"Ia453",8.3814964
"Ia453",16.855587
"Ia453",13.1896706
"Ia453",6.8192101
"Ia453",12.5108452
"Ia453",19.7582741
"Ia453",6.7579002
"Ia453",12.7441063
"Ia453",13.984951
"Ia453",17.3492947
"PI587135",11.9891968
"PI587135",14.3048553
"PI587135",20.7460709
"PI587135",24.3077202
"PI587135",19.4014473
"PI587135",16.7006264
"PI587135",17.5167351
"PI587135",18.2564926
"PI587135",10.3594933
"PI587135",19.424469
"PI587135",16.3900986
"PI587135",12.3558731
"PI587135",23.493576
"PI587135",24.7479095
"PI587135",9.4333
"PI587135",18.3092289
"PI587135",13.6524734
"PI587135",19.47446825
"Ia5220",10.4076996
"Ia5220",6.6424942
"Ia5220",10.741436
"Ia5220",8.4727364
"Ia5220",9.0116501
"Ia5261",12.3956757
"Ia5261",13.9729805
"Ia5261",18.0841904
"Ia5261",17.211853
"Ia5261",12.7490959
"Ia5261",13.8468857
"Ia5261",15.9644241
"Ia5261",14.84552195
"Ia5261",19.8591614
"Ia5261",14.5520134
"Ia59",15.4945297
"Ia59",13.4224854
"Ia59",18.7816467
"Ia59",17.7534866
"Ia59",16.92239
"Ia59",13.3274841
"Ia59",10.1666374
"Ia59",19.3348656
"Ames22025",17.664566
"Ames22025",15.1913185
"Ames22025",18.2569733
"Ames22025",21.2322693
"Ames22025",19.2291985
"Ames22025",18.0147285
"Ames22025",19.7862625
"Ames22025",24.6622238
"Ames22026",10.4949265
"Ames22026",13.1673965
"Ames22026",5.7369843
"Ames22026",2.8357086
"IaEV3002",5.6348114
"IaEV3002",9.5370483
"IaEV3002",11.9617157
"IaEV3002",21.4081777333333
"IaEV3002",10.7562599
"IaEV3002",5.9835739
"IaEV3002",9.7092896
"Ames22027",10.4338226
"Ames22027",14.9107056
"Ames22027",8.6942215
"Ames22027",15.8480415
"Ames22027",13.7546959
"Ames22027",8.6337967
"Ames22027",14.8160133
"IaEV3015",10.5897598
"IaEV3015",10.171505
"IaEV3015",10.6050873
"IaEV3015",12.7102776
"IaEV3015",10.1582794
"If825",16.423481
"If825",13.3006887
"If825",4.9267254
"If825",10.8393393
"If825",14.8683214
"If825",26.2930679
"If825",22.3256645
"If825",8.3273668
"If825",1.5201173
"If853",5.7211647
"If853",5.4175682
"If853",4.1800766
"If853",3.4370537
"If853",7.130146
"If853",0.1796913
"If853",7.2399406
"If853",3.8745499
"Ames27119",18.2526283
"Ames27119",15.1704178
"Ames27119",14.9469223
"Ames27119",23.1562424
"Ames27119",15.9512901
"Ames27119",16.8929443
"Ames27119",25.6673164
"Ames27119",13.7635117
"Ames27119",20.6637192
"Ames27119",20.2168694
"Ames27119",18.9904404
"IL103a",15.3985519
"IL103a",9.9220619
"IL103a",14.067852
"IL103a",19.8731728
"IL103a",8.7551346
"IL103a",13.2154465
"IL103a",18.3823547
"IL103a",5.1273613
"IL104g",24.5030212
"IL104g",12.2775841
"IL104g",7.8922272
"IL104g",10.6689606
"IL104g",19.0543098
"IL104g",13.0173454
"IL104g",14.1067352
"IL104g",18.8577042
"IL104g",17.2639656
"IL110K",24.534832
"IL110K",37.2036209
"IL110K",28.13834
"IL110K",29.4016323
"IL110K",23.9677124
"IL112t",15.7443886
"IL112t",10.8898506
"IL112t",14.4124146
"IL112t",8.8353958
"IL112t",18.675293
"IL112t",19.9978714
"IL112t",19.9326515
"IL112t",18.0691185
"IL1171",17.6214676
"IL1171",8.1594162
"IL1171",7.4435463
"IL1171",14.1124153
"IL1171",15.3596535
"IL1171",25.3317242
"IL1171",15.0140343
"IL1171",8.1976967
"IL1171",18.0985069
"IL11D",11.1740761
"IL11D",10.0830688
"IL11D",12.5437317
"IL11D",19.0892334
"IL11D",12.0582047
"IL11D",14.6657486
"IL11D",17.0004158
"IL11D",14.3962154
"IL124a",13.5115356
"IL124a",25.1154976
"IL124a",13.5966454
"IL124a",9.9466095
"IL124a",15.7650719
"IL124a",9.5494652
"IL124a",11.039299
"IL124a",7.8535843
"IL124a",12.7803421
"IL125b",10.3679085
"IL125b",9.4806938
"IL125b",14.9233475
"IL125b",9.5276756
"IL125b",12.5425301
"IL125b",17.0316353
"IL14b",12.6326218
"IL14b",12.8425674
"IL14b",7.9968681
"IL14b",13.7637672
"IL14b",18.8206825
"IL14b",14.7586975
"IL14b",NA
"IL14C",10.9247971
"IL14C",8.5313721
"IL14C",12.1893654
"IL14C",16.2510681
"IL14C",11.0575752
"IL14C",12.6585045
"IL14C",8.3944397
"IL14C",14.2057991
"Ames27118",6.2472649
"Ames27118",4.1637878
"Ames27118",17.0366707
"Ames27118",8.9821091
"Ames27118",17.4039764
"Ames27118",15.990345
"Ames27118",15.9624672
"Ames27118",11.4894829
"Ames27118",10.9341393
"Ames27118",17.4681015
"Ames27118",14.0221138
"Ames27118",6.869091
"Ames27118",19.1747551
"IL18b",9.5285988
"IL18b",10.5895348
"IL18b",6.244503
"IL18b",10.9584541
"IL18b",11.9079552
"IL18b",11.4947052
"IL18b",13.2287521
"IL18b",8.8091812
"IL200e",24.4802551
"IL200e",17.6521416
"IL200e",17.6535378
"IL200e",14.60149
"IL200e",17.3122444
"IL200e",17.4271889
"IL200e",17.8791618
"IL200e",12.8586197
"IL21f",10.9483414
"IL21f",22.4968185
"IL21f",17.2782326
"IL21f",13.8248482
"IL21f",14.6309052
"IL21f",12.9029121
"IL279AxRp1d",19.283886
"IL279AxRp1d",17.4825478
"IL279AxRp1d",20.0471497
"IL27a",22.4542732
"IL27a",21.1424637
"IL27a",20.9587212
"IL27a",20.1194077
"IL27a",19.4365082
"IL27a",17.4212379
"IL27a",24.9447556
"IL27a",21.2317772
"IL27a",17.8233948
"IL303b",20.2542953
"IL303b",18.3353996
"IL303b",27.597723
"IL303b",27.0546627
"IL303b",20.9421043
"IL303b",22.4842834
"IL303b",14.5551491
"IL303b",31.3916016
"IL318a",11.4254837
"IL318a",8.6261024
"IL318a",13.9183617
"IL31a",12.9744415
"IL31a",13.3902664
"IL31a",12.0258751
"IL31a",17.4043465
"IL31a",17.7876205
"IL31a",22.9842262
"IL31a",12.0042229
"IL323a",19.2643204
"IL323a",12.5317802
"IL323a",16.5793953
"IL323a",25.22086715
"IL323a",28.0828743
"IL323a",16.2162971
"IL323a",14.1848717
"IL323a",21.5532188
"IL323a",14.1669044
"IL323a",11.3728027
"IL325a",14.2887878
"IL325a",9.3829155
"IL325a",10.2557106
"IL325a",16.1643906
"IL325a",7.4272423
"IL325a",10.0968361
"IL325a",9.1673431
"IL328a",10.8054237
"IL328a",17.4788589
"IL328a",20.7984047
"IL328a",12.2172394
"IL328a",16.7433014
"IL328a",15.3052063
"IL328a",14.3782845
"IL328a",19.9223633
"IL354a",12.797493
"IL354a",4.3707657
"IL354a",13.952198
"IL354a",18.8208694
"IL354a",15.3612137
"IL354a",17.3912506
"IL354a",11.910244
"IL354a",7.9983597
"IL354a",14.5207062
"IL366a",16.0059586
"IL366a",15.8211327
"IL366a",18.6581039
"IL366a",13.2296371
"IL366a",13.2687836
"IL368a",7.9182854
"IL368a",4.9681358
"IL368a",13.6500473
"IL368a",8.6823196
"IL368a",13.3449974
"IL368a",12.7706528
"IL369b",13.6967049
"IL369b",15.5835381
"IL369b",13.6739464
"IL369b",11.3862152
"IL369b",15.2961845
"IL370a",12.759716
"IL370a",24.3965454
"IL370a",18.4900208
"IL370a",11.3623314
"IL370a",18.2292519
"IL370a",27.4859848
"IL370a",27.0641766
"IL393a",16.2156143
"IL393a",26.436285
"IL393a",11.9990959
"IL393a",10.8279572
"IL393a",11.6880188
"IL393a",19.3017693
"IL393a",10.7888794
"IL393a",16.9555435
"IL395a",5.9824066
"IL395a",7.9009628
"IL395a",11.7813416
"IL395a",10.0365944
"IL395a",8.7905769
"IL395a",13.144886
"IL430a",19.1044502
"IL430a",17.9053955
"IL430a",12.8080177
"IL430a",20.4343033
"IL430a",16.3391418
"IL430a",16.4854584
"IL430a",12.086113
"IL437a",18.7350197
"IL437a",16.0600243
"IL437a",16.0246429
"IL437a",19.5754662
"IL437a",20.6834908
"IL437a",17.505146
"IL437a",20.1264852
"IL437a",16.1497459
"IL437a",18.3907738
"IL442a",9.6294022
"IL442a",12.0080414
"IL442a",11.6185608
"IL442a",13.2458267
"IL442a",15.5230522
"IL44b",7.0224724
"IL44b",4.8832092
"IL44b",9.3137436
"IL44b",6.4144287
"IL44b",10.1419754
"IL44b",8.4684982
"IL44b",7.0195236
"IL44b",5.8889656
"IL451b",18.1125603
"IL451b",21.5208321
"IL451b",15.8073921
"IL451b",10.9661865
"IL451b",28.7737446
"IL451b",22.4637451
"IL451b",20.4462776
"IL451b",30.525156
"IL451b",12.2899933
"IL453b",15.3644333
"IL453b",13.9114265
"IL453b",15.1604233
"IL453b",20.0272598
"IL453b",12.4660072
"IL453b",12.6595497
"IL453b",9.8459435
"IL453b",18.2248116
"IL453b",6.8265495
"IL454a",16.2668533
"IL454a",10.1003036
"IL454a",13.8733215
"IL454a",8.1455879
"IL454a",9.0652542
"IL454a",11.8622856
"IL454a",17.2363472
"IL465a",14.432869
"IL465a",18.2359543
"IL465a",15.0935822
"IL465a",9.4496307
"IL465a",15.766098
"IL465a",15.5806618
"IL465a",5.1518745
"IL47A",14.4201508
"IL47A",17.5058098
"IL47A",14.0514832
"IL47A",17.6483917
"IL47A",16.1040497
"IL47A",14.8899841
"IL47A",19.2494774
"IL47A",15.7030258
"IL515a",16.5741386
"IL515a",21.2365112
"IL515a",24.1468658
"IL515a",12.283596
"IL515a",19.3570137
"IL515a",19.2689018
"IL515a",28.422905
"IL543c",12.4879379
"IL543c",15.6346397
"IL543c",6.8499641
"IL543c",9.7277069
"IL543c",11.7381439
"IL543c",8.7716103
"IL543c",9.1964417
"IL545",11.2936287
"IL545",17.4957581
"IL545",15.3026047
"IL545",11.120121
"IL545",14.5200691
"IL545",12.1376915
"IL545",16.1975479
"IL557a",10.264061
"IL557a",14.6209373
"IL557a",13.0289154
"IL557a",17.5656357
"IL557a",14.014946
"IL557a",5.9397087
"IL557a",18.5061226
"IL557a",15.4028091
"IL557a",3.0019264
"IL607a",9.8966789
"IL607a",10.283699
"IL607a",7.5090485
"IL607a",10.6440353
"IL607a",16.8422546
"IL607a",6.5949707
"IL607a",10.289814
"IL611a",13.9070892
"IL611a",13.2535782
"IL611a",14.1299744
"IL611a",14.1072807
"IL611a",10.7848434
"IL611a",10.8985672
"IL611a",0.3819237
"IL611a",16.048542
"IL611a",11.0278969
"IL611a",5.829258
"IL611a",15.2012939
"IL611a",13.8768196
"IL615a",14.9515038
"IL615a",12.8077431
"IL615a",18.120121
"IL615a",15.8540573
"IL615a",17.4155502
"IL615a",18.7930565
"IL618b",12.0091171
"IL618b",15.6769943
"IL618b",16.638588
"IL648",12.4802513
"IL648",11.7522697
"IL648",12.2659569
"IL648",16.8473244
"IL661a",0.9944534
"IL661a",5.6648788
"IL661a",18.8184471
"IL661a",12.6505661
"IL661a",10.1887589
"IL661a",11.5319595
"IL661a",12.2835808
"IL671a",19.8959885
"IL671a",16.1629219
"IL671a",25.8683758
"IL671a",21.7018013
"IL671a",24.0401802
"IL671a",27.8203583
"IL673a",20.8475876
"IL673a",14.3374367
"IL673a",20.4863815
"IL673a",18.1425705
"IL673a",19.3785095
"IL673a",13.265564
"IL676a",20.4985237
"IL676a",17.5583038
"IL676a",17.6486626
"IL676a",19.2681923
"IL676a",17.0418968
"IL676a",21.5231476
"IL676a",22.1877899
"IL676a",22.8980484
"IL678a",9.1750488
"IL678a",18.3720284
"IL678a",13.6130104
"IL678a",11.6274643
"IL678a",5.6507378
"IL678a",15.2841568
"IL678a",15.6027069
"IL678a",11.6132698
"IL689a",16.4494438
"IL689a",17.1716652
"IL689a",16.4404907
"IL689a",11.8742294
"IL689a",12.6737747
"IL689a",15.9476776
"IL689a",11.3386459
"IL689a",18.7300987
"IL689a",9.2812958
"IL692c",15.57724
"IL692c",18.8321075
"IL692c",15.1030846
"IL692c",18.077137
"IL692c",16.6811028
"IL692c",14.5613708
"IL692c",17.0912514
"IL692c",20.9327049
"IL696a",3.1791229
"IL696a",1.9912987
"IL696a",10.708477
"IL696a",4.6235695
"IL696a",3.8295135
"IL696a",17.8404045
"IL696a",2.6074944
"IL696a",4.2455978
"IL696a",10.9347267
"IL696a",6.1190796
"IL699e",19.0829964
"IL699e",16.5441437
"IL699e",20.1830711
"IL699e",15.9060631
"IL7",11.7316475
"IL7",19.3981323
"IL7",14.7751312
"IL7",19.4824905
"IL7",16.4794273
"IL701e",17.2453575
"IL701e",19.1793022
"IL701e",11.8385239
"IL701e",16.8651543
"IL707a",16.9406204
"IL707a",15.8614044
"IL707a",9.8048286
"IL707a",14.7252922
"IL707a",5.737442
"IL707a",23.562294
"IL713a",24.2820244
"IL713a",23.7853355
"IL713a",16.635128
"IL713a",15.676445
"IL713a",22.1573563
"IL713a",24.2340393
"IL713a",22.5488586
"IL729a",11.5357513
"IL729a",4.1789055
"IL729a",31.1856976
"IL729a",13.6618614
"IL729a",9.8943291
"IL729a",9.7415314
"IL729a",5.8381042
"IL729a",13.1745834
"Ames27444",0.5841942
"Ames27444",0.5066605
"Ames27444",0
"Ames27444",NA
"Ames27444",0.8527374
"Ames27444",2.5198097
"Ames27444",0.0280342
"IL733a",0.4952011
"IL733a",2.3072014
"IL733a",7.3137398
"IL733a",12.7550163
"IL733a",11.3815765
"IL733a",13.4595528
"IL733a",11.121376
"IL744a",2.0961761
"IL744a",6.7891159
"IL744a",3.6953239
"IL744a",6.5203552
"IL744a",6.0756912
"IL744a",4.0948906
"IL747b",4.3872566
"IL747b",23.0054703
"IL747b",0
"IL747b",3.303936
"IL747b",5.658432
"IL747b",8.3976059
"IL747b",9.5035095
"IL747b",0
"IL747b",15.6682014
"IL747b",4.8574829
"IL751a",9.1126747
"IL751a",10.5648193
"IL751a",5.9726067
"IL751a",5.7890663
"IL747b",4.4886055
"IL747b",5.6421509
"IL747b",7.6725883
"IL747b",14.271801
"IL747b",5.5638618
"IL747b",8.0736923
"IL747b",6.2554207
"IL761a",18.00967405
"IL761a",22.0623055
"IL761a",14.0132027
"IL761a",18.8340797
"IL761a",16.7705917
"IL764b",4.1183853
"IL764b",2.9745598
"IL764b",5.3831215
"IL764b",5.0650597
"IL764b",2.8151321
"IL764b",4.7598724
"IL765a",6.503643
"IL765a",5.5331268
"IL765a",4.7030716
"IL765a",5.06696705
"IL765a",6.6263123
"IL765a",7.7157822
"IL766a",4.9337921
"IL766a",6.7515335
"IL766a",6.1302071
"IL766a",0
"IL766a",10.2680054
"IL766a",12.5010872
"IL766a",7.0598564
"IL766a",3.9300156
"IL766a",9.45708655
"IL766a",3.5071144
"Ames27445",6.0908432
"Ames27445",10.5678864
"Ames27445",5.4047852
"Ames27445",5.0926933
"Ames27445",10.296669
"Ames27445",5.7363968
"Ames27445",6.6518021
"IL772a",9.8001938
"IL772a",14.5618172
"IL772a",0
"IL772a",26.4474468
"IL772a",6.9439087
"IL772a",9.619648
"IL772a",25.6327686
"IL772a",3.5786705
"IL772a",7.7879295
"IL772a",8.3085556
"IL773a",12.6291466
"IL773a",10.5449905
"IL773a",13.6629677
"IL773a",6.2032738
"IL773a",9.051281
"IL773a",8.5925903
"IL775a",12.4704933
"IL775a",1.5899658
"IL775a",0.4407845
"IL775a",0.6168633
"IL775a",7.2892838
"IL776a",6.7312698
"IL776a",5.2499924
"IL776a",3.9898911
"IL776a",4.0085182
"IL776a",9.9916992
"IL776a",5.0802803
"IL776a",12.1311665
"IL777a",8.5431786
"IL777a",3.9967766
"IL777a",5.2968292
"IL777a",11.6409187
"IL777a",8.6660309
"IL777a",6.9490547
"IL777a",5.7999687
"IL777a",10.9672661
"IL777a",10.3328094
"IL778c",1.0031815
"IL778c",0
"IL778c",10.5006828
"IL778c",0
"IL778c",1.774189
"IL778c",8.7536392
"IL778c",3.020092
"IL778c",1.3330536
"Ames27447",11.5631371
"Ames27447",7.2343025
"Ames27447",2.304924
"Ames27447",10.3327217
"Ames27447",12.8822517
"Ames27447",15.4884949
"Ames27447",11.3629303
"Ames27447",9.2720337
"Ames27447",3.0664024
"Ames27447",3.300766
"Ames27447",16.5993118
"IL788a",18.7540588
"IL788a",22.7593918
"IL788a",18.9927483
"IL788a",15.6688232
"IL788a",13.8201637
"IL788a",24.1271133
"IL788a",17.2636757
"IL788a",19.07547
"IL788a",13.8084106
"IL788a",16.6812668
"IL789b",10.0936737
"IL789b",10.5803986
"IL789b",10.1318207
"IL791a",7.630497
"IL791a",5.4756432
"IL793a",14.2007103
"IL793a",12.9896431
"IL793a",14.3982048
"IL793a",16.0836029
"IL793a",18.5754356
"IL793a",15.6654625
"IL793a",17.0461502
"IL793a",15.4423332
"IL794a",16.438858
"IL794a",17.4823494
"IL794a",14.2279434
"IL794a",6.1155548
"IL794a",15.588623
"IL794a",15.328495
"IL795a",5.7156715
"IL795a",5.3924065
"IL795a",7.811821
"IL795a",7.739193
"IL795a",12.7264328
"IL795a",2.8403625
"IL795a",4.6005516
"IL795a",5.6630402
"IL796a",4.0118523
"IL796a",2.6105499
"IL796a",5.2224464
"IL796a",2.6996651
"IL796a",2.4749336
"IL796a",4.4813118
"IL796a",6.9772606
"IL796a",4.3355293
"IL797a",3.8773155
"IL797a",11.2907066
"IL797a",8.9661407
"IL797a",18.1102753
"IL797a",3.4597778
"IL797a",3.8360634
"IL797a",9.0948715
"IL797a",12.12537
"IL797a",6.4423943
"IL797a",6.6947365
"IL798c",7.487957
"IL798c",8.4648666
"IL798c",3.4421158
"IL798c",3.8127975
"IL798c",1.996151
"IL799b",16.2945709
"IL799b",6.9763145
"IL799b",12.7937813
"IL799b",7.9343834
"IL799b",9.5126534
"IL799b",9.6998672
"IL799b",10.0096169
"IL799b",10.9733772
"IL799b",9.8408394
"IL801a",5.574913
"IL801a",5.6904716
"IL801a",3.7993431
"IL801a",4.468626
"IL802b_Ht2",0
"IL802b_Ht2",7.2887115
"IL802b_Ht2",13.7580948
"IL802b_Ht2",9.9673233
"IL802b_Ht2",3.5616913
"IL802b_Ht2",0
"IL802b_Ht2",4.0469131
"IL802b_Ht2",10.3115845
"IL802b_Ht2",5.6856842
"IL803a",5.5542984
"IL803a",10.8932648
"IL803a",5.2616081
"IL803a",4.0963211
"IL803a",8.6240082
"IL803a",11.0781059
"IL803a",8.5289078
"IL803a",0.4174919
"IL803a",10.488884
"IL804a",7.455265
"IL804a",4.9773712
"IL804a",5.9318504
"IL804a",0.643074
"IL804a",3.9095955
"IL804a",2.7185211
"IL86e",22.7645721
"IL86e",12.492775
"IL86e",13.1955414
"IL86e",13.6726112
"IL86e",14.0651627
"IL86e",28.0749741
"IL91j",18.4012527
"IL91j",14.9137573
"IL91j",14.4534416
"IL91j",18.5111465
"IL91j",15.434288
"IL91j",13.4573135
"IL91j",19.0984917
"ILB5765",9.0997353
"ILB5765",7.0654449
"ILB5765",8.2155991
"ILB5765",10.5429039
"ILB5765",7.4233131
"ILB5765",9.0079117
"ILB5765",9.0792809
"ILB5870",11.7837143
"ILB5870",22.3235512
"ILB5870",18.7182045
"ILB5870",10.3908691
"ILB5870",15.8234367
"ILB5870",21.1974564
"ILB5870",18.5705147
"ILB5870",22.3871536
"ILB5870",17.9818878
"ILB6011",16.4974022
"ILB6011",17.2048416
"ILB6011",17.3177567
"ILB6011",15.3036919
"ILB6011",16.4682922
"ILB6011",15.0962906
"ILB6011",16.2628517
"Ames22032",18.5682068
"Ames22032",19.0059662
"Ames22032",20.5083694
"Ames22032",21.0014572
"Ames22032",19.8179436
"Ames22032",24.3810425
"Ames22032",19.4349403
"Ames22032",23.2136726
"Ames22032",22.4526634
"Jubileeex9017",16.2812996
"Jubileeex9017",7.792942
"LUTHERHILL",16.6613121
"LUTHERHILL",19.9017448
"LUTHERHILL",18.3437119
"LUTHERHILL",19.791851
"LUTHERHILL",18.2769089
"LUTHERHILL",16.1027641
"LUTHERHILL",13.3202934
"LUTHERHILL",19.4402962
"LUTHERHILL",11.8476982
"LUTHERHILL",12.5438004
"LUTHERHILL",12.5402679
"Ames22034",16.6734848
"Ames22034",18.771843
"Ames22034",23.341691
"Ames22034",13.4920807
"Ames22034",20.0581551
"Ames22035",17.891613
"Ames22035",23.590519
"Ames22035",16.0894318
"Ames22035",18.3826447
"Ames22035",17.4932137
"Ames22035",15.8989716
"Ames22035",13.9645424
"Ames22035",15.8743362
"M5",8.9245834
"M5",12.4673958
"M5",9.7300529
"M5",11.499588
"M5",11.6145363
"M5",12.0086174
"M5",15.4867249
"M5",11.3632011
"M6388",30.3670158
"M6388",25.4499779
"M6388",26.1474037
"M6388",11.2311773
"PI506411",18.7587051
"PI506411",20.1736412
"PI506411",15.9364882
"PI506411",5.1717997
"PI506411",23.2285881
"M6415",27.3871155
"M6415",25.3559303
"M6415",0
"M6415",16.8674088
"M6415",3.5796604
"M6421",14.8057299
"M6421",32.7703972
"M6421",20.2407532
"M6421",31.7269707
"M6421",25.3130302
"M822",17.0047073
"M822",12.6132622
"M822",12.8827438
"M822",13.474411
"M822",12.9863701
"M822",14.9373512
"M822",19.163662
"M822",13.2537231
"Ma2402",10.830574
"Ma2402",14.7321739
"Ma2402",16.5080643
"Ma2402",15.493969
"Ma2402",16.3351669
"Ma2402",19.7009735
"Ma2402",10.2377167
"Ma2402",31.4535007
"Ma2402",13.6448898
"Ma2402",14.6536255
"Ames22036",21.8707123
"Ames22036",17.6264191
"Ames22036",17.0340347
"Ames22036",19.6522827
"Ames22036",24.3856277
"Ames22036",28.0957775
"Ma401",7.8516846
"Ma401",9.8017273
"Ma401",7.1367912
"Ma401",12.1327896
"Ma401",9.3609428
"Ma401",9.983429
"Ma401",10.563652
"Ma5125",13.7356453
"Ma5125",15.1008224
"Ma5125",11.7141647
"Ma5125",17.1318665
"Ma5125",8.1120529
"Ma5125",5.9114304
"Ma5125",16.3342056
"Ma609",0.3305359
"Ma609",0
"Ma609",0.517067
"Ma83608",19.8422127
"Ma83608",14.8708801
"Ma83608",13.7804375
"Ma83608",21.218689
"Ma83608",14.2522354
"Ma83608",13.0236969
"Ma83608",15.366951
"Ma83608",13.3146782
"Ma83608",16.3540306
"MDM_1",18.5750313
"MDM_1",10.3395233
"MDM_1",15.8756943
"MDM_1",14.4920578
"MDM_1",18.2899895
"MDM_1",18.7521248
"MDM_1",16.6870461
"MDM_1",12.3879242
"MDM_1",13.9723511
"MDM_1",17.03339
"MDM_12",15.2104416
"MDM_12",12.8383675
"MDM_12",10.0185928
"MDM_12",7.7397346
"MDM_12",14.9412537
"MDM_12",10.2106705
"MDM_12",18.4400864
"MDM_15",19.5849838
"MDM_15",11.3199348
"MDM_15",15.3575935
"MDM_15",15.6767921
"MDM_15",20.0316658
"MDM_15",22.2251549
"MDM_15",23.5981712
"MDM_16",20.9351578
"MDM_16",21.5109329
"MDM_16",21.0880585
"MDM_16",18.2932968
"MDM_16",15.35215
"MDM_16",17.7729301
"MDM_16",16.35494995
"MDM_16",23.6843147
"MDM_16",17.4874268
"MDM_17",22.8824539
"MDM_17",18.9463806
"MDM_17",23.01935195
"MDM_17",17.3989487
"MDM_17",26.9083652
"MDM_17",19.2012863
"MDM_17",27.0361328
"MDM_17",15.4970474
"MDM_18",26.4266548
"MDM_18",19.9472275
"MDM_18",22.5100021
"MDM_18",21.6618385
"MDM_18",22.0394478
"MDM_18",22.022644
"MDM_18",21.950489
"MDM_19",15.402298
"MDM_19",12.1548691
"MDM_19",20.3277168
"MDM_19",8.597229
"MDM_19",23.4349823
"MDM_19",17.740654
"MDM_2",18.9033699
"MDM_2",16.9291763
"MDM_2",10.3757744
"MDM_2",9.8387909
"MDM_2",16.7254372
"MDM_2",10.0687408
"MDM_2",11.4343719
"MDM_2",15.9496994
"MDM_20",47.3461533
"MDM_20",20.1976433
"MDM_20",26.5768089
"MDM_20",31.8691425
"MDM_20",28.3940315
"MDM_20",13.4472504
"MDM_20",25.6255379
"MDM_21",15.5792809
"MDM_21",14.483696
"MDM_21",19.1464958
"MDM_21",10.0119286
"MDM_21",14.190609
"MDM_21",11.3619041
"MDM_21",19.2326355
"MDM_23",19.6257591
"MDM_23",4.6551361
"MDM_23",9.3068466
"MDM_23",13.7831955
"MDM_5",15.6714516
"MDM_5",14.2501984
"MDM_5",13.1353683
"MDM_5",13.3200836
"MDM_5",16.3336525
"MDM_5",17.4678802
"MDM_5",20.4821892
"MDM_5",17.2682762
"MDM_5",17.1389389
"MDM_5",18.6211624
"MDM_6",12.9122467
"MDM_6",9.4094734
"MDM_8",14.7865944
"MDM_8",15.8087502
"MDM_8",12.7554283
"MDM_8",14.9823914
"MDM_8",15.0073662
"MDM_8",12.8275833
"MDM_8",15.7024231
"MDM_8",11.6432915
"MDM_9",14.9397316
"MDM_9",16.6048813
"MDM_9",16.7852402
"MDM_9",26.5365276
"MDM_9",29.1926289
"MDM_9",7.6433868
"MDM_9",25.8599472
"MDM_9",9.8462296
"MDM_9",16.8708496
"Ames22037",19.6608925
"Ames22037",13.8246422
"Ames22037",19.8088837
"Ames22037",16.381424
"Ames22037",18.2991791
"Ames22037",15.9782677
"Ames22037",21.7584343
"Ames22038",22.0770226
"Ames22038",23.7762604
"Ames22038",24.6807137
"Ames22038",20.4960709
"Ames22038",21.1680107
"Ames22038",21.4445343
"Ames22038",22.410614
"Ames22038",18.8032265
"Ames22038",19.1081352
"Ames22038",22.9770432
"Me121_wb",28.5022717
"Me121_wb",9.1091576
"Me121_wb",16.7561493
"Me121_wb",26.4854984
"Me121_wb",10.01828
"Me121_wb",21.3102264
"Me121_wb",15.7939911
"Me121_wb",20.3951035
"Ames22040",17.7255096
"Ames22040",16.6036682
"Ames22040",14.575264
"Ames22040",15.4947929
"Ames22040",21.5382652
"Ames22040",19.2066307
"Ames22040",18.1700058
"Ames22041",22.6034546
"Ames22041",20.9850121
"Ames22041",24.3638153
"Ames22041",22.5509911
"Ames22041",17.0779419
"Ames22041",18.3683205
"Ames22041",22.4033241
"Ames22041",23.7237701
"Me2",15.3304977
"Me2",11.0151863
"Me2",20.8118553
"Me2",15.495636
"Me2",14.0110397
"Me2",15.4270592
"Ames22043",22.0631905
"Ames22043",21.7577324
"Ames22043",21.9112244
"Ames22043",22.1600647
"Ames22043",16.3355827
"Ames22043",20.6662331
"Me2rt",23.3215256
"Me2rt",18.6341095
"Me2rt",21.1425629
"Me2rt",18.0390854
"Me2rt",17.1208611
"Me2rt",16.9867973
"Me2rt",15.4084587
"Me2rt",16.8927498
"PI558532",24.7004547
"PI558532",15.1526651
"PI558532",29.0955391
"PI558532",18.22892
"PI558532",19.6307755
"MR10",17.9076538
"MR10",16.2327995
"MR10",32.1951561
"MR10",26.938427
"MR10",34.9404907
"MR10",11.9862413
"MR10",34.4897614
"ND1",41.70923615
"ND1",37.3834152
"ND1",35.255249
"ND1",43.270546
"ND1",44.4026909
"ND1",45.4121437
"ND1",44.0336151
"Ames22044",10.8087807
"Ames22044",17.9777489
"Ames22044",15.6692047
"Ames22044",16.1536865
"Ames22044",13.3669624
"Ames22044",15.8867073
"Ames22044",12.4279099
"Ames22044",16.691246
"Ames22044",12.1140289
"Ames22045",18.6232414
"Ames22045",11.7821007
"Ames22045",12.2847633
"Ames22045",10.2459641
"NJ159",14.2322388
"NJ159",22.3102722
"NJ159",22.5843849
"NJ159",21.2167358
"NJ159",16.782753
"NJ159",13.7351532
"NJ159",24.4344406
"NJ159",21.0439377
"NJ618",26.84471588
"NJ618",13.6641655
"NJ618",12.9935226
"NJ618",11.0609245
"NJ618",18.6998863
"NJ618",22.6908436
"NJ618",17.2812042
"NJ7Y",11.1831932
"NJ7Y",5.4996605
"NJ7Y",7.7765427
"Ames19288",38.2042427
"Ames19288",31.7994715333333
"Ames19288",37.7740021
"Ames19288",19.7292404
"Ames19288",32.8780619333333
"Ames19288",27.8460865
"Ames19288",28.6989708
"Ames19288",37.56038285
"Ames19323",35.438652
"Ames19323",23.5467033
"OLCOTT",18.98209
"OLCOTT",13.4618568
"OLCOTT",13.0536575
"OLCOTT",14.2699776
"OLCOTT",13.089241
"OLCOTT",12.8057442
"P14",14.3440361
"P14",14.1409416
"P14",15.3783073
"P14",16.8452415
"P14",14.1336098
"P14",16.2487411
"P14",16.2218208
"P14",15.3570862
"P14",17.0390167
"P35",18.1892395
"P35",16.9116936
"P35",19.9873276
"P35",12.503479
"P35",17.7403259
"P35",14.555603
"P35",19.6789856
"P35",20.184227
"P39",16.0025978
"P39",21.9622688
"P39",23.3739395
"P39",19.8386307
"P39",NA
"P39",14.8506203
"P39",21.7385902
"P39",16.1405163
"P39",13.4325981
"P39",16.8015137
"P39",16.4695435
"P39",21.6010818
"P39",13.6995583
"P39",11.78484155
"P39",22.8645554
"P39",20.0485992
"P39",19.9319534
"P39",24.9414577
"P39",13.6819954
"P39",19.753006
"P39",15.4846535
"P39",12.3221321
"P39",16.3577499
"P39",16.9919205
"P39",20.9903831
"P39",17.6393738
"P39",16.492569
"P39",21.2219086
"P39",16.1248474
"P39",19.6702309
"P39",25.4331074
"P39",18.9169846
"P39",25.5865231
"P39",18.5751534
"P39",14.1679382
"P39",16.7620277
"P39",22.0510521
"P39",18.9986076
"P39",13.1568985
"P39",17.4248276
"P39",18.9741249
"P39",21.9120178
"P39",16.5414886
"P39",13.2527618
"P39",21.3867111
"P39",17.0957031
"P39",18.3239479
"P39",30.459528
"P39",8.2699165
"P39",14.2192612
"P39",17.5288391
"P39",20.4540825
"P39_New",20.1606369
"P39_New",21.5357323
"P39_New",15.5406342
"P39_New",21.0773048
"P39_New",25.3829937
"P39_New",21.4529495
"P39_New",22.5975761
"P39_New",18.3464165
"NSL8583",15.4755058
"NSL8583",17.125164
"NSL8583",16.5913429
"NSL8583",NA
"NSL8583",25.1919689
"NSL8583",17.0914307
"NSL8583",20.6084709
"NSL8583",13.0355377
"NSL8583",17.2420235
"NSL8583",20.3608017
"P39b",15.5848312
"P39b",26.1159229
"P39b",20.3384514
"P39b",16.2673454
"P39b",31.5100155
"P39b",18.4939537
"P39Le_253_60",24.3110733
"P39Le_253_60",14.6987152
"P39Le_253_60",21.7826195
"P39Le_253_60",15.2205582
"P39Le_253_60",21.2781105
"P39Le_253_60",19.5560036
"P39Le_253_60",18.4065781
"P39Le_253_60",15.2014923
"P39Le_253_60",22.3738594
"P39LE_261_61",16.4505234
"P39LE_261_61",17.4359779
"P39LE_261_61",25.045929
"P39LE_261_61",20.4247093
"P39LE_261_61",13.7957993
"P39LE_261_61",11.4908638
"P39LE_261_61",19.1225395
"P39LE_261_61",13.9340439
"P39M94",21.6661415
"P39M94",18.2588882
"P39M94",22.9040794
"P39M94",28.2110043
"P39M94",28.2742119
"P39M94",22.7823792
"P39M94",28.8371124
"P39M94",17.213604
"Ames22048",19.149704
"Ames22048",15.7098961
"Ames22048",27.3260574
"Ames22048",29.7093658
"Ames22048",19.2861176
"Ames22048",16.1498756
"Ames22048",27.2220078
"Ames22048",30.1097775
"P39_x_Rp1d",13.9881134
"P39_x_Rp1d",19.0492134
"P39_x_Rp1d",15.9777794
"P39_x_Rp1d",18.9678001
"P39_x_Rp1d",14.9340477
"P39_x_Rp1d",19.5583725
"P39_x_Rp1d",21.8921242
"P39_x_Rp1d",15.4271545
"P39_x_Rp1d",14.5402985
"P39_x_Rp1d",18.7950668
"P39_x_Rp1d",18.3681602
"Ames22049",18.2267265
"Ames22049",15.2173882
"Ames22049",20.6891632
"Ames22049",13.3856697
"Ames22049",20.1376305
"Ames22049",13.5902252
"Ames22049",18.8187637
"Ames22049",19.0937729
"Ames22049",13.7116318
"NSL8582",17.3976135
"NSL8582",14.5596695
"NSL8582",18.3294945
"NSL8582",17.172802
"NSL8582",18.7370911
"NSL8582",12.1917534
"NSL8582",18.0544052
"P51xRp1d",16.5624886
"P51xRp1d",19.2631264
"P51xRp1d",19.4439354
"P51xRp1d",12.7957573
"P51xRp1d",12.5871735
"P51xRp1d",13.0606422
"P51xRp1d",16.3912773
"P51xRp1d",19.0813065
"NSL42805",34.1989098
"NSL42805",6.697175
"NSL42805",17.5374908
"NSL42805",27.1181984
"NSL42805",16.4815331
"NSL42805",14.6932135
"NSL42805",2.4847593
"NSL42805",11.6698008
"NSL42806",16.0196609
"NSL42806",15.5257692
"NSL42806",14.6436586
"NSL42806",3.4274273
"NSL42806",0
"NSL42806",23.5295563
"NSL42806",13.517539
"NSL42806",26.5771828
"R851",5.1619339
"R851",22.0233917
"R851",14.5600672
"R851",10.7697077
"R851",8.3442783
"R851",16.1145554
"R851",8.3061075
"R851",26.2490234
"R851",18.1894646
"R853",9.7654448
"R853",11.76542
"R853",5.3670359
"Ames23508",13.2187576
"Ames23508",18.4159241
"Ames23508",16.3743629
"Ames23508",22.7867317
"Ames23508",11.7581711
"Ames23508",6.8927116
"Ames23510",12.5263939
"Ames23510",9.1097794
"Ames23510",12.4349747
"Ames23510",10.6476746
"Ames23510",6.1443901
"Ames23510",7.5292664
"SC1441",6.392067
"SC1441",15.3219986
"SC1441",14.447464
"SC1441",19.3497391
"SC1441",11.9187698
"SC1441",14.8087196
"SC1441",17.9577751
"SC1441",12.3832397
"SC1441",13.944046
"SC6069",15.3927193
"SC6069",20.4764214
"SC6069",18.3814888
"SC6069",11.0973778
"SC6069",13.4615746
"SC6069",14.1399765
"SC6069",6.5528603
"SD176",20.4267197
"SD176",20.00037
"SD176",9.9627228
"SD176",8.8705978
"SD176",11.6533279
"SD176",16.7839737
"SD176",16.6289673
"SD176",20.1421204
"SD176",10.08498
"SD226",15.9607277
"SD226",27.3788891
"SD226",24.6281624
"SD226",21.0562859
"SD226",16.8683891
"SD226",13.5152016
"SD226",10.6691551
"SD226",12.7861786
"SD226",15.3817368
"SD226",9.5256691
"SD245",9.9408302
"SD245",9.9929504
"SD245",15.3224602
"SD277",21.1463852
"SD277",17.9562416
"SD277",17.5626144
"SD277",17.826725
"SD277",15.2112045
"SD277",19.361763
"SD277",18.2085381
"SD277",17.742775
"SD277",17.1143684
"SD469",15.4081116
"SD469",22.1833839
"SD469",13.7559204
"SD469",15.0115013
"SD469",9.9601097
"SD469",19.7568321
"SD469",19.3364677
"SD469",13.1831436
"SD469",19.0795326
"SD592",17.1306725
"SD592",17.6451073
"SD592",16.3365402
"SD592",14.3879776
"SD592",16.5185661
"SD592",23.3054161
"SD592",9.0387001
"SD592",25.1073856
"SD592",15.5590363
"SD789",18.7564278
"SD789",20.8801537
"SD789",21.5148163
"SD789",19.5625992
"SD789",15.2185135
"SD789",14.7607727
"SD789",20.7777023
"SD829",15.6311073
"SD829",21.8012505
"SD829",10.4818878
"SD829",24.7144699
"SD829",14.8045464
"SD829",19.3380203
"SD829",9.4874077
"SD829",16.2519913
"SD829",14.2406998
"SD829",17.4966583
"SD883",17.5975037
"SD883",25.9127731
"SD883",23.6606331
"SD883",21.9641266
"SD883",17.8579369
"SD883",16.3860321
"SD883",20.2687721
"SD883",21.8352966
"SD884",18.364502
"SD884",11.9766083
"SD884",14.182251
"SD884",9.6529999
"SD884",17.5977478
"SD884",14.3479843
"SD884",12.8408012
"SD908",12.3278465
"SD908",17.9776154
"SD908",14.4746933
"SD908",7.2357445
"SD908",15.7760391
"SD908",15.0798111
"SD908",9.5369949
"SD908",5.0047607
"SD908",8.0478172
"SD909",19.3630219
"SD909",20.3437805
"SD909",14.468914
"SD909",22.8214111
"SD909",17.7802925
"SD909",19.519268
"SD909",15.4702911
"SD909",17.2630157
"SD909",18.7651329
"PI358534",17.2388077
"PI358534",18.839962
"PI358534",28.3041916
"PI358534",25.3108501
"PI358534",16.2465248
"PI358534",12.3184776
"PI358534",13.8121643
"PI358534",13.3005333
"PI358534",22.3764954
"PI358536",7.9819107
"PI358536",12.0941315
"PI358536",7.052166
"PI358536",9.9365959
"PI358536",13.4558105
"PI358536",7.0296059
"PI358536",8.9363708
"PI358536",6.6278763
"PI358536",1.7520943
"PI358537",18.7039146
"PI358537",15.3582611
"PI358537",8.6557045
"PI358537",9.41679
"PI358537",15.1849403
"PI358537",11.5727577
"PI358537",7.8860588
"PI358537",11.848011
"PI358538",28.9350834
"PI358538",24.7499084
"PI358538",23.4206047
"PI358538",15.8786659
"PI358538",20.3734627
"PI358539",13.9197845
"PI358539",12.198597
"PI358539",20.0173988
"PI358539",16.8544159
"PI358539",9.9248734
"PI358539",13.7860756
"PI358539",20.2204742
"T625",13.1388283
"T625",6.0425377
"T625",6.2623825
"T625",8.5125313
"T625",7.9192886
"T625",8.7396736
"T625",5.7832413
"T625",19.6581612
"T625",8.1197014
"PI509045",9.017849
"PI509045",9.370369
"PI509045",12.7340736
"PI509045",10.7261353
"PI509045",9.0160828
"PI509045",4.6604462
"PI509045",6.9347343
"PI509045",16.0787888
"V775",14.8717957
"V775",0.9308128
"V775",0.4688072
"V775",NA
"V775",NA
"V775",5.8087196
"V775",NA
"V775",0
"V781",45.3232193
"V781",37.7402039
"V781",17.4398422
"V781",24.2259293
"V781",16.7047882
"VIA5492",10.2771378
"VIA5492",16.0582161
"VIA5492",8.65522
"VIA5492",10.636673
"VIA5492",14.7616348
"VIA5492",15.1621017
"VIA5492",11.5629425
"VIA5492",8.7567177
"Vineland576",12.698288
"Vineland576",13.0954819
"Vineland576",18.2022972
"Vineland576",9.2322578
"Vineland576",17.9381714
"Vineland576",20.9744148
"Vineland576",13.4243431
"Vineland576",8.5741119
"W1736",9.4372787
"W1736",14.9495468
"W1736",12.0549011
"W1736",11.6502151
"W1736",12.6419487
"Ames22053",15.3584671
"Ames22053",14.6064415
"Ames22053",21.7568779
"Ames22053",11.8263397
"Ames22053",6.3603287
"Ames22053",13.4677582
"Ames22053",14.0834694
"Ames22053",14.0923195
"Ames22055",22.5886154
"Ames22055",17.9897995
"Ames22055",30.4249802
"Ames22055",19.0491829
"Ames22055",20.440403
"Ames22055",10.5383186
"Ames22055",17.0100555
"Ames22055",15.9655037
"Ames22055",16.8119278
"Ames22056",19.1733017
"Ames22056",17.6459923
"Ames22056",15.6932564
"Ames22056",24.4873619
"Ames22056",15.4596825
"Ames22056",12.3472443
"Ames22057",11.5960884
"Ames22057",16.6161079
"Ames22057",15.9383583
"Ames22057",12.7807465
"Ames22057",15.7205429
"Ames22057",12.3133926
"Ames22057",10.0490341
"Ames22057",10.23172
"Ames22057",9.3505745
"Ames22057",15.00053975
"Ames22058",15.1783943
"Ames22058",13.172226
"Ames22058",18.8414764
"Ames22058",22.8895798
"Ames22058",10.7801552
"Ames22059",16.1640205
"Ames22059",14.7818871
"Ames22059",19.2496529
"Ames22059",17.6831017
"Ames22059",16.9447327
"Ames22059",11.3443146
"Ames22059",19.8832016
"Ames22059",12.6392021
"Ames22059",13.3319511
"Ames22060",12.6578369
"Ames22060",13.1890488
"Ames22060",14.0329971
"Ames22060",11.6157265
"Ames22060",8.9929848
"Ames22060",16.4479179
"Ames22060",14.4454918
"Ames22060",12.3338165
"Ames22060",14.6728477
"PI587152",34.9554367
"PI587152",30.7813301
"PI587152",14.5391169
"PI587152",26.6366653
"PI587152",34.8205261
"PI587152",27.6442642
"PI587152",19.8170052
"PI587152",4.4963856
"PI587152",20.3797555
"PI587152",36.2620926
"Ames22061",13.5093384
"Ames22061",16.3665276
"Ames22061",14.0302544
"Ames22061",12.8973503
"Ames22061",14.2186584
"Ames22061",15.6327934
"Ames22061",12.8537598
"Ames22062",13.2074509
"Ames22062",12.7854156
"Ames22062",23.118763
"Ames22062",17.0922813
"Ames22062",10.4460106
"Ames22062",18.3700104
"Ames22062",8.9222641
"Ames22062",15.6890945
"W6728",14.1272659
"W6728",12.4087067
"W6728",10.6686401
"W6728",12.3459702
"W6728",16.3036003
"W6728",13.7039757
"W6728",12.0597115
"Ames22065",23.5776978
"Ames22065",16.4503136
"Ames22065",20.626358
"Ames22065",15.0992355
"Ames22065",23.86449815
"Ames22065",21.4615211
"Ames22065",22.6096649
"W6786",12.004631
"W6786",11.0283737
"W6786",17.0295219
"W6786",14.6966057
"W6786",20.8454819
"W6786",17.5780525
"W6786",15.5332832
"W6786",24.5071907
"Ames22067",15.9180336
"Ames22067",11.8415947
"Ames22067",13.2551651
"Ames22067",13.6197929
"Ames22067",11.6762352
"Ames22067",15.578022
"Ames22067",12.069603
"Ames22067",21.87400896
"W822GSE",19.4940491
"W822GSE",24.12355045
"W822GSE",13.5484581
"W822GSE",24.06037905
"W822GSE",8.84766003333333
"W822GSE",21.0805607
"W822GSE",15.5665245
"W822GSE",16.7030411
"W822GSE",25.118248
"W822GSE",22.1000061
"W822GSE",22.5393066
"W822GSE",22.6798401
"W822GSE",19.7449417
"W822GSE",20.6434021
"W822GSE",19.9561691
"W822GSE",23.9250202
"W822GSE",16.5383377
"W85",12.9149752
"W85",36.7786903
"W85",26.1711578
"W85",36.0887985
"W85",18.3611221
"W85",28.5751762
"W85",8.6315641
"W85",2.2085819
"W85",28.2022095
"We01407",5.6594429
"We01407",9.3131294
"We01407",3.8926926
"We01407",10.9441452
"We01407",3.4417763
"We01407",4.5444069
"We01407",16.5209999
"We01407",5.7288971
"We01407",5.2599258
"We02404",4.3901596
"We02404",9.2499084
"We02404",8.2051201
"We02404",7.4005089
"We02404",8.3106842
"We02404",6.9049301
"We02404",7.9357071
"We02404",5.746727
"We02406",14.0145035
"We02406",7.7452621
"We02406",11.0284348
"We02406",7.9675293
"We02406",7.5082741
"We02412",12.2115898
"We02412",6.3562927
"We02412",7.5886002
"We02412",8.2978745
"We02412",10.7606506
"We02412",4.5289116
"We02412",14.6778603
"We03418a",5.6448708
"We03418a",9.4858131
"We03418a",10.923317
"We03418a",13.3971825
"We03418a",6.3796005
"We03418a",5.3161697
"We03418a",2.4542084
"We03418a",7.9700165
"We03418a",3.4657402
"We03418a",3.9493713
"We03418a",4.7538834
"We03418a",5.1836205
"We03418a",3.6255302
"We03418a",3.7066078
"We03418a",9.4799881
"We03418a",6.6702805
"We03418a",8.0966187
"We03418a",0.6978073
"We05401",2.4315338
"We05401",7.0594978
"We05401",0
"We05401",1.3764915
"We05401",2.6914177
"We05401",3.3744507
"We05401",0.3038864
"We05401",5.0259933
"We05401",0.6265411
"We05401",0.5216179
"We05407",8.4945717
"We05407",10.5890007
"We05407",11.0097961
"We05407",11.084938
"We05407",15.4994354
"We05407",4.3543358
"We05407",7.8658142
"We05407",15.8458519
"We05407",9.1234894
"We05407",7.7574692
"We05407",5.6407127
"We05407",4.4630318
"We05407",0.9343605
"We05407",19.7669868
"We05408",2.962326
"We05408",12.7181435
"We05408",3.4702797
"We05408",1.9387627
"We05408",4.6397514
"We05408",NA
"We05408",5.3249626
"We05408",1.8044357
"We05410",12.4120941
"We05410",7.840538
"We05410",7.3970947
"We05410",3.5345345
"We05410",8.4540443
"We05410",6.8545341
"We05410",7.1314545
"We05410",7.7711601
"We05410",3.2597809
"We05410",7.989399
"We05411",12.463192
"We05411",10.0191307
"We05411",9.5097809
"We05411",15.0195885
"We05411",12.6138916
"We05411",7.2829742
"We05411",8.9345474
"We05411",11.0201092
"We05411",12.0341301
"We05411",8.2321815
"We05411",9.2816467
"We06409b",5.1229553
"We06409b",9.1474838
"We06409b",5.2968979
"We06409b",10.2224426
"We06410",4
"We06410",0.3802071
"We06410",7.0286522
"We06410",8.9996796
"We06410",7.4788933
"We06410",8.431942
"We06410",3.369854
"We06410",8.9125977
"We06410",11.2379646
"We06410",8.0399017
"We06410",2.3737679
"We06410",5.229332
"We06410",9.66014226666667
"We06410",6.8539658
"We06410",5.9166451
"We06410",8.8679314
"We06410",12.1938667
"We06410",10.2480507
"We06410",8.13021596666667
"We06410",12.3911896
"We06410",8.2454948
"We08408",20.8906822
"We08408",12.5481033
"We08408",NA
"We08408",16.9439354
"We08408",15.4399643
"We08408",15.2750473
"We08408",8.1106567
"We08408",18.4018288
"We08414a",7.3915291
"We08414a",9.3769836
"We08414a",8.9408531
"We08414a",10.9822731
"We08414a",6.1789207
"We08414a",13.2548141
"We08414a",10.6391945
"We08414a",13.9303627
"We08414a",12.7824478
"We08414a",13.4720535
"We08417a",15.8883553
"We08417a",13.5910912
"We08417a",8.5305367
"We08417a",9.3728561
"We08417a",13.9830551
"We08417a",13.4405479
"We08417a",14.7973213
"We08417a",9.4806786
"We09402",9.3934784
"We09402",6.9686928
"We09402",3.4005966
"We09402",12.4385033
"We09402",9.6103477
"We09402",3.1315079
"We09402",6.9867134
"We09402",6.2905235
"We09402",8.1961212
"We09402",10.3762093
"We09413",7.052002
"We09413",8.48106
"We09413",3.7674141
"We09413",9.6055222
"We09413",10.0576897
"We09413",0.9765549
"We09413",8.9216042
"We09413",7.969986
"We09413",2.1094093
"We09413",1.6858559
"We09425",11.2796783
"We09425",24.5107155
"We09425",14.9191284
"We09425",7.2582626
"We09425",14.8141441
"We09425",17.7419853
"We09425",8.3346901
"We09425",12.2107124
"We09425",9.6940155
"We09425",13.5072403
"We09425",9.5832481
"We09425",5.4415359
"We09425",5.7352943
"We09425",10.0702057
"We09425",8.5748825
"We09425",8.4393463
"We09425",11.9743767
"We09425",7.3564644
"We10401",11.6785126
"We10401",3.5510216
"We10401",10.2024422
"We10401",4.7639046
"We10401",8.8553772
"We10401",10.4396667
"We10401",9.2365608
"We10401",8.1908989
"Wh00033",16.284359
"Wh00033",3.9622402
"Wh00033",20.2717133
"Wh00033",12.8903246
"Wh00033",29.237072
"Wh00033",13.5992899
"Wh00033",17.1616669
"Wh00033",11.64489935
"Wh00033",12.6874151
"Wh00050",22.8907814
"Wh00050",10.9011106
"Wh00050",6.302166
"Wh00050",22.8707275
"Wh00051",6.8417692
"Wh00051",17.69944
"Wh00051",20.293911
"Wh00051",14.965188
"Wh00051",12.3232145
"Wh00051",15.5123358
"Wh00051",27.4390564
"Wh00051",21.6557808
"Wh00051",29.0334511
"Wh00065",21.9131165
"Wh00065",2.2295437
"Wh00065",15.8561621
"Wh00065",10.4581709
"Wh00065",3.7432165
"Wh00065",8.8732948
"Wh00065",10.1931982
"Wh00065",24.3396606
"Wh00065",15.0564146
"Wh00065",5.8097668
"Wh01001",2.7438574
"Wh01001",14.2510004
"Wh01001",9.5477695
"Wh01001",16.7980194
"Wh01001",17.6660843
"Wh01001",14.5214243
"Wh01001",24.8251305
"Wh03031",11.85309265
"Wh03031",16.9481354
"Wh03031",23.9254036
"Wh03031",14.3669634
"Wh03031",11.58126355
"Wh03031",15.5275302
"Wh03031",0
"Wh03031",8.2681398
"Wh03031",9.6701298
"Wh04020a",20.14394
"Wh04020a",14.9636793
"Wh04020a",18.7239799
"Wh04020a",13.0579042
"Wh04020a",12.3145819
"Wh04020a",6.9169559
"Wh04020a",17.8918839
"Wh04036V",15.2701387
"Wh04036V",14.9372149
"Wh04036V",26.4282837
"Wh04036V",24.5600548
"Wh05032a",0
"Wh05032a",26.7739906
"Wh05032a",25.7967606
"Wh05032a",1.4578848
"Wh05032a",0
"Wh05032a",28.6220703
"Wh05051",7.6645489
"Wh05051",26.3621788
"Wh05051",6.1389418
"Wh05051",4.7725201
"Wh05051",23.2194099
"Wh05051",3.650898
"Wh05051",4.6290016
"Wh05066a",12.4314547
"Wh05066a",19.3605843
"Wh05066a",6.5346718
"Wh05066a",23.4734802
"Wh05066a",8.6139107
"Wh05081a",9.3877153
"Wh05081a",16.1923752
"Wh05081a",19.8083839
"Wh05081a",8.596489
"Wh05081a",12.44806
"Wh05081a",25.6174889
"Wh05081a",25.7345276
"Wh05081a",14.4646101
"Wh07013",6.1824398
"Wh07013",12.4685068
"Wh07013",18.2571373
"Wh07013",3.5693779
"Wh07013",21.9879379
"Wh07013",23.9002838
"Wh07013",8.8016233
"Wh07020a",8.6173306
"Wh07020a",12.7093706
"Wh07020a",4.9443407
"Wh07020a",10.7183313
"Wh07020a",12.9881754
"Wh07020a",18.6995583
"Wh07020a",3.9090376
"Wh07020a",24.368885
"Wh07051",21.018177
"Wh07051",20.2870293
"Wh07051",7.9330473
"Wh07051",20.0829697
"Wh07061a",26.4006767
"Wh07061a",21.0201874
"Wh07061a",26.4587936
"Wh07061a",8.2037029
"Wh07165R",21.8788948
"Wh07165R",21.2235451
"Wh07165R",3.1155844
"Wh07165R",2.8290081
"Wh07165R",19.6988869
"Wh07165R",7.8913174
"Wh07165R",10.7943029
"Wh07165R",9.5738792
"Wh07165R",15.2945528
"Wh07166R",19.6046448
"Wh07166R",16.2448082
"Wh07166R",15.1680861
"Wh07166R",22.6228981
"Wh07166R",12.83599
"Wh08022",23.8913651
"Wh08022",25.2951851
"Wh08022",2.8545361
"Wh08022",9.8482523
"Wh08022",6.7201204
"Wh08022",13.8355799
"Wh08022",17.9549408
"Wh08022",12.5853968
"Wh08022",16.0431862
"Wh08022",7.2185078
"Wh08042",16.1970901
"Wh08042",11.3597898
"Wh08042",20.1480026
"Wh08042",3.8713923
"Wh08042",15.8859358
"Wh08042",12.4234476
"Wh08042",25.6289864
"Wh08042",6.2207565
"Wh08091",5.0405693
"Wh08091",20.9081345
"Wh08091",19.484375
"Wh08092",8.722641
"Wh08092",7.9863501
"Wh08092",10.3432798
"Wh08092",17.5702286
"Wh08092",9.2478428
"Wh08115b",10.2776423
"Wh08115b",10.9908247
"Wh08115b",7.8763876
"Wh09009",11.3656931
"Wh09009",8.2380304
"Wh09009",12.1779127
"Wh09009",33.5181923
"Wh09009",12.9361296
"Wh09009",25.0409126
"Wh09009",23.1778488
"Wh09033",12.9609346
"Wh09033",25.5304909
"Wh09033",22.9318066
"Wh09033",12.3923616
"Wh09033",8.118516
"Wh09033",16.1987152
"Wh09033",15.616416
"Wh09033",4.3075705
"Wh09033",8.412323
"Wh09061",12.27876
"Wh09061",10.3085814
"Wh09061",12.9282446
"Wh09061",26.4743652
"Wh09061",22.8271217
"Wh09061",6.4075098
"Wh09061",7.5284176
"Wh09061",16.4522629
"Wh09068",17.6921654
"Wh09068",10.3172884
"Wh09068",25.6554794
"Wh09068",16.4338531
"Wh09068",24.8930664
"Wh09068",22.2038727
"Wh09068",13.4075861
"Wh09068",5.3857565
"Wh09075",8.4285612
"Wh09075",13.8433561
"Wh09075",25.9122124
"Wh09075",9.072072
"Wh09075",13.8062124
"Wh09075",12.9402952
"Wh09083",22.7349854
"Wh09083",21.6786194
"Wh09083",15.021184
"Wh09087",25.8127327
"Wh09087",8.2784948
"Wh09087",11.3272943
"Wh09117R",16.4541931
"Wh09117R",19.1491585
"Wh09117R",0
"Wh09117R",9.5097237
"Wh09126R",18.3792458
"Wh09126R",26.493969
"Wh09126R",9.2792692
"Wh09126R",18.1350632
"Wh09126R",13.0710955
"Wh09126R",8.3880787
"Wh09126R",24.8655052
"Wh09137R",7.0093422
"Wh09137R",8.9368544
"Wh09137R",3.9677706
"Wh09137R",7.6220427
"Wh09137R",16.2471542
"Wh09137R",25.6368942
"Wh09137R",24.5546036
"Wh09141R",26.1030579
"Wh09141R",14.8039198
"Wh09141R",7.0583715
"Wh10006R",27.935276
"Wh10006R",18.6402016
"Wh10006R",13.0161753
"Wh10006R",23.4245911
"Wh10006R",19.1596832
"Wh10034R",4.8936319
"Wh10034R",21.6749916
"Wh10034R",4.1007347
"Wh10034R",22.6148148
"Wh10035R",16.7450714
"Wh10035R",24.8455925
"Wh10035R",15.4702272
"Wh10035R",25.6840401
"Wh10046R",1.2353897
"Wh10046R",1.1443272
"Wh10046R",NA
"Wh10046R",20.8883324
"Wh10049R",3.0927916
"Wh10049R",9.8538427
"Wh10049R",8.7259235
"Wh10049R",20.709919
"Wh10049R",23.4437981
"Wh10049R",11.5887403
"Wh10080",22.8385773
"Wh10080",12.57472035
"Wh10080",13.2561941
"Wh10080",23.768383
"Wh10080",11.8614283
"Wh10080",15.5790052
"Wh10080",23.5217476
"Wh10110R",11.0290022
"Wh10110R",14.715642
"Wh10110R",15.1389475
"Wh10110R",11.5691271
"Wh10110R",15.5715742
"Wh10110R",4.4306412
"Wh10110R",7.1733742
"Wh10113R",20.5919266
"Wh10113R",21.370266
"Wh10113R",15.8069773
"Wh10113R",25.2397728
"Wh10113R",5.725913
"Wh10113R",2.7736769
"Wh10113R",5.5669174
"Wh10113R",8.3794212
"Wh10140R",26.0557137
"Wh10140R",24.8399429
"Wh10140R",6.7478714
"Wh10140R",21.127388
"Wh10140R",12.3478632
"Wh10140R",12.43641
"Wh10163",17.3357658
"Wh10163",7.6317644
"Wh10163",13.3828897
"Wh10173V",20.399868
"Wh10173V",15.4509134
"Wh10173V",15.4605932
"Wh10173V",24.2042427
"Wh10173V",10.9784842
"Wh10173V",11.9007673
"Wh10173V",25.1958656
"Wh10173V",9.1806326
"Wh10173V",16.091114
"Wh10216V",11.0321188
"Wh10216V",20.1551056
"Wh10216V",18.9186172
"Wh10216V",17.5759201
"Wh10216V",26.743
"Wh10216V",11.9170542
"Wh10216V",10.0264673
"Wh10231V",14.2616205
"Wh10231V",21.5819588
"Wh10231V",26.203476
"Wh10231V",14.4298449
"Wh10231V",4.4677572
"Wh10231V",22.3997421
"Wh10802R",19.5596352
"Wh10802R",14.3750944
"Wh10802R",23.026104
"Wh10802R",20.4710732
"Wh10802R",4.4293613
"Wh10804R",18.1942406
"Wh10804R",20.8687477
"Wh10804R",33.9684677
"Wh10804R",12.4539633
"Wh10804R",31.0016403
"Wh10804R",22.7004166
"Wh10804R",25.1898232
"Wh10804R",19.3240395
"Wh1095407_2",3.5961714
"Wh1095407_2",17.3709297
"Wh1095407_2",18.1451874
"Wh1095407_2",7.9324541
"Wh92047",15.8730345
"Wh92047",29.470089
"Wh92047",29.7659798
"Wh92047",25.2857857
"Wh92047",3.1429377
"Wh92047",16.0290909
"Wh92054",14.3157244
"Wh92054",28.0878296
"Wh92054",16.46035
"Wh92054",16.2764168
"Wh92054",4.9859314
"Wh92054",19.9771233
"Wh92054",25.2029724
"Wh9261",11.3183279
"Wh9261",7.9246082
"Wh9261",15.0742655
"Wh9261",13.5130796
"Wh9261",21.1874619
"Wh9261",16.4942703
"Wh9261",25.8510857
"Wh9261",19.7804756
"Wh93006",10.027318
"Wh93006",13.9788027
"Wh93006",12.6335688
"Wh93006",10.7422094
"Wh93016",23.0009079
"Wh93016",18.4007759
"Wh93016",25.0397415
"Wh93016",12.461072
"Wh93016",4.0365524
"Wh93017",20.8387833
"Wh93017",12.7117758
"Wh93017",19.8017235
"Wh93017",15.1433954
"Wh93017",22.9935875
"Wh93017",11.4449472
"Wh93017",7.4658928
"Wh93017",12.2785177
"Wh93017",14.691659
"Wh94053",24.6317368
"Wh94053",26.0256996
"Wh94053",10.9935141
"Wh94053",13.9676046
"Wh94053",3.5530643
"Wh94053",5.7534199
"Wh94053",12.3954039
"Wh94053",11.1784048
"Wh94053",12.0113554
"Wh95016a",28.303978
"Wh95016a",9.6898775
"Wh95016a",9.6590271
"Wh95016a",12.8999033
"Wh95016a",7.6341572
"Wh95016a",13.8835421
"Wh95016a",18.8991776
"Wh96011",25.6695442
"Wh96011",7.3087015
"Wh96011",15.0000925
"Wh96011",4.7777233
"Wh96011",23.7345428
"Wh96011",6.9345694
"Wh96011",7.6154528
"Wh96034",26.01157
"Wh96034",12.6618547
"Wh96034",16.134903
"Wh96034",2.4203539
"Wh96034",20.2495232
"Wh98044",18.2580223
"Wh98044",16.9551697
"Wh98044",7.2327824
"Wh98044",25.4435921
"Wh98044",16.8791733
"Wh98044",12.4127226
"Wh98044",8.6275434
"Wh98063",18.6147346
"Wh98063",13.4778528
"Wh98063",16.7891655
"Wh98063",3.4288435
"Wh98063",29.3645287
"Wh98063",13.3701868
"Wh98063",14.0988474
"Wh98063",28.6722336
"Wu00801",11.4681168
"Wu00801",23.741684
"Wu00801",10.3161736
"Wu00801",12.7945061
"Wu00801",19.6724854
"Wu00801",17.5635147
"Wu00802",9.0633774
"Wu00802",15.5569344
"Wu00802",15.6852722
"Wu00802",13.6723137
"Wu00802",8.895546
"Wu04401",7.093998
"Wu04401",12.9086571
"Wu04401",9.2561646
"Wu04401",8.6608887
"Wu04401",12.0021439
"Wu04806",10.5264091
"Wu04806",12.0247078
"Wu04806",11.0045433
"Wu04806",9.5982666
"Wu04806",9.8754387
"Wu04819",12.6726723
"Wu04819",11.2654457
"Wu04819",12.5822067
"Wu04819",15.2387238
"Wu04819",11.7173195
"Wu04819",11.8282051
"Wu99811",19.5566177
"Wu99811",12.7683563
"Wu99811",9.2467155
"Wu99811",10.5473671
"Wu99811",13.5354576
"Wu99811",13.4295464
"Wu99811",23.30373
"Wu99823",10.2598419
"Wu99823",19.1193428
"Wu99823",8.3335037
"Wu99823",5.9515648
"Wu99823",11.3913966428571
"Wu99823",17.195694
"Wu99823",11.1869545
"Wuh07177i",34.8372231
"Wuh07177i",21.6337128
"Wuh07177i",26.3743248
"Wuh07177i",30.5977478
"Wuh07177i",26.7144661
"Wuh07177i",21.8420391
"Wuh07177i",8.2533865
"Wuh07182i",16.27689695
"Wuh07182i",15.5064292
"Wuh07183i",3.7282524
"Wuh07183i",17.2344475
"Wuh07183i",0
"Wuh07183i",0
"Wuh07183i",31.6487083
"Wuh07183i",33.421299
"Wuh07183i",18.9434776
"Wuh07186i",32.3615494
"Wuh07186i",20.2248993
"Wuh07186i",9.6682167
"Wuh07186i",21.8286037
"Wuh07413i",5.950428
"Wuh07413i",25.0230179
"Wuh07413i",10.8494616
"Wuh07413i",19.3802567
"Wuh07413i",17.4105682
"Wuh07422i",31.0648155
"Wuh07422i",15.9900537
"Wuh07422i",5.5966759
"Wuh07422i",18.4020119
"Wuh07422i",19.5194764
"Wuh07422i",0.7944059
"Wuh07422i",1.6847243
"Wuh07422i",30.708992
"Wuh07422i",20.2280998
"Wuh07429i",2.8482609
"Wuh07429i",10.0817747
"Wuh07429i",21.2502823
"Wuh07429i",27.7875824
"Wuh07466i",27.0746498
"Wuh07466i",30.4194679
"Wuh07466i",2.465414
"Wuh07466i",14.40484285
"Wuh07466i",16.7242656
"Wuh07469i",27.4610481
"Wuh07469i",32.8799171
"Wuh07481i",0
"Wuh07481i",15.0366926
"Wuh07481i",18.1682472
"Wuh07481i",23.8617401
"Wuh07481i",18.2710075
"Wuh07481i",2.6700096
"Wuh07481i",22.5509415
"Wuh08127i",35.751049
"Wuh08127i",34.3781967
"Wuh08127i",24.97280505
"Wuh08127i",15.9713583
"Wuh08127i",11.7558699
"Wuh08127i",26.66714095
"Wuh09093i",12.60624405
"Wuh09093i",24.3994522
"Wuh09093i",12.1022253
"Wuh09093i",18.9263878
"Wuh09093i",5.6938
"Wuh09093i",11.4041433
"Wuh09093i",32.8420639
"Wuh09097i",19.84257125
"Wuh09097i",8.3000154
"Wuh09097i",19.2587204
"Wuh09097i",26.0658646
"Wuh09098i",2.7043962
"Wuh09098i",9.8685708
"Wuh09098i",25.1549644
"Wuh09098i",26.9935875
"Wuh09098i",14.7623491
"Wuh09098i",10.5067549
"Wuh09144i",8.6051025
"Wuh09144i",17.2849259
"Wuh09144i",21.2977066
"Wuh09144i",0
"Wuh09144i",13.3429203
"Wuh09144i",11.9094324
"Wuh09144i",20.6284981
"Wuh09149i",26.9248505
"Wuh09149i",4.8903542
"Wuh09149i",14.4253759
"Wuh09149i",16.7788734
"Wuh09150i",19.52836035
"Wuh09150i",21.8750076
"Wuh09150i",17.4000167666667
"Wuh09150i",26.6079826
"Wuh09150i",17.3886604
"Wuh09150i",23.1628036
"Wuh09150i",NA
"Wuh09153i",9.4862766
"Wuh09153i",19.6118698
"Wuh09153i",13.2264986
"Wuh09153i",31.7808838
"Wuh09164i",13.5130587
"Wuh09164i",4.4202423
"Wuh09164i",18.3532333
"Wuh09164i",28.906826
"Wuh09164i",9.4208517
"Wuh09164i",21.560421
"Wuh09164i",6.88032625
"Wuh09164i",11.18922425
"Wuh09170i",12.0687551
"Wuh09170i",20.3410683
"Wuh09170i",0
"Wuh09170i",17.4007607
"Wuh09170i",28.6447315
"Wuh09174i",3.3264656
"Wuh09174i",9.9827662
"Wuh09174i",23.8698845
"Wuh09174i",31.8421288
"Wuh09174i",26.0830345
"Wuh09174i",31.530077
"Wuh09174i",10.3023748
"Wuh09183i",27.6707916
"Wuh09183i",17.38830185
"Wuh09183i",20.3784409
"Wuh09183i",14.43014525
"Wuh09183i",29.4002571
"Wuh09183i",27.3605118
"Wuh09183i",11.9735851
"Wuh09183i",8.7770472
"Wuh09183i",11.7793093
"Wuh09183i",9.9927626
"Wuh09183i",31.7850571
"Wuh09188i",0.6205444
"Wuh09188i",23.6214638
"Wuh09188i",3.271347
"Wuh09188i",4.4025536
"Wuh09191i",5.1918001
"Wuh09191i",19.270031
"Wuh09191i",18.9933243
"Wuh09191i",3.6461067
"Wuh09191i",9.1720409
"Wuh09191i",20.2986169
"Wuh09191i",11.3597965
"Wuh98032",17.3341331
"Wuh98032",20.9419975
"Wuh98032",3.2842245
"Wuh98032",8.8352356
"Wuh98032",5.412982
"Wuh98032",10.9883795
"Wuh98032",9.1066217
"Wuh98032",21.3609695
"WVG3",21.9979935
"WVG3",13.5737152
"WVG3",20.4854469
"WVG3",9.3694191
"WVG3",15.6616936
