"GenoName","WSP"
"2",18.5930223125
"257A9",4.3482914
"34f",10.2386845142857
"471_U6",18.4619471166667
"83610b",16.94691085
"83612b",15.35135728
"A10579",7.66810437777778
"A15",4.05059597142857
"A632",0.3570372
"A648",2.5273752125
"A7",0.276256566666667
"Ames19288",1.2052286625
"Ames19323",2.354517
"Ames22012",14.2903722111111
"Ames22013",18.88199921
"Ames22014",10.46026458
"Ames22015",13.07709656
"Ames22017",18.12707674
"Ames22018",12.9955999090909
"Ames22019",14.1210183
"Ames22020",19.2543073285714
"Ames22021",8.19708042727273
"Ames22022",9.89222335
"Ames22024",14.16290855
"Ames22025",17.19841195
"Ames22026",17.539945575
"Ames22027",19.0067007857143
"Ames22028",17.33075102
"Ames22029",15.6526193625
"Ames22032",15.7228919111111
"Ames22034",15.17396241
"Ames22035",14.9399194625
"Ames22036",13.8576621833333
"Ames22037",12.7003773142857
"Ames22038",12.39329376
"Ames22040",11.2585623571429
"Ames22041",13.2328834375
"Ames22043",11.3007888833333
"Ames22044",16.7284130555556
"Ames22045",12.92720985
"Ames22048",14.6382808625
"Ames22049",16.8598810888889
"Ames22053",19.3463315875
"Ames22055",12.4745347777778
"Ames22056",16.1195449666667
"Ames22057",18.32160224
"Ames22058",14.49861604
"Ames22059",13.8565131444444
"Ames22060",20.1962805888889
"Ames22061",17.6917452142857
"Ames22062",17.593612675
"Ames22065",11.5667669928571
"Ames22067",17.3949680375
"Ames23507",16.5274233142857
"Ames23508",18.50203706
"Ames23510",18.4116757666667
"Ames26812",9.91460165
"Ames26813",14.0628934428571
"Ames26815",19.2760772714286
"Ames27118",13.1275547428571
"Ames27119",12.7158834181818
"Ames27444",22.858987
"Ames27445",9.60803767142857
"Ames27447",17.5945850727273
"AS11",16.0264947
"B5765",17.1929111375
"B5870",12.1077160222222
"B73",0.957015176190476
"C15",10.1095657
"C2",17.1942710666667
"C23_su",16.6693106777778
"C27red",14.7796391285714
"C4",4.4311037
"C5_NT",9.44283105
"C65",16.6578123222222
"C68",16.7915289571429
"C68Rx_552_63",17.806288725
"C6A",17.3409099625
"C81",9.67884316666667
"C8w",11.6818542
"CI540",1.996283525
"DF14",1.48540845
"EP58",19.049242025
"EP60",17.3932673
"EP61",13.07344055
"EP62",15.9596023333333
"EP82",15.7961108
"EP83",16.91457137
"EP84",1.46092346
"EP85",1.4370104
"Fa32B",2.01903361666667
"G8",10.6722971666667
"GMBAB",16.4054441375
"I45",18.533031835
"I817",8.50557707777778
"Ia2256",14.74840545
"Ia2730",3.81617355
"Ia4189",17.4716941
"Ia45_1",10.930213925
"Ia45_2",16.7373459
"Ia453",18.6981141107143
"Ia5220",21.46170806
"Ia5261",19.688062275
"Ia59",13.7056627375
"IaEV3002",15.4216047095238
"IaEV3015",18.03985597
"If825",0.747808988888889
"If853",10.15227795
"IL103a",15.1009244875
"IL104g",16.3572141888889
"IL110K",6.67734528
"IL112t",16.2083711625
"IL1171",19.4962768555556
"IL11D",14.37014721875
"IL124a",17.5246836333333
"IL125b",16.79821905
"IL14b",12.5049184166667
"IL14C",14.7374334375
"IL18b",19.5154666875
"IL200e",21.3586015625
"IL21f",18.1448300666667
"IL279AxRp1d",6.80764263333333
"IL27a",7.12295786666667
"IL303b",13.4570264875
"IL318a",21.3022689666667
"IL31a",16.4267479857143
"IL323a",15.73325233
"IL325a",16.1938432857143
"IL328a",16.2639274625
"IL354a",17.3368708111111
"IL366a",14.51766812
"IL368a",20.48966725
"IL369b",4.66056672
"IL370a",15.0257481285714
"IL393a",16.26564695
"IL395a",18.2409846166667
"IL430a",17.2374638
"IL437a",13.5292366777778
"IL442a",17.31483002
"IL44b",21.7846307625
"IL451b",11.0014699333333
"IL453b",19.561782
"IL454a",15.8623188428571
"IL465a",13.5388063571429
"IL47A",12.9137010625
"IL515a",8.69971574285714
"IL543c",20.2201647142857
"IL545",17.1010033857143
"IL557a",16.4354561666667
"IL607a",18.2709579428571
"IL611a",18.9619999083333
"IL615a",13.5134887833333
"IL618b",19.5009918
"IL648",20.763668075
"IL661a",21.6422206285714
"IL671a",14.2954902666667
"IL673a",13.9826927333333
"IL676a",12.021861075
"IL678a",19.6987791125
"IL689a",19.6497929777778
"IL692c",11.9937973125
"IL696a",17.169001
"IL699e",17.562347425
"IL7",18.97802274
"IL701e",15.0227909
"IL707a",19.0658633
"IL713a",12.1018338857143
"IL729a",16.6477928
"IL733a",13.8725346285714
"IL744a",16.6973291833333
"IL747b",17.0281627764706
"IL751a",9.6421566
"IL761a",17.37439729
"IL764b",19.382665
"IL765a",20.176775625
"IL766a",17.78801308
"IL772a",13.90603639
"IL773a",7.88265866666667
"IL775a",10.36053466
"IL776a",14.4233049714286
"IL777a",18.2971886555556
"IL778c",21.0704803625
"IL788a",17.06839371
"IL789b",7.60197703333333
"IL791a",22.0756416
"IL793a",9.3586311375
"IL794a",13.09926985
"IL795a",21.5102949125
"IL796a",13.5147466875
"IL797a",20.71061556
"IL798c",15.68980102
"IL799b",17.9400473777778
"IL801a",12.13379795
"IL802b_Ht2",19.5650889
"IL803a",13.1244735625
"IL804a",23.37379965
"IL86e",11.9877764333333
"IL91j",17.3936538857143
"ILB5765",16.6283798285714
"ILB5870",15.5831163111111
"ILB6011",12.836368
"Jubileeex9017",15.7928619
"LUTHERHILL",20.4637263909091
"M5",21.359978675
"M6388",1.1608522
"M6415",2.39466438
"M6421",1.71647524
"M822",17.1062250125
"Ma2402",14.17746048
"Ma401",8.89038139285714
"Ma5125",18.4030609285714
"Ma609",7.3049698
"Ma83608",12.2717988666667
"MDM_1",18.05226058
"MDM_12",14.8287985714286
"MDM_15",13.4915139142857
"MDM_16",8.06683053888889
"MDM_17",11.58430241875
"MDM_18",10.0434254142857
"MDM_19",17.9401601166667
"MDM_2",17.2877054125
"MDM_20",3.89136506666667
"MDM_21",17.5175922857143
"MDM_23",17.982593525
"MDM_5",12.47149811
"MDM_6",15.549736
"MDM_8",12.510141375
"MDM_9",14.0401077333333
"Me121_wb",10.778353675
"Me2",12.5865593
"Me2rt",11.6545457875
"MR10",1.67613291428571
"ND1",1.54297747857143
"NJ159",9.23964405
"NJ618",12.6037717571429
"NJ7Y",21.7048187333333
"NSL42805",0.765174075
"NSL42806",0.864067525
"NSL8581",22.94122695
"NSL8582",17.3844626142857
"NSL8583",16.609581
"OLCOTT",19.4981905666667
"P14",14.4860195555556
"P35",19.31640625
"P39",17.0949354836538
"P39_New",16.4589939125
"P39_x_Rp1d",19.1173546636364
"P39b",15.846859
"P39Le_253_60",16.3258285444444
"P39LE_261_61",17.0215225375
"P39M94",11.092553125
"P51xRp1d",17.234514225
"PI358527",17.3980116363636
"PI358531",8.54349212
"PI358534",13.2838668777778
"PI358536",19.9398066222222
"PI358537",18.0626001375
"PI358538",14.05752866
"PI358539",15.9540950285714
"PI506411",2.64511042
"PI509045",10.0497627125
"PI550492",18.1938900333333
"PI558532",1.65883528
"PI567792",8.65557575
"PI567793",11.26417398125
"PI567794",12.4616012666667
"PI587126",14.2302080791667
"PI587134",14.10617142
"PI587135",9.8234895125
"PI587152",1.30819522
"PI644099",1.18902545
"R851",1.2318015
"R853",0
"SC1441",4.31390296666667
"SC6069",6.18262698571429
"SD176",13.6747118722222
"SD226",9.66386339
"SD245",14.5986938666667
"SD277",11.6181708444444
"SD469",15.7112181111111
"SD592",18.2459640444444
"SD789",15.6747883285714
"SD829",15.40913695
"SD883",15.515959725
"SD884",17.5994774857143
"SD908",23.7126888777778
"SD909",16.1010640444444
"T625",8.98632051111111
"V775",10.9873180375
"V781",10.85682832
"VIA5492",19.3755998625
"Vineland576",17.594099025
"W1736",21.26656342
"W6728",20.3111485
"W6786",17.0110635625
"W822GSE",10.8341799545455
"W85",1.58699962222222
"We01407",13.1688342555556
"We02404",14.0601414285714
"We02406",14.8325241
"We02412",10.9564786571429
"We03418a",9.50281015
"We05401",15.24167175
"We05407",9.749527925
"We05408",15.781972875
"We05410",12.17018051
"We05411",14.4078553
"We06409b",16.9394684
"We06410",14.513426775
"We08408",9.173542325
"We08414a",18.1350647
"We08417a",18.004382125
"We09402",14.18517075
"We09413",17.35445861
"We09425",17.1086627
"We10401",17.1135082375
"Wh00033",0.19474175
"Wh00050",0.0621126666666667
"Wh00051",0.209833225
"Wh00065",0.183355244444444
"Wh01001",1.03538874285714
"Wh03031",0.919669266666667
"Wh04020a",0.4938441
"Wh04036V",0
"Wh05032a",0.921444933333333
"Wh05051",0.777118128571429
"Wh05066a",0
"Wh05081a",1.13690773333333
"Wh07013",0.04400716
"Wh07020a",0.7356773625
"Wh07051",0
"Wh07061a",0
"Wh07165R",0.103112528571429
"Wh07166R",0
"Wh08022",1.01980753
"Wh08042",1.1728284375
"Wh08091",0.9743298
"Wh08092",0.85145172
"Wh08115b",2.87487346666667
"Wh09009",0.707528266666667
"Wh09033",0.960055422222222
"Wh09061",0.6762092125
"Wh09068",0
"Wh09075",0.78558572
"Wh09083",0.471837266666667
"Wh09087",0.2900504
"Wh09117R",2.4452196
"Wh09126R",0.77006615
"Wh09137R",0.731843271428571
"Wh09141R",0.0357988
"Wh10006R",0.538686666666667
"Wh10034R",1.807289475
"Wh10035R",0.905603166666667
"Wh10046R",0.887468633333333
"Wh10049R",1.11882628333333
"Wh10080",0.0940720166666667
"Wh10110R",0.5218859
"Wh10113R",0.29666425
"Wh10140R",0.18961964
"Wh10163",0.002511
"Wh10173V",0.125650342857143
"Wh10216V",0.01318326
"Wh10231V",0.345849766666667
"Wh10802R",0.61936094
"Wh10804R",0.5425598
"Wh1095407_2",0.9687183
"Wh92047",1.1167394
"Wh92054",0.03031058
"Wh9261",1.1424621
"Wh93006",0.647389475
"Wh93016",1.00889968
"Wh93017",0.62590218
"Wh94053",0.1597858125
"Wh95016a",1.47711331428571
"Wh96011",1.151927
"Wh96034",0.23155966
"Wh98044",0.0476048833333333
"Wh98063",0.6626580375
"Wu00801",12.3460451666667
"Wu00802",16.44625244
"Wu04401",17.95811612
"Wu04806",18.2118988
"Wu04819",16.1376381
"Wu99811",15.6189215571429
"Wu99823",15.7034665959184
"Wuh07177i",0.06641415
"Wuh07182i",0
"Wuh07183i",1.2996785
"Wuh07186i",1.7349425
"Wuh07413i",1.67802077
"Wuh07422i",3.31275025
"Wuh07429i",1.883679025
"Wuh07466i",0.777824233333333
"Wuh07469i",0.1879233
"Wuh07481i",3.746696
"Wuh08127i",0.17706132
"Wuh09093i",0.0911003571428571
"Wuh09097i",0
"Wuh09098i",0.15499735
"Wuh09144i",3.65444407
"Wuh09149i",1.390176675
"Wuh09150i",0.91432018
"Wuh09153i",0.9722995
"Wuh09164i",0.74990126875
"Wuh09170i",1.22256088
"Wuh09174i",3.68299866
"Wuh09183i",0.903389909090909
"Wuh09188i",7.18723215
"Wuh09191i",0.953140528571429
"Wuh98032",0.455707857142857
"WVG3",18.09437104
